timestamp,open,high,low,close,volume
2026-05-12 22:00:00+00:00,4713.905,4722.138,4701.436,4716.435,0.885
2026-05-12 23:00:00+00:00,4716.478,4723.755,4714.915,4716.695,1.915
2026-05-13 00:00:00+00:00,4716.905,4726.618,4713.895,4714.385,1.647
2026-05-13 01:00:00+00:00,4714.415,4717.015,4700.845,4702.265,2.059
2026-05-13 02:00:00+00:00,4702.265,4707.425,4687.198,4691.645,2.356
2026-05-13 03:00:00+00:00,4691.775,4705.675,4688.695,4695.755,1.89
2026-05-13 04:00:00+00:00,4695.765,4703.235,4695.285,4699.335,1.408
2026-05-13 05:00:00+00:00,4699.335,4707.085,4693.275,4703.985,2.077
2026-05-13 06:00:00+00:00,4703.955,4715.155,4698.998,4701.585,1.629
2026-05-13 07:00:00+00:00,4701.655,4708.675,4696.585,4702.565,1.727
2026-05-13 08:00:00+00:00,4702.495,4704.015,4694.225,4700.535,1.811
2026-05-13 09:00:00+00:00,4700.555,4701.665,4685.755,4700.745,1.892
2026-05-13 10:00:00+00:00,4700.745,4710.295,4693.555,4693.975,1.715
2026-05-13 11:00:00+00:00,4693.935,4705.325,4691.355,4697.265,1.784
2026-05-13 12:00:00+00:00,4696.995,4701.285,4675.295,4683.635,3.353
2026-05-13 13:00:00+00:00,4683.385,4694.555,4669.415,4679.165,3.809
2026-05-13 14:00:00+00:00,4679.155,4690.808,4672.635,4679.625,3.742
2026-05-13 15:00:00+00:00,4679.625,4699.965,4678.785,4695.365,2.763
2026-05-13 16:00:00+00:00,4695.365,4709.635,4694.865,4695.515,2.58
2026-05-13 17:00:00+00:00,4695.605,4701.095,4684.295,4685.375,2.137
2026-05-13 18:00:00+00:00,4685.375,4693.895,4677.425,4684.725,1.967
2026-05-13 19:00:00+00:00,4684.805,4690.425,4683.155,4688.025,1.708
2026-05-13 20:00:00+00:00,4687.965,4693.315,4685.835,4688.605,0.62
2026-05-13 22:00:00+00:00,4689.298,4700.295,4688.708,4699.625,0.608
2026-05-13 23:00:00+00:00,4699.618,4701.855,4693.065,4696.415,0.543
2026-05-14 00:00:00+00:00,4696.395,4706.485,4689.225,4704.735,1.496
2026-05-14 01:00:00+00:00,4704.765,4706.865,4683.315,4688.665,3.171
2026-05-14 02:00:00+00:00,4688.685,4699.365,4679.555,4686.025,2.452
2026-05-14 03:00:00+00:00,4686.135,4693.055,4673.665,4674.645,2.263
2026-05-14 04:00:00+00:00,4674.695,4712.438,4668.165,4702.015,2.011
2026-05-14 05:00:00+00:00,4702.075,4703.815,4688.625,4689.405,2.122
2026-05-14 06:00:00+00:00,4689.178,4702.345,4686.028,4699.865,2.384
2026-05-14 07:00:00+00:00,4699.715,4718.568,4690.595,4692.995,2.349
2026-05-14 08:00:00+00:00,4692.935,4706.445,4691.935,4693.115,2.149
2026-05-14 09:00:00+00:00,4693.225,4702.535,4688.335,4699.405,1.681
2026-05-14 10:00:00+00:00,4699.455,4705.245,4691.015,4696.785,1.771
2026-05-14 11:00:00+00:00,4696.845,4704.625,4688.908,4694.165,1.666
2026-05-14 12:00:00+00:00,4693.518,4709.748,4691.998,4704.628,2.517
2026-05-14 13:00:00+00:00,4704.535,4707.408,4665.975,4679.285,5.501
2026-05-14 14:00:00+00:00,4679.225,4700.648,4677.315,4679.175,5.68
2026-05-14 15:00:00+00:00,4679.205,4689.085,4676.775,4685.585,3.108
2026-05-14 16:00:00+00:00,4685.438,4686.638,4669.955,4678.175,2.743
2026-05-14 17:00:00+00:00,4678.325,4682.678,4676.135,4677.898,2.384
2026-05-14 18:00:00+00:00,4677.998,4678.018,4666.558,4671.395,1.773
2026-05-14 19:00:00+00:00,4671.575,4671.595,4652.675,4653.818,3.015
2026-05-14 20:00:00+00:00,4653.838,4656.738,4643.965,4648.895,1.605
2026-05-14 22:00:00+00:00,4650.795,4662.615,4645.925,4661.948,0.895
2026-05-14 23:00:00+00:00,4661.775,4665.145,4646.628,4651.975,1.341
2026-05-15 00:00:00+00:00,4651.935,4658.125,4613.225,4629.758,2.635
2026-05-15 01:00:00+00:00,4629.995,4631.115,4607.025,4613.805,3.991
2026-05-15 02:00:00+00:00,4614.055,4623.255,4609.115,4617.875,3.133
2026-05-15 03:00:00+00:00,4617.875,4622.185,4607.215,4615.245,2.373
2026-05-15 04:00:00+00:00,4615.295,4621.465,4604.125,4605.615,1.962
2026-05-15 05:00:00+00:00,4606.025,4606.305,4558.425,4558.425,3.461
2026-05-15 06:00:00+00:00,4558.445,4580.345,4556.245,4569.555,3.127
2026-05-15 07:00:00+00:00,4569.785,4588.575,4565.755,4570.685,2.911
2026-05-15 08:00:00+00:00,4570.575,4571.895,4549.845,4554.375,3.301
2026-05-15 09:00:00+00:00,4554.375,4563.685,4531.705,4545.715,3.26
2026-05-15 10:00:00+00:00,4545.735,4572.485,4543.965,4565.855,3.293
2026-05-15 11:00:00+00:00,4565.825,4570.035,4549.715,4551.855,2.718
2026-05-15 12:00:00+00:00,4551.885,4558.625,4543.515,4545.655,3.453
2026-05-15 13:00:00+00:00,4545.635,4557.505,4511.215,4533.285,4.68
2026-05-15 14:00:00+00:00,4533.285,4566.495,4525.155,4562.615,4.928
2026-05-15 15:00:00+00:00,4562.625,4563.555,4533.625,4539.755,4.251
2026-05-15 16:00:00+00:00,4539.765,4548.015,4529.255,4544.335,3.116
2026-05-15 17:00:00+00:00,4544.335,4564.325,4543.195,4559.445,2.706
2026-05-15 18:00:00+00:00,4559.485,4562.985,4552.235,4559.115,2.483
2026-05-15 19:00:00+00:00,4559.115,4559.965,4544.705,4545.585,2.32
2026-05-15 20:00:00+00:00,4545.665,4546.155,4532.915,4538.898,1.231
2026-05-17 22:00:00+00:00,4531.698,4554.575,4526.498,4545.688,1.435
2026-05-17 23:00:00+00:00,4545.698,4547.588,4531.775,4536.795,1.77
2026-05-18 00:00:00+00:00,4536.825,4542.315,4480.065,4515.715,3.087
2026-05-18 01:00:00+00:00,4514.525,4535.265,4489.235,4525.225,4.194
2026-05-18 02:00:00+00:00,4525.165,4542.545,4521.765,4533.405,2.819
2026-05-18 03:00:00+00:00,4533.295,4547.855,4525.005,4540.985,2.84
2026-05-18 04:00:00+00:00,4540.935,4549.675,4529.845,4540.445,2.489
2026-05-18 05:00:00+00:00,4540.515,4551.705,4529.625,4530.655,2.664
2026-05-18 06:00:00+00:00,4530.665,4547.865,4529.425,4546.635,2.556
2026-05-18 07:00:00+00:00,4546.565,4559.575,4538.155,4546.175,2.862
2026-05-18 08:00:00+00:00,4546.175,4556.825,4542.138,4549.745,2.353
2026-05-18 09:00:00+00:00,4549.555,4551.745,4539.935,4542.735,1.944
2026-05-18 10:00:00+00:00,4542.755,4547.545,4531.955,4540.025,2.025
2026-05-18 11:00:00+00:00,4540.035,4566.858,4529.815,4550.455,3.141
2026-05-18 12:00:00+00:00,4550.665,4574.875,4544.965,4571.015,3.59
2026-05-18 13:00:00+00:00,4571.065,4584.015,4561.665,4575.485,4.731
2026-05-18 14:00:00+00:00,4575.505,4575.505,4537.435,4546.385,4.75
2026-05-18 15:00:00+00:00,4546.365,4547.835,4531.575,4543.385,4.075
2026-05-18 16:00:00+00:00,4543.405,4554.395,4533.825,4549.955,3.212
2026-05-18 17:00:00+00:00,4549.918,4558.045,4545.515,4546.865,2.332
2026-05-18 18:00:00+00:00,4546.885,4547.655,4534.015,4535.545,2.305
2026-05-18 19:00:00+00:00,4535.515,4564.735,4535.035,4558.305,3.624
2026-05-18 20:00:00+00:00,4558.825,4566.575,4557.655,4566.325,0.742
2026-05-18 22:00:00+00:00,4566.825,4578.245,4566.025,4573.348,0.594
2026-05-18 23:00:00+00:00,4573.288,4588.825,4573.255,4581.615,1.219
2026-05-19 00:00:00+00:00,4582.005,4589.295,4561.225,4563.165,1.816
2026-05-19 01:00:00+00:00,4563.18,4572.075,4553.995,4563.565,2.448
2026-05-19 02:00:00+00:00,4563.595,4563.595,4545.715,4546.875,2.144
2026-05-19 03:00:00+00:00,4546.975,4555.015,4543.325,4544.985,1.523
2026-05-19 04:00:00+00:00,4545.005,4545.545,4537.675,4542.205,1.348
2026-05-19 05:00:00+00:00,4542.275,4546.275,4530.745,4540.615,2.217
2026-05-19 06:00:00+00:00,4540.675,4553.665,4533.405,4547.785,2.23
2026-05-19 07:00:00+00:00,4547.775,4559.115,4541.155,4556.975,2.418
2026-05-19 08:00:00+00:00,4557.285,4559.055,4535.995,4542.505,2.138
2026-05-19 09:00:00+00:00,4542.435,4546.655,4535.965,4541.585,2.259
2026-05-19 10:00:00+00:00,4541.605,4544.605,4525.225,4544.605,2.15
2026-05-19 11:00:00+00:00,4544.515,4547.775,4529.675,4530.535,2.15
2026-05-19 12:00:00+00:00,4530.405,4547.025,4527.028,4536.935,2.611
2026-05-19 13:00:00+00:00,4536.955,4537.235,4464.615,4503.595,4.862
2026-05-19 14:00:00+00:00,4503.088,4513.905,4484.305,4493.905,5.033
2026-05-19 15:00:00+00:00,4493.925,4509.105,4489.535,4508.275,3.968
2026-05-19 16:00:00+00:00,4508.275,4512.375,4495.965,4507.535,2.499
2026-05-19 17:00:00+00:00,4507.615,4510.965,4498.935,4500.668,2.089
2026-05-19 18:00:00+00:00,4500.668,4503.575,4490.005,4493.465,2.311
2026-05-19 19:00:00+00:00,4493.375,4497.595,4481.105,4483.275,2.449
2026-05-19 20:00:00+00:00,4483.255,4488.055,4480.765,4481.825,0.831
2026-05-19 22:00:00+00:00,4481.998,4485.685,4476.985,4483.885,0.639
2026-05-19 23:00:00+00:00,4483.795,4496.095,4479.455,4489.055,0.868
2026-05-20 00:00:00+00:00,4489.075,4508.745,4479.425,4500.645,2.458
2026-05-20 01:00:00+00:00,4500.615,4505.905,4455.625,4481.265,3.809
2026-05-20 02:00:00+00:00,4481.565,4486.905,4458.255,4465.065,3.29
2026-05-20 03:00:00+00:00,4465.105,4467.055,4453.145,4463.355,2.387
2026-05-20 04:00:00+00:00,4463.365,4470.395,4456.345,4461.825,1.735
2026-05-20 05:00:00+00:00,4461.665,4478.965,4461.375,4472.458,2.453
2026-05-20 06:00:00+00:00,4472.515,4478.265,4461.185,4474.015,2.997
2026-05-20 07:00:00+00:00,4473.975,4485.765,4471.628,4478.405,2.686
2026-05-20 08:00:00+00:00,4478.375,4490.105,4476.518,4484.005,2.543
2026-05-20 09:00:00+00:00,4483.965,4490.975,4472.475,4484.715,2.156
2026-05-20 10:00:00+00:00,4484.715,4496.745,4484.365,4494.445,1.749
2026-05-20 11:00:00+00:00,4494.445,4500.895,4490.715,4498.975,2.065
2026-05-20 12:00:00+00:00,4498.925,4505.205,4492.815,4495.955,2.371
2026-05-20 13:00:00+00:00,4495.965,4505.975,4481.828,4482.875,4.215
2026-05-20 14:00:00+00:00,4482.865,4537.025,4466.868,4531.025,5.065
2026-05-20 15:00:00+00:00,4531.145,4552.585,4522.975,4528.978,4.229
2026-05-20 16:00:00+00:00,4528.978,4535.455,4523.935,4534.265,2.371
2026-05-20 17:00:00+00:00,4534.275,4538.245,4529.675,4530.748,1.834
2026-05-20 18:00:00+00:00,4530.648,4544.848,4529.045,4542.178,1.618
2026-05-20 19:00:00+00:00,4542.025,4549.998,4541.365,4545.535,1.42
2026-05-20 20:00:00+00:00,4545.475,4550.315,4541.675,4543.705,1.121
2026-05-20 22:00:00+00:00,4542.695,4548.365,4534.935,4539.398,1.155
2026-05-20 23:00:00+00:00,4539.325,4546.805,4534.265,4546.198,1.021
2026-05-21 00:00:00+00:00,4546.198,4553.065,4537.085,4544.955,1.725
2026-05-21 01:00:00+00:00,4544.935,4570.725,4539.705,4560.695,2.644
2026-05-21 02:00:00+00:00,4560.725,4564.565,4531.345,4532.885,2.275
2026-05-21 03:00:00+00:00,4532.865,4540.025,4527.045,4527.985,1.533
2026-05-21 04:00:00+00:00,4527.985,4540.405,4527.045,4538.275,0.948
2026-05-21 05:00:00+00:00,4538.295,4540.365,4518.185,4527.795,2.222
2026-05-21 06:00:00+00:00,4527.765,4539.675,4518.695,4521.375,2.182
2026-05-21 07:00:00+00:00,4521.435,4524.325,4511.818,4519.418,1.665
2026-05-21 08:00:00+00:00,4519.425,4536.665,4518.105,4532.335,2.871
2026-05-21 09:00:00+00:00,4532.335,4542.625,4527.615,4530.475,2.318
2026-05-21 10:00:00+00:00,4530.495,4535.315,4504.695,4511.415,3.412
2026-05-21 11:00:00+00:00,4511.415,4521.165,4507.955,4513.905,2.847
2026-05-21 12:00:00+00:00,4513.905,4519.135,4501.815,4503.955,3.285
2026-05-21 13:00:00+00:00,4503.925,4520.995,4488.335,4513.055,4.494
2026-05-21 14:00:00+00:00,4513.075,4515.225,4498.005,4508.665,5.243
2026-05-21 15:00:00+00:00,4508.625,4515.245,4496.555,4511.705,4.175
2026-05-21 16:00:00+00:00,4511.735,4520.805,4511.735,4519.315,2.904
2026-05-21 17:00:00+00:00,4519.395,4559.005,4514.008,4551.305,4.288
2026-05-21 18:00:00+00:00,4551.365,4555.925,4527.265,4531.765,3.844
2026-05-21 19:00:00+00:00,4531.935,4543.645,4529.488,4542.925,2.8
2026-05-21 20:00:00+00:00,4542.905,4544.575,4539.575,4542.115,0.719
2026-05-21 22:00:00+00:00,4544.058,4545.755,4539.375,4542.875,0.434
2026-05-21 23:00:00+00:00,4542.835,4544.595,4532.115,4535.205,0.752
2026-05-22 00:00:00+00:00,4535.305,4540.925,4525.228,4526.348,1.839
2026-05-22 01:00:00+00:00,4526.348,4536.125,4520.815,4526.135,2.147
2026-05-22 02:00:00+00:00,4526.115,4529.305,4518.195,4522.895,1.706
2026-05-22 03:00:00+00:00,4522.945,4529.895,4518.838,4529.255,1.357
2026-05-22 04:00:00+00:00,4529.365,4532.885,4525.265,4526.925,0.954
2026-05-22 05:00:00+00:00,4526.905,4534.065,4506.978,4511.005,1.87
2026-05-22 06:00:00+00:00,4511.145,4528.625,4509.625,4526.425,2.76
2026-05-22 07:00:00+00:00,4526.465,4527.295,4515.975,4521.678,2.154
2026-05-22 08:00:00+00:00,4522.115,4530.995,4516.715,4521.695,2.313
2026-05-22 09:00:00+00:00,4521.715,4535.785,4514.498,4531.915,1.984
2026-05-22 10:00:00+00:00,4532.055,4536.605,4509.995,4514.465,1.909
2026-05-22 11:00:00+00:00,4514.215,4524.905,4511.295,4520.485,1.894
2026-05-22 12:00:00+00:00,4520.335,4535.935,4514.825,4528.025,3.064
2026-05-22 13:00:00+00:00,4528.711,4534.255,4510.175,4513.245,3.851
2026-05-22 14:00:00+00:00,4513.285,4513.285,4491.605,4500.365,4.143
2026-05-22 15:00:00+00:00,4500.445,4522.085,4500.115,4519.895,2.945
2026-05-22 16:00:00+00:00,4519.785,4526.605,4512.135,4514.795,2.245
2026-05-22 17:00:00+00:00,4514.885,4527.698,4512.915,4519.015,2.791
2026-05-22 18:00:00+00:00,4519.095,4520.185,4511.605,4515.065,1.826
2026-05-22 19:00:00+00:00,4515.015,4515.715,4504.208,4508.018,1.817
2026-05-22 20:00:00+00:00,4508.035,4510.345,4503.698,4508.395,0.758
2026-05-24 22:00:00+00:00,4535.098,4565.535,4532.885,4564.948,2.198
2026-05-24 23:00:00+00:00,4564.948,4579.995,4564.485,4566.735,2.674
2026-05-25 00:00:00+00:00,4566.765,4579.285,4565.905,4569.238,1.681
2026-05-25 01:00:00+00:00,4569.238,4576.135,4560.105,4562.625,2.389
2026-05-25 02:00:00+00:00,4562.555,4569.995,4558.525,4561.175,1.461
2026-05-25 03:00:00+00:00,4561.235,4564.205,4556.4,4559.518,1.307
2026-05-25 04:00:00+00:00,4559.518,4565.625,4559.128,4564.785,0.879
2026-05-25 05:00:00+00:00,4564.715,4566.055,4551.598,4553.145,1.177
2026-05-25 06:00:00+00:00,4553.185,4563.155,4550.315,4562.315,1.254
2026-05-25 07:00:00+00:00,4562.355,4565.095,4552.245,4564.525,1.356
2026-05-25 08:00:00+00:00,4564.535,4564.898,4553.205,4555.948,1.064
2026-05-25 09:00:00+00:00,4555.825,4568.975,4554.665,4567.398,0.836
2026-05-25 10:00:00+00:00,4567.455,4573.585,4567.435,4568.415,0.698
2026-05-25 11:00:00+00:00,4568.665,4576.865,4567.395,4569.215,0.66
2026-05-25 12:00:00+00:00,4569.188,4570.115,4552.738,4567.445,1.295
2026-05-25 13:00:00+00:00,4567.415,4571.285,4559.855,4562.918,1.401
2026-05-25 14:00:00+00:00,4562.785,4570.435,4562.115,4566.615,1.068
2026-05-25 15:00:00+00:00,4566.615,4574.638,4565.468,4570.715,1.011
2026-05-25 16:00:00+00:00,4570.725,4574.445,4567.828,4573.305,0.575
2026-05-25 17:00:00+00:00,4573.145,4577.845,4563.055,4564.795,0.506
2026-05-25 18:00:00+00:00,4564.815,4571.415,4564.055,4569.675,0.177
2026-05-25 22:00:00+00:00,4568.898,4576.425,4568.898,4574.638,0.626
2026-05-25 23:00:00+00:00,4574.405,4580.225,4554.835,4559.425,1.142
2026-05-26 00:00:00+00:00,4559.555,4559.895,4539.135,4549.365,1.918
2026-05-26 01:00:00+00:00,4549.395,4550.075,4527.395,4536.785,2.961
2026-05-26 02:00:00+00:00,4536.675,4539.435,4529.805,4532.105,1.742
2026-05-26 03:00:00+00:00,4532.115,4545.315,4531.855,4542.245,1.269
2026-05-26 04:00:00+00:00,4542.245,4543.095,4523.245,4525.275,1.158
2026-05-26 05:00:00+00:00,4525.185,4535.025,4522.735,4527.045,1.961
2026-05-26 06:00:00+00:00,4527.025,4536.025,4526.815,4530.775,1.996
2026-05-26 07:00:00+00:00,4530.805,4538.955,4521.485,4538.095,2.476
2026-05-26 08:00:00+00:00,4538.095,4538.868,4519.815,4523.625,2.02
2026-05-26 09:00:00+00:00,4523.625,4526.305,4512.058,4522.615,2.112
2026-05-26 10:00:00+00:00,4522.635,4540.375,4519.408,4534.245,2.24
2026-05-26 11:00:00+00:00,4534.245,4536.125,4503.495,4507.095,2.482
2026-05-26 12:00:00+00:00,4507.035,4523.525,4500.475,4520.078,2.795
2026-05-26 13:00:00+00:00,4520.078,4531.155,4512.025,4514.045,3.426
2026-05-26 14:00:00+00:00,4514.175,4524.935,4507.625,4515.185,3.166
2026-05-26 15:00:00+00:00,4515.175,4515.425,4502.135,4506.225,2.951
2026-05-26 16:00:00+00:00,4506.275,4511.138,4499.505,4504.715,1.99
2026-05-26 17:00:00+00:00,4504.705,4507.485,4489.685,4490.905,1.716
2026-05-26 18:00:00+00:00,4490.925,4499.505,4482.365,4499.165,1.73
2026-05-26 19:00:00+00:00,4499.165,4509.698,4497.565,4508.735,1.326
2026-05-26 20:00:00+00:00,4508.695,4510.365,4503.755,4505.065,0.583
2026-05-26 22:00:00+00:00,4535.898,4537.698,4492.498,4510.535,1.176
2026-05-26 23:00:00+00:00,4510.535,4527.555,4504.165,4519.335,1.119
2026-05-27 00:00:00+00:00,4519.228,4525.645,4513.755,4514.895,1.353
2026-05-27 01:00:00+00:00,4514.875,4520.815,4506.675,4507.765,1.856
2026-05-27 02:00:00+00:00,4507.795,4509.335,4497.725,4505.625,1.387
2026-05-27 03:00:00+00:00,4505.655,4511.705,4496.355,4496.785,1.115
2026-05-27 04:00:00+00:00,4496.815,4517.005,4495.495,4509.915,1.119
2026-05-27 05:00:00+00:00,4509.965,4513.578,4491.355,4497.225,3.171
2026-05-27 06:00:00+00:00,4497.185,4498.865,4479.395,4484.895,2.876
2026-05-27 07:00:00+00:00,4485.445,4489.075,4475.605,4481.825,1.748
2026-05-27 08:00:00+00:00,4481.885,4498.645,4481.598,4497.745,1.811
2026-05-27 09:00:00+00:00,4497.745,4497.745,4486.845,4489.995,1.328
2026-05-27 10:00:00+00:00,4489.948,4490.435,4442.425,4445.775,2.366
2026-05-27 11:00:00+00:00,4445.775,4453.165,4424.755,4428.485,2.837
2026-05-27 12:00:00+00:00,4428.455,4466.315,4427.345,4438.765,3.581
2026-05-27 13:00:00+00:00,4438.735,4438.975,4401.325,4427.335,4.74
2026-05-27 14:00:00+00:00,4427.325,4455.248,4425.785,4433.815,4.195
2026-05-27 15:00:00+00:00,4433.785,4441.295,4427.875,4436.405,2.975
2026-05-27 16:00:00+00:00,4436.335,4453.115,4434.005,4450.638,1.885
2026-05-27 17:00:00+00:00,4450.675,4454.185,4441.315,4450.145,1.917
2026-05-27 18:00:00+00:00,4450.165,4458.135,4447.455,4454.168,1.159
2026-05-27 19:00:00+00:00,4454.168,4454.715,4448.565,4450.675,1.252
2026-05-27 20:00:00+00:00,4450.655,4458.688,4449.845,4451.875,0.592
2026-05-27 22:00:00+00:00,4454.915,4465.495,4454.915,4457.088,0.462
2026-05-27 23:00:00+00:00,4457.088,4457.345,4443.535,4446.975,0.917
2026-05-28 00:00:00+00:00,4446.955,4457.585,4443.338,4456.678,1.588
2026-05-28 01:00:00+00:00,4456.665,4458.355,4406.578,4409.668,3.402
2026-05-28 02:00:00+00:00,4409.668,4412.195,4392.195,4394.128,3.118
2026-05-28 03:00:00+00:00,4394.128,4397.525,4368.115,4374.515,2.952
2026-05-28 04:00:00+00:00,4374.495,4381.645,4366.048,4372.745,2.094
2026-05-28 05:00:00+00:00,4372.745,4395.548,4366.785,4387.745,2.454
2026-05-28 06:00:00+00:00,4387.798,4390.298,4373.685,4383.178,2.209
2026-05-28 07:00:00+00:00,4383.325,4395.955,4382.575,4387.255,1.842
2026-05-28 08:00:00+00:00,4387.238,4394.675,4385.615,4386.665,1.069
2026-05-28 09:00:00+00:00,4386.588,4398.845,4386.185,4393.405,1.275
2026-05-28 10:00:00+00:00,4393.435,4403.765,4374.678,4382.775,1.545
2026-05-28 11:00:00+00:00,4382.775,4390.505,4380.705,4387.745,1.345
2026-05-28 12:00:00+00:00,4387.855,4433.458,4379.375,4431.848,2.127
2026-05-28 13:00:00+00:00,4432.115,4438.895,4417.995,4429.995,3.074
2026-05-28 14:00:00+00:00,4429.775,4480.135,4420.525,4469.078,4.741
2026-05-28 15:00:00+00:00,4469.525,4484.995,4468.385,4481.938,3.083
2026-05-28 16:00:00+00:00,4482.005,4510.708,4477.255,4510.675,3.098
2026-05-28 17:00:00+00:00,4510.765,4514.205,4501.028,4508.738,2.495
2026-05-28 18:00:00+00:00,4508.738,4516.318,4498.258,4500.758,2.293
2026-05-28 19:00:00+00:00,4500.758,4503.498,4496.985,4497.788,1.524
2026-05-28 20:00:00+00:00,4497.588,4500.398,4494.505,4495.605,1.0
2026-05-28 22:00:00+00:00,4494.685,4499.265,4490.608,4490.638,0.756
2026-05-28 23:00:00+00:00,4490.595,4496.658,4488.685,4494.735,0.974
2026-05-29 00:00:00+00:00,4494.795,4500.375,4491.695,4495.935,1.735
2026-05-29 01:00:00+00:00,4495.905,4520.445,4491.995,4506.355,2.383
2026-05-29 02:00:00+00:00,4506.385,4511.015,4498.135,4501.525,1.492
2026-05-29 03:00:00+00:00,4501.415,4501.695,4494.535,4501.085,1.429
2026-05-29 04:00:00+00:00,4501.065,4514.675,4500.885,4513.905,1.138
2026-05-29 05:00:00+00:00,4513.845,4515.775,4502.435,4514.745,1.392
2026-05-29 06:00:00+00:00,4514.745,4524.045,4509.675,4523.515,1.539
2026-05-29 07:00:00+00:00,4523.465,4526.235,4510.585,4524.565,1.497
2026-05-29 08:00:00+00:00,4524.525,4524.635,4509.675,4514.705,1.388
2026-05-29 09:00:00+00:00,4514.735,4539.325,4513.085,4530.995,1.548
2026-05-29 10:00:00+00:00,4530.788,4543.025,4525.338,4538.435,1.358
2026-05-29 11:00:00+00:00,4538.268,4540.315,4525.585,4538.225,1.486
2026-05-29 12:00:00+00:00,4538.375,4538.415,4512.515,4522.825,1.987
2026-05-29 13:00:00+00:00,4522.935,4540.645,4516.865,4536.685,2.543
2026-05-29 14:00:00+00:00,4536.765,4570.335,4525.015,4563.995,3.723
2026-05-29 15:00:00+00:00,4563.845,4594.665,4556.485,4570.745,2.481
2026-05-29 16:00:00+00:00,4570.765,4573.095,4559.425,4566.575,1.222
2026-05-29 17:00:00+00:00,4566.845,4568.135,4551.085,4553.035,1.016
2026-05-29 18:00:00+00:00,4552.825,4561.245,4549.585,4552.965,0.823
2026-05-29 19:00:00+00:00,4552.825,4559.875,4542.265,4544.095,0.798
2026-05-29 20:00:00+00:00,4544.865,4548.645,4536.775,4537.498,0.486
2026-05-31 22:00:00+00:00,4519.755,4540.195,4517.555,4534.765,1.157
2026-05-31 23:00:00+00:00,4534.838,4545.485,4534.618,4539.335,1.388
2026-06-01 00:00:00+00:00,4539.295,4545.695,4534.998,4540.495,1.347
2026-06-01 01:00:00+00:00,4540.295,4541.185,4523.515,4525.255,2.005
2026-06-01 02:00:00+00:00,4525.155,4534.355,4520.925,4521.195,1.589
2026-06-01 03:00:00+00:00,4521.225,4525.385,4509.615,4516.145,1.286
2026-06-01 04:00:00+00:00,4516.105,4519.525,4508.395,4514.145,0.911
2026-06-01 05:00:00+00:00,4514.185,4525.055,4512.365,4517.915,1.445
2026-06-01 06:00:00+00:00,4517.905,4518.435,4500.095,4501.505,1.962
2026-06-01 07:00:00+00:00,4501.285,4509.815,4492.195,4502.935,1.364
2026-06-01 08:00:00+00:00,4502.915,4504.345,4490.178,4497.855,1.147
2026-06-01 09:00:00+00:00,4497.705,4506.175,4488.965,4495.805,1.245
2026-06-01 10:00:00+00:00,4495.795,4510.785,4495.795,4503.785,1.12
2026-06-01 11:00:00+00:00,4503.775,4512.785,4499.605,4505.635,1.341
2026-06-01 12:00:00+00:00,4505.635,4510.325,4497.225,4501.945,1.673
2026-06-01 13:00:00+00:00,4502.365,4503.765,4448.105,4449.635,3.937
2026-06-01 14:00:00+00:00,4447.905,4464.675,4447.515,4458.635,3.001
2026-06-01 15:00:00+00:00,4458.645,4479.655,4455.325,4474.045,2.321
2026-06-01 16:00:00+00:00,4473.925,4481.955,4462.755,4479.875,1.766
2026-06-01 17:00:00+00:00,4479.885,4495.385,4471.205,4487.305,2.114
2026-06-01 18:00:00+00:00,4487.375,4489.995,4484.665,4486.465,1.026
2026-06-01 19:00:00+00:00,4486.405,4488.005,4478.885,4480.955,1.353
2026-06-01 20:00:00+00:00,4480.965,4485.575,4479.978,4484.515,0.567
2026-06-01 22:00:00+00:00,4487.098,4487.895,4479.415,4485.388,0.566
2026-06-01 23:00:00+00:00,4484.948,4488.065,4479.065,4484.265,0.592
2026-06-02 00:00:00+00:00,4484.455,4497.025,4476.455,4481.248,1.568
2026-06-02 01:00:00+00:00,4481.065,4492.145,4462.658,4473.575,2.484
2026-06-02 02:00:00+00:00,4473.618,4486.235,4471.688,4485.685,1.695
2026-06-02 03:00:00+00:00,4485.645,4499.335,4485.388,4499.115,1.41
2026-06-02 04:00:00+00:00,4499.115,4518.025,4497.635,4517.185,1.186
2026-06-02 05:00:00+00:00,4517.135,4527.975,4514.975,4516.828,1.804
2026-06-02 06:00:00+00:00,4516.835,4538.285,4516.755,4535.465,1.528
2026-06-02 07:00:00+00:00,4535.485,4541.385,4527.705,4534.835,1.279
2026-06-02 08:00:00+00:00,4534.808,4538.898,4525.755,4526.518,1.161
2026-06-02 09:00:00+00:00,4526.585,4535.535,4521.075,4529.585,1.375
2026-06-02 10:00:00+00:00,4529.695,4533.825,4524.455,4532.995,0.86
2026-06-02 11:00:00+00:00,4533.035,4534.515,4525.455,4527.425,0.914
2026-06-02 12:00:00+00:00,4527.735,4534.035,4513.285,4514.455,1.462
2026-06-02 13:00:00+00:00,4514.405,4524.725,4502.095,4502.095,2.798
2026-06-02 14:00:00+00:00,4502.285,4506.795,4490.105,4503.885,2.497
2026-06-02 15:00:00+00:00,4503.945,4508.395,4499.915,4501.865,1.961
2026-06-02 16:00:00+00:00,4502.075,4502.825,4486.125,4491.705,1.645
2026-06-02 17:00:00+00:00,4491.705,4492.875,4481.885,4484.455,1.517
2026-06-02 18:00:00+00:00,4484.565,4490.865,4478.535,4487.165,1.213
2026-06-02 19:00:00+00:00,4487.195,4490.065,4483.115,4487.885,1.111
2026-06-02 20:00:00+00:00,4487.885,4490.875,4486.075,4488.865,0.453
2026-06-02 22:00:00+00:00,4489.978,4492.855,4483.755,4484.418,0.793
2026-06-02 23:00:00+00:00,4484.518,4488.555,4461.905,4474.125,1.612
2026-06-03 00:00:00+00:00,4474.095,4496.515,4473.495,4485.855,1.334
2026-06-03 01:00:00+00:00,4485.835,4487.385,4462.978,4475.565,2.341
2026-06-03 02:00:00+00:00,4475.675,4484.915,4472.555,4481.655,1.538
2026-06-03 03:00:00+00:00,4481.538,4487.375,4481.535,4484.215,1.046
2026-06-03 04:00:00+00:00,4484.205,4488.035,4467.995,4469.245,0.862
2026-06-03 05:00:00+00:00,4469.245,4473.915,4456.298,4456.728,1.663
2026-06-03 06:00:00+00:00,4456.728,4470.705,4455.025,4462.755,1.633
2026-06-03 07:00:00+00:00,4462.695,4472.035,4452.595,4453.165,1.563
2026-06-03 08:00:00+00:00,4453.275,4458.995,4440.015,4443.905,1.525
2026-06-03 09:00:00+00:00,4443.865,4458.775,4438.735,4442.955,1.497
2026-06-03 10:00:00+00:00,4442.955,4467.055,4440.795,4458.755,1.603
2026-06-03 11:00:00+00:00,4458.935,4467.905,4458.328,4462.125,1.273
2026-06-03 12:00:00+00:00,4462.265,4466.965,4448.025,4460.155,1.883
2026-06-03 13:00:00+00:00,4460.035,4465.745,4426.195,4445.825,2.817
2026-06-03 14:00:00+00:00,4445.715,4459.435,4442.095,4456.985,2.68
2026-06-03 15:00:00+00:00,4456.925,4458.145,4436.495,4441.975,2.568
2026-06-03 16:00:00+00:00,4441.925,4443.695,4433.545,4441.695,2.663
2026-06-03 17:00:00+00:00,4441.665,4448.265,4435.235,4438.685,2.099
2026-06-03 18:00:00+00:00,4438.665,4442.675,4434.735,4441.805,1.819
2026-06-03 19:00:00+00:00,4441.825,4451.995,4441.125,4443.655,2.082
2026-06-03 20:00:00+00:00,4443.638,4445.075,4430.215,4434.475,1.099
2026-06-03 22:00:00+00:00,4437.698,4452.915,4423.685,4448.548,1.185
2026-06-03 23:00:00+00:00,4448.558,4464.475,4444.675,4457.105,1.631
2026-06-04 00:00:00+00:00,4457.215,4465.165,4443.775,4448.105,2.092
2026-06-04 01:00:00+00:00,4448.165,4473.395,4442.945,4465.368,2.734
2026-06-04 02:00:00+00:00,4465.395,4476.405,4455.265,4474.625,2.74
2026-06-04 03:00:00+00:00,4474.475,4476.895,4457.905,4463.575,2.232
2026-06-04 04:00:00+00:00,4463.575,4483.845,4462.125,4480.875,1.211
2026-06-04 05:00:00+00:00,4480.855,4482.265,4466.595,4469.125,1.698
2026-06-04 06:00:00+00:00,4469.125,4477.035,4462.665,4467.545,1.836
2026-06-04 07:00:00+00:00,4467.925,4470.665,4459.375,4461.555,1.302
2026-06-04 08:00:00+00:00,4461.475,4469.345,4458.415,4463.205,1.604
2026-06-04 09:00:00+00:00,4463.165,4475.525,4460.795,4470.155,1.696
2026-06-04 10:00:00+00:00,4470.185,4473.655,4464.045,4473.495,1.329
2026-06-04 11:00:00+00:00,4473.505,4514.535,4468.395,4511.185,2.396
2026-06-04 12:00:00+00:00,4511.185,4513.575,4490.915,4503.965,2.334
2026-06-04 13:00:00+00:00,4503.875,4515.175,4495.175,4495.555,3.059
2026-06-04 14:00:00+00:00,4495.625,4499.745,4457.045,4465.665,3.58
2026-06-04 15:00:00+00:00,4465.795,4478.985,4463.455,4477.235,2.358
2026-06-04 16:00:00+00:00,4477.205,4485.005,4475.205,4482.565,1.715
2026-06-04 17:00:00+00:00,4482.565,4482.565,4473.835,4477.935,1.372
2026-06-04 18:00:00+00:00,4477.975,4480.955,4472.605,4477.925,1.124
2026-06-04 19:00:00+00:00,4477.925,4483.315,4475.995,4480.715,1.284
2026-06-04 20:00:00+00:00,4480.715,4481.515,4474.205,4474.315,0.574
2026-06-04 22:00:00+00:00,4474.098,4481.315,4468.488,4469.278,0.987
2026-06-04 23:00:00+00:00,4468.995,4473.915,4460.325,4461.375,1.312
2026-06-05 00:00:00+00:00,4461.405,4466.645,4450.495,4458.855,2.025
2026-06-05 01:00:00+00:00,4458.875,4469.745,4443.905,4446.655,2.87
2026-06-05 02:00:00+00:00,4446.655,4454.915,4438.165,4440.355,2.341
2026-06-05 03:00:00+00:00,4440.355,4443.775,4434.975,4442.185,1.714
2026-06-05 04:00:00+00:00,4442.205,4446.395,4437.395,4444.795,1.217
2026-06-05 05:00:00+00:00,4444.855,4449.875,4438.445,4439.715,1.887
2026-06-05 06:00:00+00:00,4439.665,4455.965,4428.335,4452.595,2.393
2026-06-05 07:00:00+00:00,4452.635,4467.195,4451.605,4460.735,1.796
2026-06-05 08:00:00+00:00,4460.685,4467.935,4458.575,4462.595,1.601
2026-06-05 09:00:00+00:00,4462.515,4469.265,4458.808,4464.725,1.68
2026-06-05 10:00:00+00:00,4464.725,4467.875,4461.625,4466.505,1.062
2026-06-05 11:00:00+00:00,4466.295,4475.085,4458.175,4469.995,1.397
2026-06-05 12:00:00+00:00,4470.035,4475.645,4404.675,4406.075,2.663
2026-06-05 13:00:00+00:00,4406.355,4420.975,4364.938,4365.218,4.103
2026-06-05 14:00:00+00:00,4365.435,4379.155,4344.405,4369.535,4.647
2026-06-05 15:00:00+00:00,4369.535,4372.475,4333.735,4335.195,3.57
2026-06-05 16:00:00+00:00,4335.185,4344.915,4322.955,4344.455,3.769
2026-06-05 17:00:00+00:00,4344.775,4347.145,4335.575,4341.595,3.279
2026-06-05 18:00:00+00:00,4341.595,4341.915,4315.115,4322.155,3.307
2026-06-05 19:00:00+00:00,4322.195,4324.975,4313.635,4318.505,3.193
2026-06-05 20:00:00+00:00,4318.275,4330.585,4311.498,4326.705,1.976
2026-06-07 22:00:00+00:00,4326.898,4335.475,4309.688,4316.698,1.992
2026-06-07 23:00:00+00:00,4316.715,4346.925,4316.685,4343.755,1.973
2026-06-08 00:00:00+00:00,4343.835,4353.085,4339.465,4341.975,2.255
2026-06-08 01:00:00+00:00,4341.945,4345.595,4299.798,4325.445,3.702
2026-06-08 02:00:00+00:00,4325.585,4330.495,4307.205,4310.375,2.883
2026-06-08 03:00:00+00:00,4310.325,4317.045,4303.405,4316.775,1.875
2026-06-08 04:00:00+00:00,4316.965,4321.565,4307.375,4312.425,1.661
2026-06-08 05:00:00+00:00,4312.455,4315.965,4268.125,4291.675,3.016
2026-06-08 06:00:00+00:00,4291.675,4311.115,4291.675,4299.905,2.429
2026-06-08 07:00:00+00:00,4299.825,4316.805,4294.215,4294.345,2.23
2026-06-08 08:00:00+00:00,4294.285,4297.065,4285.155,4288.585,2.138
2026-06-08 09:00:00+00:00,4288.545,4301.805,4272.645,4294.135,2.005
2026-06-08 10:00:00+00:00,4294.405,4305.575,4285.835,4301.865,1.785
2026-06-08 11:00:00+00:00,4301.805,4333.145,4296.985,4331.145,2.362
2026-06-08 12:00:00+00:00,4330.948,4339.175,4319.995,4333.015,2.327
2026-06-08 13:00:00+00:00,4333.045,4346.615,4321.168,4326.815,3.691
2026-06-08 14:00:00+00:00,4326.785,4331.225,4314.805,4330.895,3.811
2026-06-08 15:00:00+00:00,4330.875,4345.515,4322.325,4341.565,3.035
2026-06-08 16:00:00+00:00,4341.585,4346.205,4337.725,4340.465,2.448
2026-06-08 17:00:00+00:00,4340.515,4342.285,4331.785,4338.895,2.498
2026-06-08 18:00:00+00:00,4338.935,4345.755,4332.845,4334.495,2.106
2026-06-08 19:00:00+00:00,4334.495,4337.965,4323.078,4326.475,2.387
2026-06-08 20:00:00+00:00,4326.455,4330.148,4324.355,4326.175,0.648
2026-06-08 22:00:00+00:00,4329.898,4332.375,4322.628,4327.588,0.537
2026-06-08 23:00:00+00:00,4327.588,4328.505,4312.595,4317.615,0.94
2026-06-09 00:00:00+00:00,4317.575,4323.565,4314.748,4319.645,2.016
2026-06-09 01:00:00+00:00,4319.585,4338.635,4318.265,4336.355,2.463
2026-06-09 02:00:00+00:00,4336.335,4340.845,4327.868,4335.835,1.845
2026-06-09 03:00:00+00:00,4335.755,4342.065,4331.075,4336.425,1.637
2026-06-09 04:00:00+00:00,4335.945,4339.068,4324.005,4332.075,1.235
2026-06-09 05:00:00+00:00,4332.095,4351.075,4330.645,4343.165,1.975
2026-06-09 06:00:00+00:00,4343.185,4348.635,4330.025,4330.405,1.687
2026-06-09 07:00:00+00:00,4330.375,4334.585,4322.055,4326.415,1.764
2026-06-09 08:00:00+00:00,4326.485,4336.765,4320.875,4326.415,1.527
2026-06-09 09:00:00+00:00,4326.455,4336.115,4323.865,4332.055,1.331
2026-06-09 10:00:00+00:00,4332.035,4340.645,4324.755,4339.015,1.345
2026-06-09 11:00:00+00:00,4338.925,4343.705,4335.445,4339.665,1.195
2026-06-09 12:00:00+00:00,4339.685,4344.305,4334.685,4341.225,1.725
2026-06-09 13:00:00+00:00,4341.245,4363.205,4324.985,4328.655,3.26
2026-06-09 14:00:00+00:00,4328.445,4335.765,4278.435,4300.285,5.148
2026-06-09 15:00:00+00:00,4300.285,4301.795,4262.865,4272.015,4.721
2026-06-09 16:00:00+00:00,4272.035,4280.855,4236.245,4251.905,5.792
2026-06-09 17:00:00+00:00,4251.815,4267.798,4250.925,4262.815,10.378
2026-06-09 18:00:00+00:00,4263.055,4274.095,4259.305,4269.735,2.865
2026-06-09 19:00:00+00:00,4269.875,4271.525,4249.715,4258.378,3.212
2026-06-09 20:00:00+00:00,4258.625,4261.945,4255.475,4260.635,0.886
2026-06-09 22:00:00+00:00,4252.015,4257.085,4232.185,4236.738,1.495
2026-06-09 23:00:00+00:00,4236.465,4246.858,4210.115,4221.805,2.063
2026-06-10 00:00:00+00:00,4221.805,4228.105,4198.705,4217.975,2.506
2026-06-10 01:00:00+00:00,4217.955,4218.545,4183.545,4188.525,3.095
2026-06-10 02:00:00+00:00,4188.575,4192.295,4173.058,4173.775,2.638
2026-06-10 03:00:00+00:00,4173.735,4186.195,4172.548,4184.625,2.087
2026-06-10 04:00:00+00:00,4184.625,4186.995,4172.135,4174.485,1.72
2026-06-10 05:00:00+00:00,4174.525,4208.825,4173.045,4204.885,2.425
2026-06-10 06:00:00+00:00,4204.915,4221.558,4201.428,4203.775,2.008
2026-06-10 07:00:00+00:00,4203.525,4207.875,4181.345,4185.885,2.1
2026-06-10 08:00:00+00:00,4185.865,4187.235,4161.205,4168.865,2.776
2026-06-10 09:00:00+00:00,4168.905,4179.335,4162.885,4168.545,2.365
2026-06-10 10:00:00+00:00,4168.545,4178.645,4155.435,4174.435,2.032
2026-06-10 11:00:00+00:00,4174.415,4175.895,4145.665,4147.505,3.106
2026-06-10 12:00:00+00:00,4147.535,4173.561,4130.345,4146.675,3.723
2026-06-10 13:00:00+00:00,4147.225,4186.125,4132.678,4179.455,3.888
2026-06-10 14:00:00+00:00,4179.475,4180.635,4117.588,4124.755,3.942
2026-06-10 15:00:00+00:00,4124.745,4136.815,4106.595,4128.715,4.111
2026-06-10 16:00:00+00:00,4128.675,4135.115,4115.685,4121.765,3.335
2026-06-10 17:00:00+00:00,4121.795,4134.805,4100.535,4111.485,3.233
2026-06-10 18:00:00+00:00,4111.615,4120.325,4096.848,4101.335,2.695
2026-06-10 19:00:00+00:00,4101.475,4101.885,4081.405,4082.505,3.479
2026-06-10 20:00:00+00:00,4082.405,4082.945,4066.945,4071.955,1.482
2026-06-10 22:00:00+00:00,4068.698,4072.505,4035.715,4045.748,1.803
2026-06-10 23:00:00+00:00,4045.685,4064.555,4023.585,4046.855,2.253
2026-06-11 00:00:00+00:00,4047.105,4077.745,4035.848,4075.545,3.045
2026-06-11 01:00:00+00:00,4075.495,4117.895,4065.975,4101.655,3.653
2026-06-11 02:00:00+00:00,4101.765,4102.395,4052.005,4067.535,3.434
2026-06-11 03:00:00+00:00,4067.465,4078.255,4056.655,4072.485,2.64
2026-06-11 04:00:00+00:00,4072.535,4085.595,4069.725,4082.255,2.045
2026-06-11 05:00:00+00:00,4082.365,4106.045,4072.278,4093.915,2.65
2026-06-11 06:00:00+00:00,4093.895,4097.365,4075.975,4094.195,2.349
2026-06-11 07:00:00+00:00,4094.525,4110.405,4091.465,4104.775,2.054
2026-06-11 08:00:00+00:00,4104.805,4112.485,4084.208,4084.208,1.954
2026-06-11 09:00:00+00:00,4084.245,4096.235,4077.295,4091.585,1.659
2026-06-11 10:00:00+00:00,4091.535,4094.495,4086.375,4089.825,1.377
2026-06-11 11:00:00+00:00,4089.805,4095.715,4079.635,4080.135,1.923
2026-06-11 12:00:00+00:00,4079.975,4086.965,4057.325,4081.815,3.051
2026-06-11 13:00:00+00:00,4081.715,4092.415,4066.795,4083.005,4.017
2026-06-11 14:00:00+00:00,4083.185,4085.255,4052.465,4073.355,4.593
2026-06-11 15:00:00+00:00,4073.235,4095.305,4070.225,4088.585,3.838
2026-06-11 16:00:00+00:00,4088.715,4107.455,4077.895,4080.095,2.742
2026-06-11 17:00:00+00:00,4080.085,4169.695,4071.445,4151.745,3.633
2026-06-11 18:00:00+00:00,4151.815,4171.455,4131.108,4161.525,3.871
2026-06-11 19:00:00+00:00,4161.615,4219.845,4161.615,4208.458,4.109
2026-06-11 20:00:00+00:00,4208.508,4218.278,4207.905,4212.005,3.637
2026-06-11 22:00:00+00:00,4211.498,4246.415,4204.995,4242.838,1.344
2026-06-11 23:00:00+00:00,4242.525,4245.498,4213.865,4219.625,1.861
2026-06-12 00:00:00+00:00,4219.558,4230.205,4200.355,4208.285,2.368
2026-06-12 01:00:00+00:00,4208.225,4211.051,4171.188,4186.495,3.03
2026-06-12 02:00:00+00:00,4186.318,4199.805,4182.485,4191.365,1.927
2026-06-12 03:00:00+00:00,4191.295,4204.815,4189.385,4196.885,1.792
2026-06-12 04:00:00+00:00,4196.935,4200.815,4189.345,4189.725,1.167
2026-06-12 05:00:00+00:00,4189.715,4192.825,4170.575,4173.135,2.508
2026-06-12 06:00:00+00:00,4173.065,4185.315,4172.035,4183.875,2.045
2026-06-12 07:00:00+00:00,4183.845,4194.295,4169.955,4194.295,1.798
2026-06-12 08:00:00+00:00,4194.315,4225.825,4191.745,4219.395,2.56
2026-06-12 09:00:00+00:00,4219.445,4227.725,4217.105,4221.635,1.76
2026-06-12 10:00:00+00:00,4221.525,4225.435,4202.575,4210.695,1.558
2026-06-12 11:00:00+00:00,4211.181,4215.235,4197.325,4206.725,1.405
2026-06-12 12:00:00+00:00,4206.845,4215.205,4188.375,4191.555,1.971
2026-06-12 13:00:00+00:00,4191.445,4210.125,4182.675,4185.905,3.314
2026-06-12 14:00:00+00:00,4185.935,4208.365,4176.945,4203.805,4.081
2026-06-12 15:00:00+00:00,4203.885,4235.298,4200.065,4211.675,3.294
2026-06-12 16:00:00+00:00,4211.685,4232.735,4207.925,4215.755,2.735
2026-06-12 17:00:00+00:00,4215.665,4226.165,4213.575,4221.065,2.296
2026-06-12 18:00:00+00:00,4221.165,4235.148,4213.815,4215.378,3.565
2026-06-12 19:00:00+00:00,4215.428,4219.028,4201.535,4210.425,2.423
2026-06-12 20:00:00+00:00,4210.435,4218.998,4209.285,4217.765,0.909
2026-06-14 22:00:00+00:00,4273.098,4308.255,4259.585,4285.038,1.724
2026-06-14 23:00:00+00:00,4285.038,4295.025,4280.885,4293.865,1.642
2026-06-15 00:00:00+00:00,4293.835,4308.105,4291.355,4292.325,1.589
2026-06-15 01:00:00+00:00,4292.355,4319.315,4285.185,4316.465,2.348
2026-06-15 02:00:00+00:00,4316.435,4335.425,4315.765,4329.445,1.519
2026-06-15 03:00:00+00:00,4329.435,4330.975,4320.878,4324.625,1.04
2026-06-15 04:00:00+00:00,4324.675,4330.015,4320.565,4328.225,0.757
2026-06-15 05:00:00+00:00,4328.255,4332.655,4307.215,4309.755,1.367
2026-06-15 06:00:00+00:00,4309.825,4313.165,4300.645,4307.985,1.467
2026-06-15 07:00:00+00:00,4308.245,4325.255,4305.125,4323.195,1.432
2026-06-15 08:00:00+00:00,4323.105,4345.285,4321.675,4333.995,1.61
2026-06-15 09:00:00+00:00,4334.025,4343.075,4334.025,4336.475,1.36
2026-06-15 10:00:00+00:00,4336.475,4341.295,4335.055,4337.935,0.978
2026-06-15 11:00:00+00:00,4338.055,4347.345,4331.575,4335.095,1.355
2026-06-15 12:00:00+00:00,4335.095,4349.175,4324.515,4348.855,1.765
2026-06-15 13:00:00+00:00,4348.805,4368.595,4341.065,4355.165,2.83
2026-06-15 14:00:00+00:00,4355.135,4369.485,4353.728,4356.515,2.836
2026-06-15 15:00:00+00:00,4356.495,4360.655,4349.345,4356.115,2.036
2026-06-15 16:00:00+00:00,4356.175,4358.545,4334.385,4339.095,1.7
2026-06-15 17:00:00+00:00,4339.015,4339.015,4320.175,4324.535,2.212
2026-06-15 18:00:00+00:00,4324.538,4327.855,4317.865,4325.455,1.846
2026-06-15 19:00:00+00:00,4325.485,4326.475,4316.365,4320.525,1.631
2026-06-15 20:00:00+00:00,4320.545,4321.855,4306.305,4309.315,0.606
2026-06-15 22:00:00+00:00,4308.898,4315.135,4305.755,4311.458,0.47
2026-06-15 23:00:00+00:00,4311.458,4318.965,4311.185,4315.395,0.574
2026-06-16 00:00:00+00:00,4315.375,4320.645,4306.665,4318.905,0.993
2026-06-16 01:00:00+00:00,4318.965,4325.715,4311.798,4313.375,1.658
2026-06-16 02:00:00+00:00,4313.285,4320.685,4307.325,4318.455,1.09
2026-06-16 03:00:00+00:00,4318.395,4332.845,4315.195,4330.275,0.886
2026-06-16 04:00:00+00:00,4330.205,4331.898,4321.005,4322.175,1.175
2026-06-16 05:00:00+00:00,4322.175,4330.465,4313.975,4315.595,1.672
2026-06-16 06:00:00+00:00,4315.565,4324.255,4313.105,4323.745,1.317
2026-06-16 07:00:00+00:00,4323.705,4335.465,4322.425,4334.945,1.401
2026-06-16 08:00:00+00:00,4334.945,4347.905,4332.575,4346.965,1.395
2026-06-16 09:00:00+00:00,4346.965,4348.285,4338.285,4345.165,1.265
2026-06-16 10:00:00+00:00,4345.165,4348.885,4342.185,4348.845,1.033
2026-06-16 11:00:00+00:00,4348.895,4349.355,4334.915,4340.755,1.461
2026-06-16 12:00:00+00:00,4340.705,4354.905,4337.155,4354.425,1.788
2026-06-16 13:00:00+00:00,4354.405,4354.785,4331.455,4331.525,2.834
2026-06-16 14:00:00+00:00,4331.435,4338.515,4313.005,4323.905,3.108
2026-06-16 15:00:00+00:00,4323.895,4343.315,4320.965,4335.035,2.585
2026-06-16 16:00:00+00:00,4335.035,4346.795,4334.605,4340.525,2.282
2026-06-16 17:00:00+00:00,4340.465,4341.105,4325.105,4340.195,2.057
2026-06-16 18:00:00+00:00,4340.035,4342.615,4335.995,4338.385,1.876
2026-06-16 19:00:00+00:00,4338.345,4342.705,4330.398,4334.105,2.444
2026-06-16 20:00:00+00:00,4334.105,4334.975,4329.315,4330.995,0.761
2026-06-16 22:00:00+00:00,4331.365,4335.955,4328.745,4334.885,0.365
2026-06-16 23:00:00+00:00,4334.848,4338.245,4329.245,4330.735,0.331
2026-06-17 00:00:00+00:00,4330.765,4341.545,4328.435,4336.895,1.119
2026-06-17 01:00:00+00:00,4336.855,4349.415,4334.185,4340.675,1.797
2026-06-17 02:00:00+00:00,4340.635,4344.335,4329.565,4331.475,1.254
2026-06-17 03:00:00+00:00,4331.345,4333.955,4328.555,4332.055,0.943
2026-06-17 04:00:00+00:00,4331.935,4333.965,4317.415,4326.625,0.887
2026-06-17 05:00:00+00:00,4326.705,4334.105,4321.025,4326.325,1.297
2026-06-17 06:00:00+00:00,4326.385,4331.695,4320.315,4331.575,1.463
2026-06-17 07:00:00+00:00,4331.595,4332.735,4324.525,4325.045,0.951
2026-06-17 08:00:00+00:00,4325.075,4327.795,4316.965,4324.485,1.432
2026-06-17 09:00:00+00:00,4324.445,4335.445,4321.045,4329.375,1.173
2026-06-17 10:00:00+00:00,4329.345,4335.035,4326.495,4331.305,1.049
2026-06-17 11:00:00+00:00,4331.305,4331.745,4320.785,4322.975,1.295
2026-06-17 12:00:00+00:00,4322.985,4335.415,4319.665,4333.475,1.406
2026-06-17 13:00:00+00:00,4333.455,4345.185,4323.895,4339.568,2.488
2026-06-17 14:00:00+00:00,4339.555,4363.875,4330.615,4344.205,3.277
2026-06-17 15:00:00+00:00,4344.158,4364.665,4343.555,4363.465,2.284
2026-06-17 16:00:00+00:00,4363.445,4366.355,4354.895,4359.278,1.575
2026-06-17 17:00:00+00:00,4359.278,4382.125,4355.025,4379.575,2.19
2026-06-17 18:00:00+00:00,4379.575,4379.575,4269.015,4285.985,4.664
2026-06-17 19:00:00+00:00,4285.505,4295.115,4218.805,4235.585,4.529
2026-06-17 20:00:00+00:00,4235.515,4269.695,4234.775,4256.855,2.057
2026-06-17 22:00:00+00:00,4254.435,4270.925,4252.898,4266.238,0.924
2026-06-17 23:00:00+00:00,4266.128,4283.795,4263.648,4277.665,1.483
2026-06-18 00:00:00+00:00,4277.685,4315.015,4276.225,4308.125,2.21
2026-06-18 01:00:00+00:00,4308.098,4328.305,4306.645,4317.625,2.349
2026-06-18 02:00:00+00:00,4317.885,4329.865,4310.285,4310.725,1.79
2026-06-18 03:00:00+00:00,4310.695,4322.445,4308.915,4319.515,1.287
2026-06-18 04:00:00+00:00,4319.415,4323.865,4309.445,4315.865,1.158
2026-06-18 05:00:00+00:00,4315.545,4324.855,4301.075,4307.785,1.666
2026-06-18 06:00:00+00:00,4307.825,4309.875,4296.005,4306.325,1.932
2026-06-18 07:00:00+00:00,4306.285,4309.305,4287.225,4288.475,1.692
2026-06-18 08:00:00+00:00,4288.535,4292.655,4265.328,4266.635,2.05
2026-06-18 09:00:00+00:00,4266.635,4273.155,4259.535,4268.275,1.861
2026-06-18 10:00:00+00:00,4268.225,4272.635,4254.595,4255.325,1.673
2026-06-18 11:00:00+00:00,4255.655,4255.655,4239.648,4241.875,2.368
2026-06-18 12:00:00+00:00,4241.875,4269.025,4240.205,4246.465,2.507
2026-06-18 13:00:00+00:00,4246.405,4276.515,4244.725,4256.375,2.773
2026-06-18 14:00:00+00:00,4256.325,4257.575,4236.845,4252.175,3.297
2026-06-18 15:00:00+00:00,4252.155,4254.645,4222.855,4226.428,3.229
2026-06-18 16:00:00+00:00,4226.428,4233.295,4213.925,4219.445,2.846
2026-06-18 17:00:00+00:00,4219.661,4232.945,4218.545,4230.065,2.218
2026-06-18 18:00:00+00:00,4230.185,4232.995,4217.928,4218.185,1.944
2026-06-18 19:00:00+00:00,4218.148,4218.825,4201.145,4216.505,2.178
2026-06-18 20:00:00+00:00,4216.725,4219.335,4207.495,4208.875,0.875
2026-06-18 22:00:00+00:00,4209.298,4212.875,4202.335,4206.938,0.53
2026-06-18 23:00:00+00:00,4206.695,4207.798,4186.745,4188.115,1.331
2026-06-19 00:00:00+00:00,4187.998,4197.945,4183.738,4190.125,1.528
2026-06-19 01:00:00+00:00,4190.075,4194.335,4183.495,4184.725,1.424
2026-06-19 02:00:00+00:00,4184.675,4186.145,4171.565,4176.025,1.431
2026-06-19 03:00:00+00:00,4175.995,4177.065,4145.345,4153.555,1.688
2026-06-19 04:00:00+00:00,4153.265,4155.065,4124.805,4125.495,2.004
2026-06-19 05:00:00+00:00,4125.915,4141.215,4121.438,4139.275,2.011
2026-06-19 06:00:00+00:00,4139.395,4150.465,4132.635,4147.495,1.658
2026-06-19 07:00:00+00:00,4147.865,4162.895,4147.655,4157.765,1.492
2026-06-19 08:00:00+00:00,4157.785,4178.345,4154.975,4168.795,1.678
2026-06-19 09:00:00+00:00,4168.795,4170.635,4160.645,4162.725,1.258
2026-06-19 10:00:00+00:00,4162.765,4162.845,4147.955,4149.505,1.124
2026-06-19 11:00:00+00:00,4149.445,4154.835,4141.695,4152.385,1.189
2026-06-19 12:00:00+00:00,4152.395,4179.795,4147.025,4178.815,1.601
2026-06-19 13:00:00+00:00,4178.815,4182.825,4150.305,4151.195,2.023
2026-06-19 14:00:00+00:00,4151.165,4154.365,4142.455,4149.055,1.452
2026-06-19 15:00:00+00:00,4149.195,4153.865,4147.455,4150.855,0.979
2026-06-19 16:00:00+00:00,4150.845,4157.625,4144.078,4154.335,0.73
2026-06-21 22:00:00+00:00,4139.698,4159.625,4138.825,4156.038,1.131
2026-06-21 23:00:00+00:00,4155.898,4164.525,4136.125,4139.985,1.974
2026-06-22 00:00:00+00:00,4140.015,4200.785,4139.755,4200.595,2.208
2026-06-22 01:00:00+00:00,4200.655,4220.778,4189.395,4190.745,3.176
2026-06-22 02:00:00+00:00,4190.705,4200.145,4183.258,4188.218,2.184
2026-06-22 03:00:00+00:00,4188.218,4189.768,4170.445,4171.265,1.658
2026-06-22 04:00:00+00:00,4171.305,4181.988,4170.375,4181.565,1.354
2026-06-22 05:00:00+00:00,4181.438,4198.375,4179.225,4193.515,2.014
2026-06-22 06:00:00+00:00,4193.515,4207.205,4190.985,4197.298,1.785
2026-06-22 07:00:00+00:00,4197.298,4201.665,4188.555,4190.195,1.448
2026-06-22 08:00:00+00:00,4190.195,4197.495,4188.405,4197.355,1.285
2026-06-22 09:00:00+00:00,4197.295,4210.095,4195.765,4208.095,1.219
2026-06-22 10:00:00+00:00,4208.045,4214.025,4203.445,4204.545,0.923
2026-06-22 11:00:00+00:00,4204.605,4215.005,4201.315,4207.225,1.257
2026-06-22 12:00:00+00:00,4207.285,4211.605,4192.075,4193.225,1.377
2026-06-22 13:00:00+00:00,4193.385,4205.405,4182.735,4199.635,3.015
2026-06-22 14:00:00+00:00,4199.905,4210.645,4186.365,4198.025,3.209
2026-06-22 15:00:00+00:00,4198.035,4201.115,4169.485,4182.695,2.711
2026-06-22 16:00:00+00:00,4182.755,4192.735,4174.195,4189.665,2.462
2026-06-22 17:00:00+00:00,4189.725,4191.485,4176.855,4182.868,2.144
2026-06-22 18:00:00+00:00,4182.868,4192.665,4182.185,4191.028,2.132
2026-06-22 19:00:00+00:00,4191.265,4193.198,4184.115,4190.355,2.369
2026-06-22 20:00:00+00:00,4190.485,4193.695,4188.645,4191.165,0.527
2026-06-22 22:00:00+00:00,4191.458,4194.365,4188.108,4189.438,0.388
2026-06-22 23:00:00+00:00,4189.438,4195.095,4186.505,4187.475,0.652
2026-06-23 00:00:00+00:00,4187.315,4194.405,4178.095,4193.145,1.518
2026-06-23 01:00:00+00:00,4193.145,4198.435,4149.705,4161.015,2.75
2026-06-23 02:00:00+00:00,4161.035,4163.295,4146.345,4146.695,2.159
2026-06-23 03:00:00+00:00,4146.765,4149.415,4130.488,4143.925,2.097
2026-06-23 04:00:00+00:00,4144.225,4146.795,4114.495,4117.875,1.49
2026-06-23 05:00:00+00:00,4117.905,4137.305,4115.095,4120.945,2.58
2026-06-23 06:00:00+00:00,4120.925,4126.745,4110.195,4114.205,2.523
2026-06-23 07:00:00+00:00,4114.105,4124.645,4096.375,4098.455,2.315
2026-06-23 08:00:00+00:00,4098.565,4110.705,4090.545,4104.975,2.274
2026-06-23 09:00:00+00:00,4105.065,4122.075,4103.715,4122.055,1.602
2026-06-23 10:00:00+00:00,4122.065,4133.055,4119.295,4119.465,1.622
2026-06-23 11:00:00+00:00,4119.445,4131.485,4117.145,4122.965,1.987
2026-06-23 12:00:00+00:00,4123.015,4127.115,4111.425,4112.908,2.118
2026-06-23 13:00:00+00:00,4112.885,4140.098,4105.138,4135.048,3.637
2026-06-23 14:00:00+00:00,4135.048,4144.795,4122.588,4129.985,4.603
2026-06-23 15:00:00+00:00,4130.175,4141.565,4123.118,4138.535,3.293
2026-06-23 16:00:00+00:00,4138.515,4143.565,4131.275,4134.035,2.47
2026-06-23 17:00:00+00:00,4134.015,4139.505,4127.448,4127.705,2.477
2026-06-23 18:00:00+00:00,4127.805,4130.775,4112.475,4117.675,2.029
2026-06-23 19:00:00+00:00,4117.655,4125.955,4111.395,4111.435,2.988
2026-06-23 20:00:00+00:00,4111.565,4112.575,4107.185,4111.035,0.932
2026-06-23 22:00:00+00:00,4111.898,4114.835,4096.685,4103.898,1.217
2026-06-23 23:00:00+00:00,4103.898,4103.898,4080.495,4099.035,1.98
2026-06-24 00:00:00+00:00,4098.955,4111.965,4093.375,4097.055,2.4
2026-06-24 01:00:00+00:00,4097.075,4102.015,4068.255,4088.798,3.629
2026-06-24 02:00:00+00:00,4088.605,4095.815,4051.935,4060.905,2.836
2026-06-24 03:00:00+00:00,4061.155,4070.555,4050.185,4062.455,2.643
2026-06-24 04:00:00+00:00,4062.525,4067.085,4054.815,4064.195,1.887
2026-06-24 05:00:00+00:00,4064.225,4085.965,4060.535,4075.725,1.844
2026-06-24 06:00:00+00:00,4075.555,4097.335,4074.805,4086.635,1.635
2026-06-24 07:00:00+00:00,4086.525,4090.665,4073.525,4074.715,1.218
2026-06-24 08:00:00+00:00,4074.665,4087.445,4072.935,4076.065,1.191
2026-06-24 09:00:00+00:00,4076.275,4079.015,4064.035,4064.395,1.03
2026-06-24 10:00:00+00:00,4064.385,4066.775,4054.515,4055.495,1.226
2026-06-24 11:00:00+00:00,4055.355,4058.445,4037.305,4046.495,2.567
2026-06-24 12:00:00+00:00,4046.515,4048.665,3987.365,3987.495,3.261
2026-06-24 13:00:00+00:00,3987.535,4041.905,3964.305,4037.975,4.964
2026-06-24 14:00:00+00:00,4037.945,4040.758,4002.698,4007.825,4.369
2026-06-24 15:00:00+00:00,4007.875,4016.725,3997.015,4002.335,3.435
2026-06-24 16:00:00+00:00,4002.405,4022.065,3995.215,4006.348,2.494
2026-06-24 17:00:00+00:00,4006.348,4011.085,3972.495,3972.808,3.281
2026-06-24 18:00:00+00:00,3972.865,3993.995,3958.695,3981.215,3.252
2026-06-24 19:00:00+00:00,3981.571,3990.615,3973.225,3987.755,2.465
2026-06-24 20:00:00+00:00,3987.698,4002.685,3984.485,3997.605,1.322
2026-06-24 22:00:00+00:00,4003.035,4008.545,3992.535,3995.898,0.759
2026-06-24 23:00:00+00:00,3995.705,4018.385,3990.228,4012.205,1.398
2026-06-25 00:00:00+00:00,4012.185,4016.255,3978.035,3990.985,3.072
2026-06-25 01:00:00+00:00,3990.965,4005.565,3972.115,3976.555,3.587
2026-06-25 02:00:00+00:00,3976.525,3990.845,3961.755,3982.575,3.221
2026-06-25 03:00:00+00:00,3982.535,4000.885,3965.885,3995.215,2.758
2026-06-25 04:00:00+00:00,3995.155,3997.325,3983.365,3995.805,1.738
2026-06-25 05:00:00+00:00,3995.685,3999.735,3980.195,3986.315,2.459
2026-06-25 06:00:00+00:00,3986.305,3989.135,3973.765,3977.155,2.207
2026-06-25 07:00:00+00:00,3977.385,3989.615,3971.285,3987.765,1.69
2026-06-25 08:00:00+00:00,3987.655,4001.945,3984.105,3989.025,1.538
2026-06-25 09:00:00+00:00,3989.085,3997.595,3985.658,3988.085,1.19
2026-06-25 10:00:00+00:00,3988.025,3989.265,3981.118,3984.165,0.9
2026-06-25 11:00:00+00:00,3984.445,3987.715,3973.505,3979.895,1.222
2026-06-25 12:00:00+00:00,3979.905,4019.325,3978.805,4012.215,2.696
2026-06-25 13:00:00+00:00,4012.495,4033.885,4000.825,4002.005,4.314
2026-06-25 14:00:00+00:00,4002.115,4028.205,3998.955,4011.725,4.555
2026-06-25 15:00:00+00:00,4011.845,4042.388,4004.795,4040.778,4.033
2026-06-25 16:00:00+00:00,4041.045,4043.785,4023.485,4028.445,2.909
2026-06-25 17:00:00+00:00,4028.485,4036.705,4026.535,4034.575,2.52
2026-06-25 18:00:00+00:00,4034.535,4043.918,4025.728,4034.438,2.707
2026-06-25 19:00:00+00:00,4034.438,4043.458,4021.645,4026.525,2.565
2026-06-25 20:00:00+00:00,4026.425,4034.705,4024.095,4024.095,0.78
2026-06-25 22:00:00+00:00,4029.098,4036.225,4019.515,4025.808,1.069
2026-06-25 23:00:00+00:00,4025.595,4030.175,4012.375,4014.255,1.332
2026-06-26 00:00:00+00:00,4014.205,4024.255,4011.275,4020.075,2.022
2026-06-26 01:00:00+00:00,4020.145,4029.335,4013.945,4020.795,2.496
2026-06-26 02:00:00+00:00,4020.905,4022.898,3982.635,3990.465,2.466
2026-06-26 03:00:00+00:00,3990.425,4006.465,3986.365,4004.065,2.219
2026-06-26 04:00:00+00:00,4004.145,4015.195,3998.485,4011.085,1.938
2026-06-26 05:00:00+00:00,4011.395,4021.135,4005.395,4007.785,2.081
2026-06-26 06:00:00+00:00,4007.785,4032.975,4006.505,4031.855,2.421
2026-06-26 07:00:00+00:00,4031.835,4039.795,4026.618,4030.465,1.425
2026-06-26 08:00:00+00:00,4030.365,4037.685,4025.715,4030.795,1.6
2026-06-26 09:00:00+00:00,4030.775,4054.005,4029.285,4046.975,1.902
2026-06-26 10:00:00+00:00,4046.935,4054.745,4042.165,4054.605,1.489
2026-06-26 11:00:00+00:00,4054.605,4055.488,4042.358,4045.665,1.506
2026-06-26 12:00:00+00:00,4045.835,4061.305,4035.408,4058.645,2.248
2026-06-26 13:00:00+00:00,4059.305,4077.775,4043.005,4073.085,4.304
2026-06-26 14:00:00+00:00,4073.015,4092.895,4067.448,4080.215,4.085
2026-06-26 15:00:00+00:00,4080.145,4095.795,4075.385,4090.205,3.015
2026-06-26 16:00:00+00:00,4090.225,4093.148,4081.905,4084.785,1.97
2026-06-26 17:00:00+00:00,4084.845,4087.808,4073.505,4074.535,2.161
2026-06-26 18:00:00+00:00,4074.515,4078.635,4066.758,4067.015,1.827
2026-06-26 19:00:00+00:00,4067.115,4074.485,4064.285,4071.415,2.444
2026-06-26 20:00:00+00:00,4071.435,4089.798,4064.228,4087.915,4.31
2026-06-28 22:00:00+00:00,4086.298,4086.298,4052.398,4065.798,1.473
2026-06-28 23:00:00+00:00,4065.798,4070.278,4051.585,4062.585,1.749
2026-06-29 00:00:00+00:00,4062.555,4073.955,4048.055,4069.305,2.224
2026-06-29 01:00:00+00:00,4069.445,4074.295,4053.615,4061.155,3.193
2026-06-29 02:00:00+00:00,4061.075,4071.555,4058.175,4066.105,2.658
2026-06-29 03:00:00+00:00,4066.155,4075.515,4064.795,4068.645,1.765
2026-06-29 04:00:00+00:00,4068.615,4068.765,4049.395,4052.015,1.418
2026-06-29 05:00:00+00:00,4051.858,4057.235,4039.015,4054.175,2.515
2026-06-29 06:00:00+00:00,4054.155,4064.855,4053.235,4062.175,1.944
2026-06-29 07:00:00+00:00,4062.205,4068.455,4055.855,4061.495,1.321
2026-06-29 08:00:00+00:00,4061.238,4066.555,4043.515,4046.925,1.468
2026-06-29 09:00:00+00:00,4046.805,4055.115,4024.168,4031.465,1.671
2026-06-29 10:00:00+00:00,4031.415,4039.655,4027.285,4036.755,1.318
2026-06-29 11:00:00+00:00,4036.775,4042.125,4027.085,4039.095,1.363
2026-06-29 12:00:00+00:00,4039.285,4052.385,4037.398,4043.455,1.452
2026-06-29 13:00:00+00:00,4043.485,4051.615,4028.125,4032.175,2.618
2026-06-29 14:00:00+00:00,4032.325,4035.225,3999.918,4025.355,4.424
2026-06-29 15:00:00+00:00,4025.365,4030.148,4016.398,4026.755,3.589
2026-06-29 16:00:00+00:00,4026.895,4028.445,4018.405,4023.565,2.116
2026-06-29 17:00:00+00:00,4023.645,4031.848,4019.025,4020.678,2.213
2026-06-29 18:00:00+00:00,4020.678,4024.948,4011.725,4013.165,2.159
2026-06-29 19:00:00+00:00,4013.175,4019.315,4005.155,4015.595,1.513
2026-06-29 20:00:00+00:00,4015.575,4017.845,4012.505,4015.925,0.377
2026-06-29 22:00:00+00:00,4015.898,4022.145,4009.298,4013.628,0.802
2026-06-29 23:00:00+00:00,4014.138,4022.128,4013.135,4014.645,0.925
2026-06-30 00:00:00+00:00,4014.605,4014.945,3979.608,3986.645,2.993
2026-06-30 01:00:00+00:00,3986.705,3986.705,3941.528,3969.095,3.59
2026-06-30 02:00:00+00:00,3968.975,3973.125,3952.015,3962.605,2.13
2026-06-30 03:00:00+00:00,3962.475,3970.895,3959.835,3969.455,1.669
2026-06-30 04:00:00+00:00,3969.495,3997.825,3967.955,3985.285,1.33
2026-06-30 05:00:00+00:00,3985.305,3990.545,3974.865,3977.625,1.697
2026-06-30 06:00:00+00:00,3977.725,4033.815,3977.725,4029.258,3.338
2026-06-30 07:00:00+00:00,4029.268,4034.465,4023.548,4031.828,1.98
2026-06-30 08:00:00+00:00,4031.828,4037.278,4013.335,4015.218,2.471
2026-06-30 09:00:00+00:00,4015.218,4023.525,4012.085,4023.525,1.843
2026-06-30 10:00:00+00:00,4023.525,4031.005,4021.208,4029.415,1.469
2026-06-30 11:00:00+00:00,4029.345,4037.075,4024.995,4033.825,1.369
2026-06-30 12:00:00+00:00,4033.775,4034.275,4008.385,4009.595,1.82
2026-06-30 13:00:00+00:00,4009.565,4033.055,4009.055,4029.355,2.867
2026-06-30 14:00:00+00:00,4029.345,4063.205,4024.825,4037.125,3.14
2026-06-30 15:00:00+00:00,4037.125,4039.145,4021.945,4028.985,2.292
2026-06-30 16:00:00+00:00,4028.965,4033.595,4025.595,4025.835,1.464
2026-06-30 17:00:00+00:00,4025.815,4031.945,4020.345,4030.535,1.508
2026-06-30 18:00:00+00:00,4030.555,4033.525,4027.915,4028.215,1.095
2026-06-30 19:00:00+00:00,4028.005,4029.215,4014.365,4015.745,1.607
2026-06-30 20:00:00+00:00,4015.725,4020.775,4006.125,4007.165,0.612
2026-06-30 22:00:00+00:00,4009.785,4017.875,4009.275,4012.865,0.53
2026-06-30 23:00:00+00:00,4012.905,4017.655,4004.915,4005.485,0.529
2026-07-01 00:00:00+00:00,4005.755,4009.475,3992.665,3996.485,1.356
2026-07-01 01:00:00+00:00,3996.435,3999.505,3973.745,3977.545,2.611
2026-07-01 02:00:00+00:00,3977.585,3985.885,3969.935,3978.935,2.076
2026-07-01 03:00:00+00:00,3978.935,3986.845,3976.265,3980.285,1.455
2026-07-01 04:00:00+00:00,3980.635,3982.465,3972.215,3976.345,1.022
2026-07-01 05:00:00+00:00,3976.325,3978.745,3969.595,3973.815,1.531
2026-07-01 06:00:00+00:00,3973.765,3977.205,3962.945,3971.695,1.695
2026-07-01 07:00:00+00:00,3971.665,3978.145,3959.905,3975.765,1.472
2026-07-01 08:00:00+00:00,3975.735,3984.075,3969.035,3974.185,1.407
2026-07-01 09:00:00+00:00,3974.145,3985.775,3972.565,3984.135,1.197
2026-07-01 10:00:00+00:00,3984.105,3998.415,3981.115,3997.995,1.137
2026-07-01 11:00:00+00:00,3998.025,4035.215,3997.465,4030.005,1.751
2026-07-01 12:00:00+00:00,4030.165,4033.375,4019.185,4022.435,2.019
2026-07-01 13:00:00+00:00,4022.415,4107.585,4012.545,4089.095,3.431
2026-07-01 14:00:00+00:00,4089.125,4115.485,4082.685,4093.045,3.408
2026-07-01 15:00:00+00:00,4092.965,4094.275,4076.555,4080.805,2.331
2026-07-01 16:00:00+00:00,4080.735,4088.115,4070.205,4070.855,1.812
2026-07-01 17:00:00+00:00,4070.825,4073.495,4066.905,4067.995,1.55
2026-07-01 18:00:00+00:00,4067.975,4070.445,4057.635,4061.795,1.386
2026-07-01 19:00:00+00:00,4061.775,4067.935,4034.145,4038.525,1.687
2026-07-01 20:00:00+00:00,4038.365,4039.425,4028.195,4030.745,0.805
2026-07-01 22:00:00+00:00,4033.175,4044.225,4032.105,4044.155,0.49
2026-07-01 23:00:00+00:00,4043.775,4044.065,4033.105,4035.005,0.517
2026-07-02 00:00:00+00:00,4034.975,4052.425,4030.525,4051.495,1.332
2026-07-02 01:00:00+00:00,4051.415,4068.365,4044.975,4049.935,2.74
2026-07-02 02:00:00+00:00,4049.915,4060.685,4040.985,4056.785,2.201
2026-07-02 03:00:00+00:00,4056.785,4073.965,4055.235,4069.765,1.808
2026-07-02 04:00:00+00:00,4069.725,4072.665,4060.335,4060.515,1.35
2026-07-02 05:00:00+00:00,4060.505,4067.465,4052.945,4065.865,2.088
2026-07-02 06:00:00+00:00,4065.865,4079.605,4065.745,4073.005,1.919
2026-07-02 07:00:00+00:00,4073.025,4075.405,4060.465,4064.355,1.399
2026-07-02 08:00:00+00:00,4064.025,4079.695,4061.105,4075.835,1.64
2026-07-02 09:00:00+00:00,4075.875,4076.755,4063.725,4065.115,1.345
2026-07-02 10:00:00+00:00,4065.225,4068.545,4061.355,4066.255,1.092
2026-07-02 11:00:00+00:00,4066.235,4072.045,4057.225,4064.935,1.33
2026-07-02 12:00:00+00:00,4064.985,4140.185,4061.015,4117.285,3.458
2026-07-02 13:00:00+00:00,4117.265,4143.715,4109.215,4136.485,3.535
2026-07-02 14:00:00+00:00,4136.485,4137.805,4113.805,4128.275,3.688
2026-07-02 15:00:00+00:00,4128.245,4131.425,4114.395,4128.255,3.213
2026-07-02 16:00:00+00:00,4128.285,4130.085,4100.005,4117.915,2.633
2026-07-02 17:00:00+00:00,4117.635,4119.655,4105.385,4106.495,2.469
2026-07-02 18:00:00+00:00,4106.435,4126.715,4105.585,4122.445,1.944
2026-07-02 19:00:00+00:00,4122.445,4124.155,4107.895,4121.095,2.128
2026-07-02 20:00:00+00:00,4121.015,4124.775,4116.135,4122.425,0.743
2026-07-02 22:00:00+00:00,4124.065,4127.825,4122.255,4123.685,0.272
2026-07-02 23:00:00+00:00,4123.755,4131.905,4120.785,4125.955,0.619
2026-07-03 00:00:00+00:00,4125.775,4150.665,4122.625,4146.725,1.498
2026-07-03 01:00:00+00:00,4146.815,4195.365,4146.185,4182.165,3.089
2026-07-03 02:00:00+00:00,4182.105,4186.565,4176.245,4183.195,1.957
2026-07-03 03:00:00+00:00,4183.195,4184.325,4174.955,4175.735,1.35
2026-07-03 04:00:00+00:00,4175.735,4182.535,4172.975,4178.585,1.004
2026-07-03 05:00:00+00:00,4178.565,4181.675,4169.025,4171.025,1.584
2026-07-03 06:00:00+00:00,4171.045,4174.195,4160.225,4172.705,1.747
2026-07-03 07:00:00+00:00,4172.865,4181.685,4168.975,4177.385,1.185
2026-07-03 08:00:00+00:00,4177.185,4186.525,4176.775,4180.915,1.252
2026-07-03 09:00:00+00:00,4180.885,4181.865,4168.265,4171.925,1.229
2026-07-03 10:00:00+00:00,4171.885,4181.075,4170.535,4177.025,0.843
2026-07-03 11:00:00+00:00,4176.865,4186.325,4175.415,4180.895,0.934
2026-07-03 12:00:00+00:00,4181.015,4183.075,4171.805,4176.525,1.019
2026-07-03 13:00:00+00:00,4176.675,4178.975,4163.325,4164.365,1.627
2026-07-03 14:00:00+00:00,4164.305,4170.965,4155.085,4169.485,1.33
2026-07-03 15:00:00+00:00,4169.515,4174.265,4164.265,4164.545,0.97
2026-07-03 16:00:00+00:00,4164.565,4176.055,4162.535,4175.245,0.675
2026-07-05 22:00:00+00:00,4182.515,4191.215,4171.855,4187.405,0.862
2026-07-05 23:00:00+00:00,4187.435,4201.705,4177.325,4182.915,0.761
2026-07-06 00:00:00+00:00,4183.825,4188.695,4170.265,4179.235,1.481
2026-07-06 01:00:00+00:00,4178.915,4202.905,4172.325,4185.735,2.921
2026-07-06 02:00:00+00:00,4185.735,4187.465,4168.375,4173.895,2.487
2026-07-06 03:00:00+00:00,4173.885,4176.115,4160.725,4164.985,1.723
2026-07-06 04:00:00+00:00,4164.975,4166.385,4157.095,4159.415,1.217
2026-07-06 05:00:00+00:00,4159.485,4160.835,4144.535,4147.735,1.946
2026-07-06 06:00:00+00:00,4147.805,4159.425,4145.515,4150.055,1.344
2026-07-06 07:00:00+00:00,4150.055,4166.075,4146.985,4164.295,1.084
2026-07-06 08:00:00+00:00,4164.655,4165.845,4146.935,4150.225,1.066
2026-07-06 09:00:00+00:00,4150.275,4151.055,4136.315,4143.005,0.964
2026-07-06 10:00:00+00:00,4143.045,4155.635,4141.915,4154.685,0.897
2026-07-06 11:00:00+00:00,4154.755,4159.365,4151.285,4155.055,1.073
2026-07-06 12:00:00+00:00,4155.005,4158.235,4131.285,4139.395,1.78
2026-07-06 13:00:00+00:00,4139.685,4150.185,4135.625,4140.065,2.66
2026-07-06 14:00:00+00:00,4140.085,4146.985,4128.265,4137.845,2.615
2026-07-06 15:00:00+00:00,4137.845,4151.725,4137.305,4148.105,1.853
2026-07-06 16:00:00+00:00,4148.095,4156.005,4140.035,4154.755,1.272
2026-07-06 17:00:00+00:00,4154.735,4161.405,4150.035,4161.085,1.515
2026-07-06 18:00:00+00:00,4160.905,4167.325,4155.125,4163.555,1.141
2026-07-06 19:00:00+00:00,4163.675,4165.225,4158.565,4163.585,1.392
2026-07-06 20:00:00+00:00,4163.485,4165.375,4160.475,4164.325,0.431
2026-07-06 22:00:00+00:00,4163.245,4168.195,4161.075,4163.355,0.298
2026-07-06 23:00:00+00:00,4163.475,4165.515,4156.605,4156.975,0.366
2026-07-07 00:00:00+00:00,4156.935,4162.455,4145.065,4145.725,1.397
2026-07-07 01:00:00+00:00,4145.655,4147.745,4125.485,4141.625,2.288
2026-07-07 02:00:00+00:00,4141.605,4144.995,4131.005,4136.385,1.579
2026-07-07 03:00:00+00:00,4136.345,4139.755,4124.235,4130.865,1.554
2026-07-07 04:00:00+00:00,4130.905,4140.995,4125.585,4126.425,1.322
2026-07-07 05:00:00+00:00,4126.425,4131.115,4116.515,4123.745,1.911
2026-07-07 06:00:00+00:00,4123.745,4132.665,4121.235,4130.165,1.553
2026-07-07 07:00:00+00:00,4130.145,4133.345,4124.155,4124.545,1.138
2026-07-07 08:00:00+00:00,4124.475,4139.045,4121.715,4125.865,1.357
2026-07-07 09:00:00+00:00,4125.715,4133.555,4119.805,4131.065,1.365
2026-07-07 10:00:00+00:00,4131.045,4138.855,4131.035,4135.565,1.043
2026-07-07 11:00:00+00:00,4135.705,4158.005,4131.665,4156.585,1.386
2026-07-07 12:00:00+00:00,4156.945,4174.915,4154.345,4172.085,1.748
2026-07-07 13:00:00+00:00,4172.295,4180.225,4155.755,4158.205,2.861
2026-07-07 14:00:00+00:00,4158.205,4163.475,4143.405,4154.005,2.934
2026-07-07 15:00:00+00:00,4153.935,4155.445,4135.545,4138.795,2.218
2026-07-07 16:00:00+00:00,4138.725,4147.025,4136.725,4144.725,1.671
2026-07-07 17:00:00+00:00,4144.745,4148.085,4140.235,4144.355,1.609
2026-07-07 18:00:00+00:00,4144.325,4145.035,4124.805,4126.685,1.838
2026-07-07 19:00:00+00:00,4126.705,4127.475,4091.845,4113.865,2.692
2026-07-07 20:00:00+00:00,4113.755,4115.595,4103.325,4105.225,0.739
2026-07-07 22:00:00+00:00,4093.905,4105.955,4093.535,4097.525,0.655
2026-07-07 23:00:00+00:00,4097.455,4107.535,4095.385,4097.985,0.923
2026-07-08 00:00:00+00:00,4098.205,4126.305,4096.545,4110.955,2.198
2026-07-08 01:00:00+00:00,4111.005,4117.555,4096.065,4110.945,2.832
2026-07-08 02:00:00+00:00,4111.045,4124.615,4105.685,4114.245,2.57
2026-07-08 03:00:00+00:00,4114.335,4130.915,4114.195,4123.425,2.311
2026-07-08 04:00:00+00:00,4123.365,4128.545,4120.285,4124.825,1.847
2026-07-08 05:00:00+00:00,4124.825,4133.685,4120.725,4127.535,2.769
2026-07-08 06:00:00+00:00,4127.535,4133.525,4121.955,4123.285,2.36
2026-07-08 07:00:00+00:00,4123.315,4127.065,4114.615,4120.755,1.651
2026-07-08 08:00:00+00:00,4120.915,4121.065,4051.825,4056.405,3.439
2026-07-08 09:00:00+00:00,4056.375,4060.955,4041.145,4042.785,2.974
2026-07-08 10:00:00+00:00,4042.825,4058.085,4040.405,4052.905,2.308
2026-07-08 11:00:00+00:00,4052.945,4072.425,4041.135,4061.785,2.517
2026-07-08 12:00:00+00:00,4061.655,4086.245,4058.385,4071.965,2.855
2026-07-08 13:00:00+00:00,4072.155,4082.685,4063.835,4070.595,3.567
2026-07-08 14:00:00+00:00,4070.135,4071.335,4033.475,4040.735,3.847
2026-07-08 15:00:00+00:00,4040.665,4043.605,4021.525,4033.815,3.788
2026-07-08 16:00:00+00:00,4033.945,4064.345,4032.945,4063.395,3.103
2026-07-08 17:00:00+00:00,4063.385,4076.115,4059.375,4064.325,2.753
2026-07-08 18:00:00+00:00,4064.325,4091.245,4063.075,4084.045,2.513
2026-07-08 19:00:00+00:00,4084.075,4091.075,4078.135,4079.625,2.213
2026-07-08 20:00:00+00:00,4079.665,4083.335,4071.195,4073.925,1.004
2026-07-08 22:00:00+00:00,4072.645,4079.745,4071.915,4073.095,0.485
2026-07-08 23:00:00+00:00,4073.435,4077.785,4070.305,4075.925,0.409
2026-07-09 00:00:00+00:00,4075.735,4089.775,4070.075,4073.885,1.417
2026-07-09 01:00:00+00:00,4073.525,4078.605,4062.035,4072.525,2.274
2026-07-09 02:00:00+00:00,4072.525,4082.425,4064.075,4064.735,2.115
2026-07-09 03:00:00+00:00,4064.655,4067.375,4053.985,4063.825,1.959
2026-07-09 04:00:00+00:00,4063.825,4064.355,4056.105,4064.235,1.423
2026-07-09 05:00:00+00:00,4064.155,4084.035,4063.405,4081.715,2.336
2026-07-09 06:00:00+00:00,4081.715,4107.835,4081.145,4107.575,1.954
2026-07-09 07:00:00+00:00,4107.625,4110.905,4101.215,4107.675,1.546
2026-07-09 08:00:00+00:00,4107.625,4117.515,4105.005,4108.105,1.526
2026-07-09 09:00:00+00:00,4108.085,4112.105,4102.895,4105.965,1.319
2026-07-09 10:00:00+00:00,4105.985,4109.795,4093.515,4098.755,1.289
2026-07-09 11:00:00+00:00,4098.715,4110.255,4097.625,4108.465,1.426
2026-07-09 12:00:00+00:00,4108.435,4122.405,4104.915,4107.485,1.969
2026-07-09 13:00:00+00:00,4107.565,4129.255,4106.475,4121.445,3.354
2026-07-09 14:00:00+00:00,4121.405,4135.585,4113.885,4127.575,2.805
2026-07-09 15:00:00+00:00,4127.545,4132.565,4124.485,4126.655,1.892
2026-07-09 16:00:00+00:00,4126.515,4138.175,4125.345,4127.765,1.638
2026-07-09 17:00:00+00:00,4127.835,4138.095,4124.715,4135.955,1.622
2026-07-09 18:00:00+00:00,4135.845,4136.095,4121.215,4124.485,1.333
2026-07-09 19:00:00+00:00,4124.485,4126.715,4118.725,4122.395,1.439
2026-07-09 20:00:00+00:00,4122.325,4125.335,4120.245,4123.365,0.396
2026-07-09 22:00:00+00:00,4124.065,4127.375,4120.415,4120.415,0.36
2026-07-09 23:00:00+00:00,4120.475,4124.895,4120.005,4123.115,0.295
2026-07-10 00:00:00+00:00,4123.065,4128.255,4114.035,4125.965,1.032
2026-07-10 01:00:00+00:00,4126.085,4130.735,4108.535,4116.495,2.385
2026-07-10 02:00:00+00:00,4116.635,4128.865,4115.745,4127.495,1.894
2026-07-10 03:00:00+00:00,4127.305,4134.555,4119.015,4119.915,1.478
2026-07-10 04:00:00+00:00,4119.935,4120.905,4111.625,4114.875,1.019
2026-07-10 05:00:00+00:00,4114.845,4116.945,4107.955,4116.585,1.725
2026-07-10 06:00:00+00:00,4116.555,4119.835,4110.865,4111.355,1.524
2026-07-10 07:00:00+00:00,4111.165,4115.085,4104.065,4108.795,1.066
2026-07-10 08:00:00+00:00,4108.705,4109.345,4094.585,4097.745,1.356
2026-07-10 09:00:00+00:00,4097.675,4105.255,4094.215,4104.155,1.079
2026-07-10 10:00:00+00:00,4104.165,4112.485,4103.915,4104.395,1.025
2026-07-10 11:00:00+00:00,4104.395,4108.055,4095.875,4102.165,1.204
2026-07-10 12:00:00+00:00,4102.205,4117.435,4097.405,4100.535,1.894
2026-07-10 13:00:00+00:00,4100.805,4106.485,4085.345,4099.735,2.625
2026-07-10 14:00:00+00:00,4099.755,4109.025,4072.585,4092.735,2.646
2026-07-10 15:00:00+00:00,4093.185,4113.115,4091.265,4112.785,1.948
2026-07-10 16:00:00+00:00,4112.865,4115.365,4104.115,4104.495,1.481
2026-07-10 17:00:00+00:00,4104.285,4106.695,4100.045,4100.265,1.296
2026-07-10 18:00:00+00:00,4100.375,4105.275,4097.725,4100.955,1.06
2026-07-10 19:00:00+00:00,4101.025,4108.855,4097.515,4108.265,0.974
2026-07-10 20:00:00+00:00,4107.945,4120.765,4107.945,4120.555,0.506
2026-07-12 22:00:00+00:00,4094.225,4103.265,4069.035,4075.325,0.93
2026-07-12 23:00:00+00:00,4075.415,4084.635,4067.295,4084.135,0.864
2026-07-13 00:00:00+00:00,4084.155,4090.805,4060.705,4073.665,1.687
2026-07-13 01:00:00+00:00,4073.695,4089.575,4064.935,4071.885,3.408
2026-07-13 02:00:00+00:00,4071.935,4077.235,4064.125,4068.255,2.838
2026-07-13 03:00:00+00:00,4068.255,4069.065,4052.625,4060.155,2.216
2026-07-13 04:00:00+00:00,4060.135,4060.205,4050.085,4058.455,1.695
2026-07-13 05:00:00+00:00,4058.455,4072.965,4052.015,4053.365,2.556
2026-07-13 06:00:00+00:00,4053.345,4063.315,4043.585,4055.245,2.048
2026-07-13 07:00:00+00:00,4055.415,4064.935,4048.815,4064.675,1.629
2026-07-13 08:00:00+00:00,4064.615,4080.535,4062.795,4074.295,1.695
2026-07-13 09:00:00+00:00,4074.085,4076.465,4067.915,4068.025,1.183
2026-07-13 10:00:00+00:00,4068.035,4070.345,4046.275,4060.345,1.374
2026-07-13 11:00:00+00:00,4060.455,4068.415,4054.515,4056.285,1.73
2026-07-13 12:00:00+00:00,4056.285,4067.165,4053.365,4067.145,1.987
2026-07-13 13:00:00+00:00,4067.175,4067.355,4041.695,4043.035,2.689
2026-07-13 14:00:00+00:00,4043.025,4046.805,3999.845,4015.015,2.857
2026-07-13 15:00:00+00:00,4015.005,4020.265,4010.085,4015.815,2.139
2026-07-13 16:00:00+00:00,4015.835,4017.725,3985.165,3992.985,2.314
2026-07-13 17:00:00+00:00,3993.025,4001.715,3991.685,3992.995,2.047
2026-07-13 18:00:00+00:00,3993.105,4004.845,3986.415,4001.275,2.209
2026-07-13 19:00:00+00:00,4001.265,4004.315,3993.185,4001.705,2.134
2026-07-13 20:00:00+00:00,4001.745,4005.885,3996.065,4001.255,0.845
2026-07-13 22:00:00+00:00,4004.225,4006.195,3999.815,4000.425,0.428
2026-07-13 23:00:00+00:00,4000.525,4002.015,3992.355,4000.795,0.683
2026-07-14 00:00:00+00:00,4000.825,4007.075,3983.285,4003.815,2.176
2026-07-14 01:00:00+00:00,4003.875,4011.995,3991.635,4010.535,3.075
2026-07-14 02:00:00+00:00,4010.325,4018.855,4005.685,4012.005,2.42
2026-07-14 03:00:00+00:00,4012.055,4018.725,4010.795,4016.555,1.87
2026-07-14 04:00:00+00:00,4016.555,4023.455,4013.165,4020.025,1.416
2026-07-14 05:00:00+00:00,4020.325,4034.005,4019.325,4031.145,1.94
2026-07-14 06:00:00+00:00,4031.135,4032.875,4021.515,4023.645,1.616
2026-07-14 07:00:00+00:00,4023.625,4029.775,4019.865,4020.505,1.726
2026-07-14 08:00:00+00:00,4020.425,4023.695,4014.045,4015.835,1.662
2026-07-14 09:00:00+00:00,4015.885,4024.265,4013.415,4021.455,1.537
2026-07-14 10:00:00+00:00,4021.395,4022.605,4014.905,4021.435,1.213
2026-07-14 11:00:00+00:00,4021.475,4031.555,4015.195,4030.945,1.494
2026-07-14 12:00:00+00:00,4030.885,4100.785,4022.935,4075.915,2.509
2026-07-14 13:00:00+00:00,4075.895,4088.625,4070.715,4076.315,2.616
2026-07-14 14:00:00+00:00,4076.275,4090.135,4070.205,4084.915,2.662
2026-07-14 15:00:00+00:00,4084.895,4100.615,4064.515,4065.945,1.84
2026-07-14 16:00:00+00:00,4065.965,4066.615,4056.965,4061.385,1.374
2026-07-14 17:00:00+00:00,4061.445,4064.765,4054.255,4062.505,1.128
2026-07-14 18:00:00+00:00,4062.115,4062.935,4042.605,4053.875,1.091
2026-07-14 19:00:00+00:00,4053.895,4057.085,4047.365,4055.555,1.128
2026-07-14 20:00:00+00:00,4055.525,4056.235,4048.895,4052.385,0.415
2026-07-14 22:00:00+00:00,4051.285,4053.295,4043.975,4044.285,0.46
2026-07-14 23:00:00+00:00,4044.075,4055.975,4043.635,4052.575,0.542
2026-07-15 00:00:00+00:00,4052.685,4060.365,4048.595,4058.705,1.223
2026-07-15 01:00:00+00:00,4059.225,4061.875,4035.165,4036.845,2.286
2026-07-15 02:00:00+00:00,4036.485,4041.945,4028.995,4034.965,1.994
2026-07-15 03:00:00+00:00,4034.895,4040.135,4027.785,4031.135,1.504
2026-07-15 04:00:00+00:00,4031.085,4034.775,4027.825,4032.825,1.082
2026-07-15 05:00:00+00:00,4033.435,4036.515,4021.665,4034.485,1.826
2026-07-15 06:00:00+00:00,4034.445,4035.165,4021.065,4031.875,1.565
2026-07-15 07:00:00+00:00,4031.965,4034.125,4019.465,4024.355,1.692
2026-07-15 08:00:00+00:00,4024.455,4033.065,4017.155,4030.915,1.737
2026-07-15 09:00:00+00:00,4031.255,4034.045,4025.205,4030.125,1.411
2026-07-15 10:00:00+00:00,4030.155,4035.755,4026.395,4027.895,1.55
2026-07-15 11:00:00+00:00,4027.755,4039.985,4027.375,4038.085,1.659
2026-07-15 12:00:00+00:00,4038.245,4071.265,4035.515,4067.575,2.621
2026-07-15 13:00:00+00:00,4068.105,4073.775,4053.885,4061.395,3.19
2026-07-15 14:00:00+00:00,4061.405,4065.775,4053.015,4060.045,3.426
2026-07-15 15:00:00+00:00,4060.345,4062.705,4039.475,4046.625,3.208
2026-07-15 16:00:00+00:00,4046.615,4047.605,4026.515,4033.485,3.099
2026-07-15 17:00:00+00:00,4033.515,4066.115,4032.705,4062.135,2.694
2026-07-15 18:00:00+00:00,4062.205,4080.935,4057.765,4058.825,2.448
2026-07-15 19:00:00+00:00,4058.865,4062.685,4047.655,4056.825,2.25
2026-07-15 20:00:00+00:00,4056.795,4063.035,4054.865,4059.825,0.651
2026-07-15 22:00:00+00:00,4060.415,4066.755,4057.765,4058.245,0.453
2026-07-15 23:00:00+00:00,4058.135,4061.275,4055.295,4057.745,0.567
2026-07-16 00:00:00+00:00,4057.805,4061.065,4043.425,4044.175,1.411
2026-07-16 01:00:00+00:00,4044.205,4050.285,4033.435,4038.705,2.008
2026-07-16 02:00:00+00:00,4038.665,4039.715,4023.585,4031.205,2.235
2026-07-16 03:00:00+00:00,4031.165,4036.695,4027.355,4036.025,1.884
2026-07-16 04:00:00+00:00,4036.065,4037.765,4031.645,4032.925,1.188
2026-07-16 05:00:00+00:00,4032.875,4033.845,4024.975,4026.965,2.182
2026-07-16 06:00:00+00:00,4027.035,4036.295,4022.745,4030.335,1.874
2026-07-16 07:00:00+00:00,4030.375,4031.735,4022.845,4030.495,2.052
2026-07-16 08:00:00+00:00,4030.445,4036.395,4025.025,4035.165,2.022
2026-07-16 09:00:00+00:00,4035.125,4037.505,4030.185,4031.425,1.54
2026-07-16 10:00:00+00:00,4031.405,4034.565,4028.415,4029.275,1.473
2026-07-16 11:00:00+00:00,4029.255,4042.175,4020.995,4038.285,2.235
2026-07-16 12:00:00+00:00,4038.305,4043.065,3990.255,3992.005,3.159
2026-07-16 13:00:00+00:00,3992.045,4008.315,3973.325,3989.915,3.938
2026-07-16 14:00:00+00:00,3989.875,4006.575,3986.545,3997.595,3.954
2026-07-16 15:00:00+00:00,3997.595,4016.715,3989.085,4006.695,3.422
2026-07-16 16:00:00+00:00,4006.685,4007.315,3981.915,3991.775,3.181
2026-07-16 17:00:00+00:00,3991.965,3992.715,3979.775,3984.485,2.982
2026-07-16 18:00:00+00:00,3984.515,3990.235,3976.155,3980.265,2.898
2026-07-16 19:00:00+00:00,3980.205,3985.995,3969.045,3979.655,2.886
2026-07-16 20:00:00+00:00,3979.855,3979.875,3971.635,3974.205,0.768
2026-07-16 22:00:00+00:00,3976.345,3980.085,3972.545,3977.745,0.449
2026-07-16 23:00:00+00:00,3977.755,3986.365,3974.555,3985.835,0.945
2026-07-17 00:00:00+00:00,3985.875,3991.575,3980.495,3991.575,2.071
2026-07-17 01:00:00+00:00,3991.545,3995.875,3978.835,3983.005,3.221
2026-07-17 02:00:00+00:00,3982.935,3987.275,3970.415,3978.805,2.518
2026-07-17 03:00:00+00:00,3978.935,4008.395,3978.395,3991.095,2.352
2026-07-17 04:00:00+00:00,3991.125,3991.395,3979.835,3981.425,1.882
2026-07-17 05:00:00+00:00,3981.425,3991.235,3975.105,3984.645,2.721
2026-07-17 06:00:00+00:00,3984.625,4006.905,3984.625,3999.105,2.164
2026-07-17 07:00:00+00:00,3999.075,4002.455,3992.435,3992.555,2.154
2026-07-17 08:00:00+00:00,3992.725,3999.595,3987.595,3993.945,2.546
2026-07-17 09:00:00+00:00,3993.945,4002.165,3992.555,3997.795,2.063
2026-07-17 10:00:00+00:00,3997.865,3998.785,3990.225,3990.635,1.944
2026-07-17 11:00:00+00:00,3990.635,3998.585,3989.735,3993.815,2.065
2026-07-17 12:00:00+00:00,3993.815,3995.285,3963.885,3965.915,2.629
2026-07-17 13:00:00+00:00,3965.995,4003.445,3959.485,3996.665,3.681
2026-07-17 14:00:00+00:00,3996.625,4004.115,3989.765,4000.905,3.884
2026-07-17 15:00:00+00:00,4000.885,4021.235,3997.455,4018.835,3.28
2026-07-17 16:00:00+00:00,4018.915,4023.645,4010.675,4014.735,2.074
2026-07-17 17:00:00+00:00,4014.815,4019.065,4008.195,4009.865,1.863
2026-07-17 18:00:00+00:00,4009.765,4015.905,4006.395,4011.115,1.958
2026-07-17 19:00:00+00:00,4011.145,4016.235,4002.085,4015.105,1.929
2026-07-17 20:00:00+00:00,4015.165,4017.935,4008.375,4013.975,0.625
2026-07-19 22:00:00+00:00,4002.785,4007.105,3993.215,3993.405,0.684
2026-07-19 23:00:00+00:00,3993.545,3995.905,3989.205,3995.165,0.67
2026-07-20 00:00:00+00:00,3995.025,4009.775,3981.935,4008.235,1.573
2026-07-20 01:00:00+00:00,4008.265,4019.995,3995.515,4001.855,2.77
2026-07-20 02:00:00+00:00,4001.905,4028.845,4000.955,4021.635,2.754
2026-07-20 03:00:00+00:00,4021.545,4027.815,4018.365,4023.855,2.191
2026-07-20 04:00:00+00:00,4023.885,4026.515,4018.175,4018.545,1.337
2026-07-20 05:00:00+00:00,4018.725,4020.955,4005.145,4008.465,2.097
2026-07-20 06:00:00+00:00,4008.415,4011.545,4002.785,4003.525,1.782
2026-07-20 07:00:00+00:00,4003.615,4021.695,4001.815,4017.025,1.948
2026-07-20 08:00:00+00:00,4017.125,4030.355,4017.125,4018.695,1.772
2026-07-20 09:00:00+00:00,4018.685,4023.045,4014.625,4021.005,1.613
2026-07-20 10:00:00+00:00,4021.005,4025.345,4017.975,4023.925,1.414
2026-07-20 11:00:00+00:00,4023.945,4040.435,4019.575,4025.045,2.312
2026-07-20 12:00:00+00:00,4024.675,4024.995,4006.285,4007.925,2.486
2026-07-20 13:00:00+00:00,4007.855,4017.185,4005.375,4005.565,2.982
2026-07-20 14:00:00+00:00,4005.485,4013.485,3998.035,4005.915,3.124
2026-07-20 15:00:00+00:00,4006.015,4019.325,4004.255,4011.625,2.812
2026-07-20 16:00:00+00:00,4011.605,4018.115,4001.385,4009.595,2.274
2026-07-20 17:00:00+00:00,4009.595,4012.915,4003.415,4005.005,2.017
2026-07-20 18:00:00+00:00,4005.025,4011.725,4003.005,4007.025,2.021
2026-07-20 19:00:00+00:00,4007.065,4017.855,4004.015,4006.755,2.249
2026-07-20 20:00:00+00:00,4006.695,4009.205,4005.515,4007.565,0.611
2026-07-20 22:00:00+00:00,4006.065,4010.495,3999.285,3999.755,0.572
2026-07-20 23:00:00+00:00,3999.945,4010.275,3999.535,4009.745,0.802
2026-07-21 00:00:00+00:00,4009.615,4026.805,4003.495,4024.495,2.107
2026-07-21 01:00:00+00:00,4024.455,4035.525,4017.945,4022.945,2.737
2026-07-21 02:00:00+00:00,4023.105,4044.655,4021.745,4037.715,2.001
2026-07-21 03:00:00+00:00,4037.765,4051.215,4036.295,4046.555,1.429
2026-07-21 04:00:00+00:00,4046.595,4051.415,4043.365,4049.195,0.924
2026-07-21 05:00:00+00:00,4049.195,4067.445,4045.895,4061.115,1.704
2026-07-21 06:00:00+00:00,4060.995,4083.735,4060.995,4077.965,1.844
2026-07-21 07:00:00+00:00,4078.035,4079.985,4067.455,4070.975,0.953
2026-07-21 08:00:00+00:00,4070.815,4072.255,4058.965,4062.605,1.037
2026-07-21 09:00:00+00:00,4062.715,4069.415,4060.735,4065.645,0.896
2026-07-21 10:00:00+00:00,4065.715,4069.835,4060.525,4062.715,1.142
2026-07-21 11:00:00+00:00,4062.725,4063.515,4054.185,4055.715,1.354
2026-07-21 12:00:00+00:00,4055.815,4065.655,4050.915,4053.495,2.034
2026-07-21 13:00:00+00:00,4053.715,4061.575,4044.165,4052.785,3.084
2026-07-21 14:00:00+00:00,4052.835,4073.725,4051.425,4068.205,3.244
2026-07-21 15:00:00+00:00,4068.225,4083.305,4065.265,4074.025,2.605
2026-07-21 16:00:00+00:00,4074.045,4078.925,4069.605,4071.255,1.689
2026-07-21 17:00:00+00:00,4071.255,4072.555,4066.535,4068.475,1.472
2026-07-21 18:00:00+00:00,4068.475,4086.775,4067.465,4081.995,1.705
2026-07-21 19:00:00+00:00,4082.135,4085.655,4079.785,4084.435,1.484
2026-07-21 20:00:00+00:00,4084.275,4086.265,4076.385,4076.995,0.449
2026-07-21 22:00:00+00:00,4077.815,4085.045,4076.425,4079.155,0.461
2026-07-21 23:00:00+00:00,4078.975,4082.595,4078.235,4080.375,0.349
2026-07-22 00:00:00+00:00,4080.485,4102.375,4076.325,4097.145,1.552
2026-07-22 01:00:00+00:00,4097.225,4123.705,4096.365,4121.855,2.502
2026-07-22 02:00:00+00:00,4121.885,4130.665,4118.535,4130.495,2.46
2026-07-22 03:00:00+00:00,4130.485,4141.465,4128.995,4130.575,2.119
2026-07-22 04:00:00+00:00,4130.545,4131.025,4124.515,4126.655,1.435
2026-07-22 05:00:00+00:00,4126.685,4133.905,4122.715,4130.725,2.115
2026-07-22 06:00:00+00:00,4130.675,4135.065,4113.195,4116.135,2.013
2026-07-22 07:00:00+00:00,4116.165,4122.905,4109.025,4110.465,1.876
2026-07-22 08:00:00+00:00,4110.425,4119.905,4110.415,4118.155,1.839
2026-07-22 09:00:00+00:00,4118.195,4122.215,4113.135,4114.795,1.68
2026-07-22 10:00:00+00:00,4115.045,4121.715,4114.765,4117.425,1.565
2026-07-22 11:00:00+00:00,4117.395,4123.005,4112.465,4122.355,1.703
2026-07-22 12:00:00+00:00,4122.465,4134.195,4107.265,4112.785,2.282
2026-07-22 13:00:00+00:00,4112.865,4155.825,4112.615,4154.385,2.999
2026-07-22 14:00:00+00:00,4154.445,4163.325,4143.845,4148.285,3.29
2026-07-22 15:00:00+00:00,4148.265,4165.775,4148.245,4159.115,2.662
2026-07-22 16:00:00+00:00,4159.125,4159.335,4144.315,4146.715,2.044
2026-07-22 17:00:00+00:00,4146.765,4147.735,4138.105,4142.165,2.0
2026-07-22 18:00:00+00:00,4142.205,4142.785,4131.695,4135.865,2.353
2026-07-22 19:00:00+00:00,4135.845,4137.115,4128.735,4131.675,2.162
2026-07-22 20:00:00+00:00,4131.575,4137.725,4127.555,4130.345,1.08
2026-07-22 22:00:00+00:00,4122.235,4134.495,4116.314,4121.095,0.871
2026-07-22 23:00:00+00:00,4121.345,4134.015,4115.605,4133.095,1.093
2026-07-23 00:00:00+00:00,4133.185,4134.405,4124.795,4131.735,1.55
2026-07-23 01:00:00+00:00,4131.705,4140.895,4114.095,4117.595,2.941
2026-07-23 02:00:00+00:00,4117.505,4128.515,4111.815,4127.985,2.276
2026-07-23 03:00:00+00:00,4128.085,4132.935,4123.765,4124.325,1.738
2026-07-23 04:00:00+00:00,4124.305,4130.075,4119.725,4120.825,1.419
2026-07-23 05:00:00+00:00,4120.795,4130.395,4119.035,4123.735,1.944
2026-07-23 06:00:00+00:00,4123.785,4128.045,4116.535,4118.465,1.704
2026-07-23 07:00:00+00:00,4118.445,4119.355,4089.975,4095.325,2.247
2026-07-23 08:00:00+00:00,4095.195,4097.535,4086.785,4093.315,1.834
2026-07-23 09:00:00+00:00,4093.275,4099.315,4088.175,4089.665,1.635
2026-07-23 10:00:00+00:00,4089.665,4095.185,4085.255,4093.025,1.564
2026-07-23 11:00:00+00:00,4093.135,4093.725,4072.755,4085.535,2.019
2026-07-23 12:00:00+00:00,4085.325,4085.795,4060.835,4061.685,2.547
2026-07-23 13:00:00+00:00,4061.685,4067.155,4040.155,4043.115,3.776
2026-07-23 14:00:00+00:00,4043.115,4061.585,4039.685,4057.715,3.529
2026-07-23 15:00:00+00:00,4057.915,4059.345,4042.145,4048.525,2.965
2026-07-23 16:00:00+00:00,4048.585,4051.625,4045.545,4051.255,2.068
2026-07-23 17:00:00+00:00,4051.395,4054.465,4041.475,4041.625,2.224
2026-07-23 18:00:00+00:00,4041.585,4048.305,4040.235,4046.115,2.163
2026-07-23 19:00:00+00:00,4046.095,4051.085,4042.765,4049.475,2.053
2026-07-23 20:00:00+00:00,4049.655,4050.885,4047.175,4049.375,0.759
2026-07-23 22:00:00+00:00,4049.365,4050.455,4048.035,4048.905,0.296
2026-07-23 23:00:00+00:00,4048.895,4050.845,4046.285,4046.765,0.592
2026-07-24 00:00:00+00:00,4046.725,4050.795,4041.015,4049.715,1.549
2026-07-24 01:00:00+00:00,4049.525,4050.435,4039.475,4043.375,2.31
2026-07-24 02:00:00+00:00,4043.345,4048.305,4022.755,4024.305,2.054
2026-07-24 03:00:00+00:00,4024.255,4033.295,4022.845,4029.045,1.536
2026-07-24 04:00:00+00:00,4028.645,4030.175,4025.215,4026.805,0.99
2026-07-24 05:00:00+00:00,4026.825,4032.025,4021.665,4022.725,1.749
2026-07-24 06:00:00+00:00,4022.765,4038.955,4022.695,4035.535,1.569
2026-07-24 07:00:00+00:00,4035.575,4053.655,4034.895,4048.205,1.704
2026-07-24 08:00:00+00:00,4048.545,4058.565,4044.965,4057.375,1.413
2026-07-24 09:00:00+00:00,4057.475,4060.615,4051.445,4059.655,1.108
2026-07-24 10:00:00+00:00,4059.935,4063.745,4057.055,4059.955,0.723
2026-07-24 11:00:00+00:00,4060.075,4063.285,4051.195,4057.545,0.775
2026-07-24 12:00:00+00:00,4057.665,4060.065,4051.475,4055.985,1.177
2026-07-24 13:00:00+00:00,4055.845,4068.365,4044.515,4066.915,1.9
2026-07-24 14:00:00+00:00,4067.275,4069.825,4055.595,4063.185,2.247
2026-07-24 15:00:00+00:00,4062.965,4081.895,4061.675,4077.175,2.109
2026-07-24 16:00:00+00:00,4077.145,4078.035,4063.895,4066.855,1.241
2026-07-24 17:00:00+00:00,4066.965,4069.685,4062.745,4063.165,1.129
2026-07-24 18:00:00+00:00,4063.165,4064.325,4050.815,4054.185,0.999
2026-07-24 19:00:00+00:00,4054.265,4057.735,4048.995,4053.465,1.069
2026-07-24 20:00:00+00:00,4053.565,4055.795,4049.125,4049.125,0.347
2026-07-26 22:00:00+00:00,4088.645,4097.195,4082.095,4084.675,0.477
2026-07-26 23:00:00+00:00,4084.675,4096.045,4080.625,4093.845,0.276
2026-07-27 00:00:00+00:00,4094.115,4116.145,4090.275,4100.335,0.791
2026-07-27 01:00:00+00:00,4100.225,4112.385,4096.675,4109.865,1.519
2026-07-27 02:00:00+00:00,4110.025,4110.795,4093.315,4093.435,1.037
2026-07-27 03:00:00+00:00,4093.165,4095.565,4084.365,4090.645,0.788
2026-07-27 04:00:00+00:00,4090.745,4092.755,4086.675,4089.935,0.597
2026-07-27 05:00:00+00:00,4090.075,4094.535,4084.145,4092.965,0.833
2026-07-27 06:00:00+00:00,4092.995,4099.075,4091.015,4095.845,0.709
2026-07-27 07:00:00+00:00,4095.775,4105.865,4088.435,4088.605,1.087
2026-07-27 08:00:00+00:00,4088.875,4096.695,4086.875,4095.005,1.025
2026-07-27 09:00:00+00:00,4094.845,4100.175,4090.075,4095.915,0.712
2026-07-27 10:00:00+00:00,4095.915,4102.165,4086.355,4099.345,0.767
2026-07-27 11:00:00+00:00,4099.425,4103.895,4093.555,4093.695,0.832
2026-07-27 12:00:00+00:00,4093.825,4097.435,4081.495,4083.475,1.323
2026-07-27 13:00:00+00:00,4083.565,4089.405,4070.125,4073.995,2.524
2026-07-27 14:00:00+00:00,4074.085,4078.975,4065.065,4075.925,2.543
2026-07-27 15:00:00+00:00,4075.945,4079.735,4071.575,4078.285,1.913
2026-07-27 16:00:00+00:00,4078.295,4093.695,4077.645,4082.055,1.598
2026-07-27 17:00:00+00:00,4082.215,4082.215,4070.335,4076.125,1.354
2026-07-27 18:00:00+00:00,4076.245,4079.355,4072.635,4077.605,1.14
2026-07-27 19:00:00+00:00,4077.725,4089.245,4075.915,4083.075,1.005
2026-07-27 20:00:00+00:00,4083.135,4083.805,4074.995,4076.565,0.313
2026-07-27 22:00:00+00:00,4077.045,4081.765,4069.725,4073.305,0.193
2026-07-27 23:00:00+00:00,4073.135,4074.805,4069.585,4073.075,0.249
2026-07-28 00:00:00+00:00,4072.955,4073.855,4057.205,4057.635,0.862
2026-07-28 01:00:00+00:00,4057.455,4060.075,4042.365,4044.865,1.206
2026-07-28 02:00:00+00:00,4045.155,4048.835,4040.605,4041.915,0.846
2026-07-28 03:00:00+00:00,4041.705,4051.035,4040.185,4049.135,0.7
2026-07-28 04:00:00+00:00,4049.005,4049.485,4041.125,4042.085,0.529
2026-07-28 05:00:00+00:00,4041.675,4046.455,4034.415,4044.975,0.741
2026-07-28 06:00:00+00:00,4044.955,4052.235,4042.755,4048.125,0.487
2026-07-28 07:00:00+00:00,4047.965,4052.315,4045.875,4047.055,0.456
2026-07-28 08:00:00+00:00,4046.855,4055.015,4041.375,4045.255,0.595
2026-07-28 09:00:00+00:00,4045.115,4045.745,4018.985,4023.345,0.487
2026-07-28 10:00:00+00:00,4023.155,4028.345,4016.695,4026.295,0.526
2026-07-28 11:00:00+00:00,4026.405,4032.115,4022.815,4027.825,0.609
2026-07-28 12:00:00+00:00,4027.745,4037.965,4022.605,4028.935,0.602
2026-07-28 13:00:00+00:00,4028.935,4035.865,4020.045,4021.975,1.362
2026-07-28 14:00:00+00:00,4021.975,4033.345,4011.335,4024.235,2.054
2026-07-28 15:00:00+00:00,4024.235,4047.025,4022.125,4045.985,1.691
2026-07-28 16:00:00+00:00,4045.935,4046.365,4036.405,4037.305,1.033
2026-07-28 17:00:00+00:00,4037.445,4041.495,4025.625,4027.675,1.171
2026-07-28 18:00:00+00:00,4027.805,4030.175,4021.515,4022.865,1.135
2026-07-28 19:00:00+00:00,4022.895,4027.905,4021.645,4026.225,0.91
2026-07-28 20:00:00+00:00,4026.115,4030.295,4022.355,4027.875,0.36
2026-07-28 22:00:00+00:00,4024.565,4029.855,4013.785,4017.765,0.223
2026-07-28 23:00:00+00:00,4017.815,4025.965,4014.655,4024.615,0.4
2026-07-29 00:00:00+00:00,4024.745,4029.475,4017.105,4021.635,1.089
2026-07-29 01:00:00+00:00,4021.515,4030.445,4010.055,4025.695,1.756
2026-07-29 02:00:00+00:00,4025.865,4037.835,4022.875,4029.255,1.089
2026-07-29 03:00:00+00:00,4029.055,4032.755,4022.885,4023.285,0.755
2026-07-29 04:00:00+00:00,4023.315,4027.375,4020.235,4026.955,0.829
2026-07-29 05:00:00+00:00,4027.105,4039.755,4026.325,4032.745,0.987
2026-07-29 06:00:00+00:00,4032.805,4044.605,4032.805,4040.995,0.579
2026-07-29 07:00:00+00:00,4041.125,4047.635,4040.765,4043.575,0.916
2026-07-29 08:00:00+00:00,4043.485,4044.255,4035.285,4037.455,0.934
2026-07-29 09:00:00+00:00,4037.825,4038.245,4031.135,4032.585,0.818
2026-07-29 10:00:00+00:00,4032.505,4034.265,4025.765,4027.295,0.835
2026-07-29 11:00:00+00:00,4027.345,4036.035,4024.695,4032.615,0.805
2026-07-29 12:00:00+00:00,4032.615,4033.305,4008.975,4022.435,1.552
2026-07-29 13:00:00+00:00,4022.665,4026.265,4002.275,4007.025,2.394
2026-07-29 14:00:00+00:00,4007.055,4009.955,3995.655,4004.655,2.621
2026-07-29 15:00:00+00:00,4004.635,4013.555,4003.215,4009.585,1.881
2026-07-29 16:00:00+00:00,4009.815,4032.595,4007.465,4027.055,1.572
2026-07-29 17:00:00+00:00,4027.005,4050.445,4026.985,4042.625,2.019
2026-07-29 18:00:00+00:00,4042.775,4109.595,4040.835,4106.445,2.495
2026-07-29 19:00:00+00:00,4106.985,4116.105,4044.185,4044.585,2.022
2026-07-29 20:00:00+00:00,4044.365,4069.685,4042.465,4066.585,0.806
2026-07-29 22:00:00+00:00,4063.105,4090.265,4062.795,4087.355,0.416
2026-07-29 23:00:00+00:00,4087.375,4099.225,4084.015,4084.245,0.509
2026-07-30 00:00:00+00:00,4084.745,4086.495,4064.465,4071.895,1.053
2026-07-30 01:00:00+00:00,4071.915,4092.735,4070.005,4084.385,2.056
2026-07-30 02:00:00+00:00,4084.315,4090.105,4063.035,4063.325,1.36
2026-07-30 03:00:00+00:00,4063.305,4069.825,4050.445,4058.585,1.43
2026-07-30 04:00:00+00:00,4058.535,4059.845,4044.125,4045.825,0.995
2026-07-30 05:00:00+00:00,4045.825,4051.265,4028.155,4033.465,1.586
2026-07-30 06:00:00+00:00,4033.505,4040.425,4029.135,4036.505,1.003
2026-07-30 07:00:00+00:00,4036.085,4051.195,4035.175,4038.765,1.804
2026-07-30 08:00:00+00:00,4038.705,4072.675,4036.595,4061.175,1.881
2026-07-30 09:00:00+00:00,4061.285,4072.935,4060.155,4063.115,1.431
2026-07-30 10:00:00+00:00,4063.275,4083.095,4062.845,4077.845,1.647
2026-07-30 11:00:00+00:00,4077.715,4082.835,4075.465,4077.555,1.317
2026-07-30 12:00:00+00:00,4077.535,4086.415,4066.935,4068.755,1.993
2026-07-30 13:00:00+00:00,4068.895,4112.495,4064.895,4112.055,2.657
2026-07-30 14:00:00+00:00,4111.845,4120.16,4086.775,4099.865,1.828
2026-07-30 15:00:00+00:00,4099.865,4109.935,4082.965,4108.025,2.498
2026-07-30 16:00:00+00:00,4108.025,4119.105,4106.465,4110.525,1.711
2026-07-30 17:00:00+00:00,4110.545,4111.075,4098.115,4102.435,1.669
2026-07-30 18:00:00+00:00,4102.455,4107.585,4098.535,4099.465,1.297
2026-07-30 19:00:00+00:00,4099.415,4115.175,4098.625,4111.775,1.341
2026-07-30 20:00:00+00:00,4111.825,4117.185,4098.835,4102.795,0.878
2026-07-30 22:00:00+00:00,4104.315,4111.295,4100.675,4108.675,0.275
2026-07-30 23:00:00+00:00,4108.675,4111.305,4101.735,4105.605,0.357
2026-07-31 00:00:00+00:00,4105.865,4106.755,4090.105,4094.405,0.851
2026-07-31 01:00:00+00:00,4094.555,4101.325,4081.635,4084.245,1.259
2026-07-31 02:00:00+00:00,4084.265,4090.295,4073.755,4075.845,0.829
2026-07-31 03:00:00+00:00,4075.475,4079.445,4071.595,4074.855,0.693
2026-07-31 04:00:00+00:00,4074.855,4081.055,4072.815,4079.865,0.494
2026-07-31 05:00:00+00:00,4079.845,4083.075,4073.085,4073.965,0.69
2026-07-31 06:00:00+00:00,4074.065,4087.205,4072.575,4077.375,0.654
2026-07-31 07:00:00+00:00,4077.235,4079.015,4067.415,4067.455,1.033
2026-07-31 08:00:00+00:00,4067.885,4067.954,4054.105,4060.865,1.27
2026-07-31 09:00:00+00:00,4060.835,4063.775,4050.125,4054.895,1.169
2026-07-31 10:00:00+00:00,4054.835,4058.205,4051.815,4054.315,0.767
2026-07-31 11:00:00+00:00,4054.205,4060.865,4050.295,4053.425,1.092
2026-07-31 12:00:00+00:00,4053.905,4059.235,4040.425,4040.705,1.464
2026-07-31 13:00:00+00:00,4040.615,4046.815,4021.985,4025.295,2.526
2026-07-31 14:00:00+00:00,4025.275,4050.065,4020.545,4049.005,2.904
2026-07-31 15:00:00+00:00,4049.105,4052.505,4036.545,4045.375,2.505
2026-07-31 16:00:00+00:00,4045.375,4049.765,4041.035,4043.185,1.642
2026-07-31 17:00:00+00:00,4043.195,4054.565,4041.325,4053.445,1.734
2026-07-31 18:00:00+00:00,4053.275,4055.025,4046.905,4050.565,1.207
2026-07-31 19:00:00+00:00,4050.535,4055.535,4046.725,4050.695,1.177
2026-07-31 20:00:00+00:00,4050.685,4052.705,4035.085,4043.235,0.848
2026-08-02 22:00:00+00:00,4081.935,4081.935,4059.025,4059.385,0.574
2026-08-02 23:00:00+00:00,4059.085,4074.775,4058.945,4074.775,0.295
2026-08-03 00:00:00+00:00,4074.665,4079.155,4055.395,4056.725,0.891
2026-08-03 01:00:00+00:00,4056.885,4063.165,4047.085,4056.375,1.563
2026-08-03 02:00:00+00:00,4056.485,4066.995,4051.865,4062.105,1.085
2026-08-03 03:00:00+00:00,4062.235,4067.795,4058.915,4064.845,0.785
2026-08-03 04:00:00+00:00,4064.935,4071.595,4063.505,4063.535,0.569
2026-08-03 05:00:00+00:00,4063.545,4069.705,4053.855,4068.645,1.042
2026-08-03 06:00:00+00:00,4068.645,4071.695,4060.265,4063.815,0.713
2026-08-03 07:00:00+00:00,4063.655,4065.095,4051.915,4060.875,1.226
2026-08-03 08:00:00+00:00,4060.865,4062.285,4054.065,4059.255,1.061
2026-08-03 09:00:00+00:00,4058.995,4061.985,4046.275,4055.115,1.01
2026-08-03 10:00:00+00:00,4055.235,4056.885,4045.655,4049.145,0.856
2026-08-03 11:00:00+00:00,4049.235,4062.895,4045.285,4062.295,1.043
2026-08-03 12:00:00+00:00,4062.405,4064.415,4042.015,4047.445,1.352
2026-08-03 13:00:00+00:00,4047.595,4053.425,4018.915,4031.605,2.493
2026-08-03 14:00:00+00:00,4029.915,4039.125,4026.435,4036.055,2.043
2026-08-03 15:00:00+00:00,4036.075,4040.825,4030.185,4035.865,1.681
2026-08-03 16:00:00+00:00,4035.925,4039.075,4034.415,4036.745,1.149
2026-08-03 17:00:00+00:00,4036.855,4037.695,4030.025,4030.345,1.091
2026-08-03 18:00:00+00:00,4030.425,4044.875,4029.465,4043.325,1.016
2026-08-03 19:00:00+00:00,4043.325,4055.705,4043.275,4051.835,1.128
2026-08-03 20:00:00+00:00,4051.835,4058.015,4049.935,4054.405,0.366
2026-08-03 22:00:00+00:00,4048.785,4054.215,4048.445,4052.415,0.138
2026-08-03 23:00:00+00:00,4052.305,4054.525,4049.795,4053.785,0.242
2026-08-04 00:00:00+00:00,4053.555,4069.015,4048.475,4048.945,0.811
2026-08-04 01:00:00+00:00,4048.445,4061.695,4042.345,4058.375,1.264
2026-08-04 02:00:00+00:00,4058.475,4064.935,4055.405,4058.665,0.963
2026-08-04 03:00:00+00:00,4058.555,4061.515,4051.845,4052.325,0.78
2026-08-04 04:00:00+00:00,4052.325,4065.915,4050.825,4063.605,0.617
2026-08-04 05:00:00+00:00,4063.835,4067.555,4056.825,4061.575,0.852
2026-08-04 06:00:00+00:00,4061.615,4065.915,4055.535,4063.225,0.583
2026-08-04 07:00:00+00:00,4063.115,4066.645,4060.565,4065.295,0.914
2026-08-04 08:00:00+00:00,4065.335,4072.765,4054.315,4054.905,1.115
2026-08-04 09:00:00+00:00,4054.795,4055.205,4045.815,4049.665,0.897
2026-08-04 10:00:00+00:00,4049.765,4060.545,4045.385,4053.615,1.029
2026-08-04 11:00:00+00:00,4053.635,4084.115,4052.175,4074.815,1.642
2026-08-04 12:00:00+00:00,4074.975,4084.265,4060.715,4070.685,1.786
2026-08-04 13:00:00+00:00,4070.815,4094.055,4060.945,4083.685,2.428
2026-08-04 14:00:00+00:00,4083.745,4091.755,4074.215,4083.365,2.16
2026-08-04 15:00:00+00:00,4083.485,4088.675,4074.465,4087.155,1.784
2026-08-04 16:00:00+00:00,4087.235,4093.455,4082.855,4093.195,1.315
2026-08-04 17:00:00+00:00,4093.105,4106.402,4085.945,4085.945,1.512
2026-08-04 18:00:00+00:00,4085.925,4088.925,4075.065,4079.655,1.234
2026-08-04 19:00:00+00:00,4079.745,4084.635,4076.055,4078.315,0.957
2026-08-04 20:00:00+00:00,4078.315,4080.095,4074.405,4077.495,0.559
2026-08-04 22:00:00+00:00,4075.655,4085.715,4074.895,4075.265,0.342
2026-08-04 23:00:00+00:00,4075.515,4076.675,4065.065,4072.215,0.549
2026-08-05 00:00:00+00:00,4072.325,4083.315,4070.215,4082.155,0.765
2026-08-05 01:00:00+00:00,4082.185,4102.305,4077.235,4101.085,1.278
2026-08-05 02:00:00+00:00,4101.185,4135.085,4095.175,4128.905,1.61
2026-08-05 03:00:00+00:00,4128.855,4136.225,4126.515,4127.985,0.916
2026-08-05 04:00:00+00:00,4127.955,4141.165,4127.955,4135.265,0.707
2026-08-05 05:00:00+00:00,4135.155,4172.645,4134.385,4161.15,1.401
2026-08-05 06:00:00+00:00,4161.072,4178.215,4159.995,4177.425,0.941
2026-08-05 07:00:00+00:00,4177.665,4179.345,4162.105,4170.685,1.258
2026-08-05 08:00:00+00:00,4170.645,4172.425,4158.885,4160.385,1.014
2026-08-05 09:00:00+00:00,4160.535,4167.065,4152.925,4157.845,1.028
2026-08-05 10:00:00+00:00,4157.875,4161.465,4150.145,4161.335,0.795
2026-08-05 11:00:00+00:00,4161.345,4192.375,4160.715,4188.495,1.297
2026-08-05 12:00:00+00:00,4188.495,4213.265,4182.905,4183.695,1.884
2026-08-05 13:00:00+00:00,4183.695,4206.405,4183.555,4205.565,2.166
2026-08-05 14:00:00+00:00,4203.995,4247.355,4203.115,4243.945,2.834
2026-08-05 15:00:00+00:00,4243.945,4264.915,4231.975,4232.515,2.282
2026-08-05 16:00:00+00:00,4232.555,4247.175,4224.515,4242.015,1.737
2026-08-05 17:00:00+00:00,4242.235,4252.205,4236.615,4249.885,1.353
2026-08-05 18:00:00+00:00,4249.535,4267.715,4248.775,4260.665,1.114
2026-08-05 19:00:00+00:00,4260.785,4262.055,4245.955,4246.705,1.091
2026-08-05 20:00:00+00:00,4246.655,4249.405,4242.825,4246.805,0.302
2026-08-05 22:00:00+00:00,4247.545,4253.795,4245.345,4249.035,0.265
2026-08-05 23:00:00+00:00,4249.075,4281.795,4248.195,4277.985,0.517
2026-08-06 00:00:00+00:00,4277.985,4300.005,4264.185,4294.505,1.28
2026-08-06 01:00:00+00:00,4294.385,4302.515,4272.465,4286.055,2.109
2026-08-06 02:00:00+00:00,4286.235,4303.745,4274.755,4278.245,1.59
2026-08-06 03:00:00+00:00,4278.305,4280.725,4260.015,4265.345,1.18
2026-08-06 04:00:00+00:00,4265.155,4267.065,4252.355,4261.795,0.877
2026-08-06 05:00:00+00:00,4261.525,4268.245,4246.925,4266.805,1.28
2026-08-06 06:00:00+00:00,4266.935,4268.365,4248.975,4255.875,0.793
2026-08-06 07:00:00+00:00,4255.815,4265.215,4252.555,4262.525,1.064
2026-08-06 08:00:00+00:00,4262.635,4278.705,4260.015,4278.065,1.272
2026-08-06 09:00:00+00:00,4278.055,4284.555,4270.975,4272.735,1.101
2026-08-06 10:00:00+00:00,4272.735,4273.295,4264.245,4270.635,0.903
2026-08-06 11:00:00+00:00,4270.645,4273.305,4253.905,4263.205,1.266
2026-08-06 12:00:00+00:00,4263.205,4270.565,4248.655,4249.945,1.535
2026-08-06 13:00:00+00:00,4249.915,4273.965,4230.085,4266.865,2.642
2026-08-06 14:00:00+00:00,4266.905,4275.165,4259.925,4272.775,2.344
2026-08-06 15:00:00+00:00,4272.875,4274.195,4229.345,4233.555,2.305
2026-08-06 16:00:00+00:00,4233.605,4242.905,4223.225,4241.205,2.308
2026-08-06 17:00:00+00:00,4241.255,4248.005,4238.235,4246.925,1.367
2026-08-06 18:00:00+00:00,4247.205,4249.485,4240.515,4243.235,0.993
2026-08-06 19:00:00+00:00,4243.345,4251.195,4232.745,4248.645,1.35
2026-08-06 20:00:00+00:00,4248.645,4249.885,4234.495,4239.485,0.525
2026-08-06 22:00:00+00:00,4237.015,4243.405,4235.475,4240.195,0.169
2026-08-06 23:00:00+00:00,4239.915,4252.945,4239.735,4251.925,0.34
2026-08-07 00:00:00+00:00,4252.015,4252.355,4229.385,4232.365,1.227
2026-08-07 01:00:00+00:00,4232.545,4259.145,4231.575,4256.455,1.674
2026-08-07 02:00:00+00:00,4256.595,4261.585,4246.855,4250.295,1.104
2026-08-07 03:00:00+00:00,4250.115,4266.055,4249.275,4265.815,0.867
2026-08-07 04:00:00+00:00,4265.965,4268.905,4260.425,4264.715,0.838
2026-08-07 05:00:00+00:00,4264.595,4280.355,4261.545,4278.465,1.171
2026-08-07 06:00:00+00:00,4278.555,4298.575,4278.075,4296.975,1.069
2026-08-07 07:00:00+00:00,4297.035,4297.745,4282.735,4289.915,1.078
2026-08-07 08:00:00+00:00,4289.935,4316.575,4288.835,4305.895,1.373
2026-08-07 09:00:00+00:00,4306.005,4320.585,4302.145,4315.855,1.217
2026-08-07 10:00:00+00:00,4315.845,4320.535,4307.835,4316.645,0.95
2026-08-07 11:00:00+00:00,4316.745,4327.645,4316.625,4320.995,1.287
2026-08-07 12:00:00+00:00,4320.965,4371.695,4300.825,4361.245,2.413
2026-08-07 13:00:00+00:00,4361.245,4367.715,4338.865,4348.035,2.902
2026-08-07 14:00:00+00:00,4348.125,4352.675,4327.125,4341.305,3.028
2026-08-07 15:00:00+00:00,4341.315,4358.285,4339.555,4340.785,2.198
2026-08-07 16:00:00+00:00,4340.795,4349.465,4328.915,4328.915,1.983
2026-08-07 17:00:00+00:00,4328.985,4343.045,4327.535,4340.055,1.515
2026-08-07 18:00:00+00:00,4340.035,4342.775,4331.925,4335.245,1.118
2026-08-07 19:00:00+00:00,4335.075,4350.115,4335.075,4343.855,1.604
2026-08-07 20:00:00+00:00,4343.975,4345.165,4335.745,4340.395,0.553
2026-08-09 22:00:00+00:00,4342.785,4351.885,4332.015,4340.075,0.472
2026-08-09 23:00:00+00:00,4339.935,4347.635,4331.995,4332.465,0.308
2026-08-10 00:00:00+00:00,4332.385,4346.915,4330.255,4331.955,0.643
2026-08-10 01:00:00+00:00,4331.745,4340.615,4312.935,4322.055,1.19
2026-08-10 02:00:00+00:00,4322.055,4332.155,4318.215,4319.405,1.129
2026-08-10 03:00:00+00:00,4319.535,4329.385,4317.415,4326.375,0.6
2026-08-10 04:00:00+00:00,4326.525,4339.435,4322.625,4339.115,0.567
2026-08-10 05:00:00+00:00,4339.085,4351.815,4331.265,4347.035,0.832
2026-08-10 06:00:00+00:00,4347.215,4359.595,4341.755,4357.835,0.665
2026-08-10 07:00:00+00:00,4357.835,4361.885,4349.955,4355.085,0.95
2026-08-10 08:00:00+00:00,4355.105,4356.375,4343.455,4346.295,0.818
2026-08-10 09:00:00+00:00,4346.405,4349.755,4340.055,4340.905,0.698
2026-08-10 10:00:00+00:00,4340.785,4344.055,4335.265,4335.535,0.685
2026-08-10 11:00:00+00:00,4335.565,4339.245,4328.655,4334.805,0.83
2026-08-10 12:00:00+00:00,4334.685,4337.395,4323.915,4332.195,1.097
2026-08-10 13:00:00+00:00,4332.305,4339.675,4316.305,4317.745,2.121
2026-08-10 14:00:00+00:00,4317.805,4351.435,4317.745,4345.185,2.033
2026-08-10 15:00:00+00:00,4345.365,4359.335,4343.095,4358.175,1.546
2026-08-10 16:00:00+00:00,4358.205,4364.495,4348.865,4356.605,1.384
2026-08-10 17:00:00+00:00,4356.825,4365.195,4351.385,4360.065,1.042
2026-08-10 18:00:00+00:00,4359.945,4382.705,4359.535,4378.145,0.931
2026-08-10 19:00:00+00:00,4378.165,4394.825,4378.165,4388.015,1.057
2026-08-10 20:00:00+00:00,4388.085,4392.035,4385.555,4388.425,0.175
2026-08-10 22:00:00+00:00,4385.505,4400.665,4385.505,4397.805,0.235
2026-08-10 23:00:00+00:00,4397.645,4402.617,4393.565,4402.055,0.309
2026-08-11 00:00:00+00:00,4402.185,4418.915,4395.955,4408.975,0.651
2026-08-11 01:00:00+00:00,4409.115,4433.885,4393.445,4429.235,1.925
2026-08-11 02:00:00+00:00,4429.195,4434.965,4407.525,4410.445,1.473
2026-08-11 03:00:00+00:00,4410.565,4421.365,4409.635,4416.555,0.824
2026-08-11 04:00:00+00:00,4416.425,4420.135,4403.085,4408.535,0.887
2026-08-11 05:00:00+00:00,4408.425,4408.865,4367.075,4375.245,1.536
2026-08-11 06:00:00+00:00,4375.275,4382.205,4359.255,4365.825,1.5
2026-08-11 07:00:00+00:00,4365.815,4367.515,4356.325,4357.405,1.145
2026-08-11 08:00:00+00:00,4357.335,4376.585,4356.735,4369.035,1.21
2026-08-11 09:00:00+00:00,4369.035,4375.355,4367.395,4372.225,1.013
2026-08-11 10:00:00+00:00,4372.375,4382.335,4370.995,4382.125,1.046
2026-08-11 11:00:00+00:00,4382.255,4392.825,4380.345,4387.575,1.487
2026-08-11 12:00:00+00:00,4387.555,4400.055,4383.625,4392.265,1.731
2026-08-11 13:00:00+00:00,4392.385,4403.945,4384.245,4388.965,2.485
2026-08-11 14:00:00+00:00,4388.965,4397.865,4380.965,4393.935,2.295
2026-08-11 15:00:00+00:00,4394.035,4398.665,4368.855,4383.655,2.197
2026-08-11 16:00:00+00:00,4383.665,4385.625,4378.245,4383.155,1.32
2026-08-11 17:00:00+00:00,4383.265,4385.665,4368.685,4369.065,1.384
2026-08-11 18:00:00+00:00,4369.165,4372.525,4360.095,4371.325,1.407
2026-08-11 19:00:00+00:00,4371.285,4374.085,4361.155,4370.705,1.183
2026-08-11 20:00:00+00:00,4370.595,4370.955,4365.425,4368.655,0.352
2026-08-11 22:00:00+00:00,4369.565,4378.145,4366.765,4367.975,0.379
2026-08-11 23:00:00+00:00,4368.445,4374.235,4361.495,4371.165,0.348
2026-08-12 00:00:00+00:00,4371.255,4383.265,4366.065,4380.285,0.612
2026-08-12 01:00:00+00:00,4380.555,4397.225,4377.905,4396.065,1.103
2026-08-12 02:00:00+00:00,4396.275,4414.225,4393.725,4410.905,1.317
2026-08-12 03:00:00+00:00,4410.755,4415.445,4400.375,4401.845,1.017
2026-08-12 04:00:00+00:00,4401.805,4402.965,4395.025,4400.755,0.645
2026-08-12 05:00:00+00:00,4400.895,4404.785,4383.635,4390.805,1.145
2026-08-12 06:00:00+00:00,4390.725,4406.135,4384.825,4403.045,1.008
2026-08-12 07:00:00+00:00,4402.935,4409.875,4397.985,4406.035,0.92
2026-08-12 08:00:00+00:00,4406.065,4410.285,4401.535,4401.665,0.781
2026-08-12 09:00:00+00:00,4401.805,4423.985,4401.685,4415.525,1.209
2026-08-12 10:00:00+00:00,4415.665,4420.825,4406.805,4412.545,0.865
2026-08-12 11:00:00+00:00,4412.615,4416.615,4407.725,4412.655,0.881
2026-08-12 12:00:00+00:00,4412.525,4438.105,4381.295,4437.285,2.174
2026-08-12 13:00:00+00:00,4437.105,4441.245,4408.245,4427.255,3.116
2026-08-12 14:00:00+00:00,4427.605,4439.495,4416.195,4421.875,2.831
2026-08-12 15:00:00+00:00,4421.855,4429.795,4410.745,4420.895,2.08
2026-08-12 16:00:00+00:00,4420.935,4426.445,4396.295,4401.355,1.787
2026-08-12 17:00:00+00:00,4401.355,4411.275,4398.815,4399.245,1.378
2026-08-12 18:00:00+00:00,4398.965,4417.795,4395.975,4412.765,0.996
2026-08-12 19:00:00+00:00,4412.865,4418.285,4408.085,4413.765,1.017
2026-08-12 20:00:00+00:00,4413.735,4414.115,4406.365,4407.875,0.284
2026-08-12 22:00:00+00:00,4408.145,4410.515,4398.065,4401.055,0.191
2026-08-12 23:00:00+00:00,4400.455,4414.545,4400.455,4414.105,0.178
2026-08-13 00:00:00+00:00,4413.995,4449.455,4412.625,4427.005,0.86
2026-08-13 01:00:00+00:00,4427.525,4435.135,4405.795,4408.145,1.722
2026-08-13 02:00:00+00:00,4408.045,4413.935,4398.545,4406.725,1.295
2026-08-13 03:00:00+00:00,4406.715,4412.025,4398.445,4400.095,0.891
2026-08-13 04:00:00+00:00,4399.945,4400.155,4391.375,4397.475,0.87
2026-08-13 05:00:00+00:00,4397.475,4407.125,4380.325,4382.905,1.423
2026-08-13 06:00:00+00:00,4382.885,4385.365,4368.695,4380.735,0.98
2026-08-13 07:00:00+00:00,4380.425,4381.655,4369.155,4369.795,1.256
2026-08-13 08:00:00+00:00,4369.635,4379.085,4363.905,4375.735,1.21
2026-08-13 09:00:00+00:00,4375.805,4384.715,4372.375,4384.445,0.994
2026-08-13 10:00:00+00:00,4384.575,4393.685,4381.185,4391.955,0.842
2026-08-13 11:00:00+00:00,4391.865,4396.475,4382.715,4387.435,1.027
2026-08-13 12:00:00+00:00,4387.555,4401.765,4380.575,4401.615,1.68
2026-08-13 13:00:00+00:00,4401.555,4401.965,4370.585,4372.735,2.389
2026-08-13 14:00:00+00:00,4372.785,4387.005,4352.755,4383.485,2.433
2026-08-13 15:00:00+00:00,4383.685,4385.505,4356.995,4364.825,2.078
2026-08-13 16:00:00+00:00,4364.895,4368.305,4350.925,4366.755,1.624
2026-08-13 17:00:00+00:00,4366.855,4373.145,4355.415,4355.695,1.495
2026-08-13 18:00:00+00:00,4355.725,4363.365,4354.395,4356.715,1.221
2026-08-13 19:00:00+00:00,4356.835,4358.775,4343.365,4349.925,1.235
2026-08-13 20:00:00+00:00,4349.915,4351.975,4346.715,4349.255,0.341
2026-08-13 22:00:00+00:00,4351.215,4362.575,4350.145,4353.645,0.328
2026-08-13 23:00:00+00:00,4354.065,4364.005,4348.065,4356.035,0.363
2026-08-14 00:00:00+00:00,4355.855,4361.785,4328.915,4340.825,0.808
2026-08-14 01:00:00+00:00,4340.755,4341.235,4312.015,4317.885,1.884
2026-08-14 02:00:00+00:00,4317.995,4322.835,4310.375,4315.045,1.438
2026-08-14 03:00:00+00:00,4315.525,4328.085,4313.415,4323.315,0.816
2026-08-14 04:00:00+00:00,4323.345,4327.785,4322.425,4326.765,0.583
2026-08-14 05:00:00+00:00,4326.905,4333.415,4310.895,4333.395,1.106
2026-08-14 06:00:00+00:00,4333.375,4336.505,4327.765,4335.445,0.725
2026-08-14 07:00:00+00:00,4335.245,4345.065,4329.505,4343.495,0.991
2026-08-14 08:00:00+00:00,4343.555,4349.565,4341.715,4348.475,1.087
2026-08-14 09:00:00+00:00,4348.335,4357.365,4345.915,4356.985,0.894
2026-08-14 10:00:00+00:00,4357.155,4358.515,4347.725,4349.155,0.854
2026-08-14 11:00:00+00:00,4349.405,4369.235,4348.315,4369.035,1.049
2026-08-14 12:00:00+00:00,4369.035,4386.665,4365.635,4373.505,1.705
2026-08-14 13:00:00+00:00,4373.535,4396.765,4370.095,4384.435,2.333
2026-08-14 14:00:00+00:00,4384.205,4394.385,4378.685,4381.165,1.932
2026-08-14 15:00:00+00:00,4381.185,4394.735,4378.665,4391.515,1.828
2026-08-14 16:00:00+00:00,4391.495,4396.465,4380.005,4385.615,1.193
2026-08-14 17:00:00+00:00,4385.705,4386.385,4376.015,4378.115,1.016
2026-08-14 18:00:00+00:00,4378.125,4382.625,4370.615,4373.315,0.92
2026-08-14 19:00:00+00:00,4373.315,4379.845,4371.705,4375.875,0.959
2026-08-14 20:00:00+00:00,4375.785,4376.275,4371.195,4374.205,0.346
2026-08-16 22:00:00+00:00,4375.815,4385.395,4370.705,4384.605,0.388
2026-08-16 23:00:00+00:00,4384.605,4384.795,4366.865,4370.125,0.323
2026-08-17 00:00:00+00:00,4370.255,4401.925,4367.575,4400.525,0.648
2026-08-17 01:00:00+00:00,4400.665,4416.235,4391.885,4395.305,1.837
2026-08-17 02:00:00+00:00,4395.395,4398.095,4388.055,4392.895,1.224
2026-08-17 03:00:00+00:00,4393.015,4397.625,4387.765,4396.625,0.824
2026-08-17 04:00:00+00:00,4396.715,4399.325,4388.575,4390.475,0.684
2026-08-17 05:00:00+00:00,4390.325,4401.075,4386.765,4394.415,1.006
2026-08-17 06:00:00+00:00,4394.655,4404.465,4392.425,4402.925,0.839
2026-08-17 07:00:00+00:00,4402.755,4411.245,4395.835,4405.025,1.151
2026-08-17 08:00:00+00:00,4404.465,4404.465,4392.285,4394.845,0.963
2026-08-17 09:00:00+00:00,4394.945,4400.365,4392.405,4395.355,0.91
2026-08-17 10:00:00+00:00,4395.445,4405.645,4391.695,4398.765,1.006
2026-08-17 11:00:00+00:00,4398.955,4404.725,4395.335,4396.565,0.974
2026-08-17 12:00:00+00:00,4396.465,4398.635,4376.785,4384.625,1.101
2026-08-17 13:00:00+00:00,4384.745,4415.815,4381.695,4408.285,1.257
2026-08-17 14:00:00+00:00,4408.285,4427.265,4403.485,4417.075,1.431
2026-08-17 15:00:00+00:00,4417.245,4427.635,4414.995,4427.425,1.642
2026-08-17 16:00:00+00:00,4427.335,4428.675,4422.355,4423.955,1.037
2026-08-17 17:00:00+00:00,4423.885,4425.925,4410.925,4413.285,1.323
2026-08-17 18:00:00+00:00,4413.325,4415.795,4397.845,4406.425,1.192
2026-08-17 19:00:00+00:00,4406.255,4420.955,4399.915,4419.715,1.062
2026-08-17 20:00:00+00:00,4419.575,4421.255,4414.135,4414.575,0.273
2026-08-17 22:00:00+00:00,4417.275,4418.755,4409.995,4410.885,0.232
2026-08-17 23:00:00+00:00,4411.015,4425.705,4408.925,4425.605,0.361
2026-08-18 00:00:00+00:00,4425.495,4434.785,4418.545,4434.325,0.728
2026-08-18 01:00:00+00:00,4434.105,4435.905,4403.885,4407.715,1.615
2026-08-18 02:00:00+00:00,4407.575,4407.765,4393.675,4399.665,1.31
2026-08-18 03:00:00+00:00,4399.545,4403.985,4390.235,4391.565,0.931
2026-08-18 04:00:00+00:00,4391.475,4395.325,4388.585,4393.355,0.733
2026-08-18 05:00:00+00:00,4393.335,4397.425,4385.645,4394.015,0.973
2026-08-18 06:00:00+00:00,4394.095,4399.985,4387.445,4398.615,0.65
2026-08-18 07:00:00+00:00,4398.505,4403.545,4395.205,4395.475,1.057
2026-08-18 08:00:00+00:00,4395.635,4398.435,4386.725,4393.135,1.257
2026-08-18 09:00:00+00:00,4392.925,4394.755,4386.765,4393.125,1.118
2026-08-18 10:00:00+00:00,4393.165,4399.355,4389.585,4397.425,0.84
2026-08-18 11:00:00+00:00,4397.625,4398.945,4388.395,4395.835,0.949
2026-08-18 12:00:00+00:00,4396.105,4400.575,4389.355,4393.955,1.422
2026-08-18 13:00:00+00:00,4393.835,4406.295,4374.845,4394.315,2.598
2026-08-18 14:00:00+00:00,4394.415,4406.325,4363.365,4366.295,2.992
2026-08-18 15:00:00+00:00,4366.515,4377.395,4351.415,4364.695,2.795
2026-08-18 16:00:00+00:00,4364.585,4371.505,4362.865,4363.675,1.549
2026-08-18 17:00:00+00:00,4363.515,4368.255,4356.525,4357.515,1.5
2026-08-18 18:00:00+00:00,4357.645,4360.845,4352.575,4354.095,1.15
2026-08-18 19:00:00+00:00,4354.125,4358.515,4338.205,4345.415,1.306
2026-08-18 20:00:00+00:00,4345.455,4346.275,4329.295,4330.135,0.312
2026-08-18 22:00:00+00:00,4332.745,4342.53,4332.015,4332.765,0.369
2026-08-18 23:00:00+00:00,4333.035,4337.285,4326.735,4332.785,0.466
2026-08-19 00:00:00+00:00,4332.925,4346.975,4331.195,4337.555,0.926
2026-08-19 01:00:00+00:00,4337.185,4357.415,4323.925,4356.315,1.914
2026-08-19 02:00:00+00:00,4356.415,4361.845,4351.045,4354.845,1.444
2026-08-19 03:00:00+00:00,4354.825,4360.205,4351.735,4354.765,0.916
2026-08-19 04:00:00+00:00,4354.965,4356.035,4343.625,4348.325,0.752
2026-08-19 05:00:00+00:00,4348.325,4350.565,4334.975,4335.465,1.362
2026-08-19 06:00:00+00:00,4335.455,4349.185,4335.235,4348.905,1.531
2026-08-19 07:00:00+00:00,4348.615,4363.115,4347.295,4354.735,1.079
2026-08-19 08:00:00+00:00,4354.635,4362.875,4350.985,4355.385,1.022
2026-08-19 09:00:00+00:00,4355.275,4361.725,4353.165,4361.635,0.8
2026-08-19 10:00:00+00:00,4361.895,4369.305,4359.435,4367.045,0.806
2026-08-19 11:00:00+00:00,4367.225,4373.965,4362.965,4364.325,0.949
2026-08-19 12:00:00+00:00,4364.345,4442.197,4361.805,4438.515,2.073
2026-08-19 13:00:00+00:00,4438.515,4465.925,4423.825,4459.285,2.262
2026-08-19 14:00:00+00:00,4459.385,4498.235,4454.895,4487.975,2.253
2026-08-19 15:00:00+00:00,4487.995,4494.135,4477.895,4493.625,2.14
2026-08-19 16:00:00+00:00,4493.625,4499.125,4490.415,4493.025,1.697
2026-08-19 17:00:00+00:00,4493.525,4498.975,4484.105,4486.605,1.571
2026-08-19 18:00:00+00:00,4486.605,4496.585,4471.755,4494.875,1.627
2026-08-19 19:00:00+00:00,4494.955,4512.075,4494.235,4511.075,1.46
2026-08-19 20:00:00+00:00,4510.995,4524.135,4504.795,4522.295,0.423
2026-08-19 22:00:00+00:00,4522.135,4527.475,4515.195,4517.545,0.405
2026-08-19 23:00:00+00:00,4517.635,4522.515,4510.695,4511.055,0.345
2026-08-20 00:00:00+00:00,4510.895,4520.925,4503.235,4504.215,0.853
2026-08-20 01:00:00+00:00,4504.395,4509.785,4484.055,4489.225,1.863
2026-08-20 02:00:00+00:00,4489.265,4499.565,4488.025,4490.425,1.257
2026-08-20 03:00:00+00:00,4490.275,4500.535,4487.645,4498.405,0.875
2026-08-20 04:00:00+00:00,4498.465,4498.815,4485.895,4488.415,0.674
2026-08-20 05:00:00+00:00,4488.315,4493.745,4477.515,4481.265,0.901
2026-08-20 06:00:00+00:00,4481.205,4495.705,4479.775,4493.525,0.737
2026-08-20 07:00:00+00:00,4493.295,4494.125,4483.315,4490.805,1.288
2026-08-20 08:00:00+00:00,4490.925,4498.575,4486.935,4489.165,1.473
2026-08-20 09:00:00+00:00,4489.205,4494.065,4481.685,4482.485,1.255
2026-08-20 10:00:00+00:00,4482.445,4494.805,4480.575,4489.925,1.082
2026-08-20 11:00:00+00:00,4489.975,4491.125,4465.295,4466.865,1.665
2026-08-20 12:00:00+00:00,4467.065,4476.875,4450.365,4474.605,2.409
2026-08-20 13:00:00+00:00,4474.695,4489.175,4469.135,4481.555,2.97
2026-08-20 14:00:00+00:00,4481.475,4516.075,4480.445,4515.735,3.137
2026-08-20 15:00:00+00:00,4515.845,4540.795,4508.455,4521.435,3.018
2026-08-20 16:00:00+00:00,4521.465,4524.615,4502.565,4509.805,2.002
2026-08-20 17:00:00+00:00,4510.005,4520.335,4507.565,4519.775,1.507
2026-08-20 18:00:00+00:00,4519.895,4525.125,4508.105,4521.855,1.664
2026-08-20 19:00:00+00:00,4521.805,4531.885,4517.955,4528.405,1.585
2026-08-20 20:00:00+00:00,4528.305,4528.925,4514.005,4514.005,0.525
2026-08-20 22:00:00+00:00,4517.695,4524.365,4515.765,4523.705,0.288
2026-08-20 23:00:00+00:00,4523.605,4532.645,4520.565,4526.195,0.444
2026-08-21 00:00:00+00:00,4526.065,4527.455,4509.505,4510.045,1.117
2026-08-21 01:00:00+00:00,4510.145,4543.515,4508.545,4530.545,1.93
2026-08-21 02:00:00+00:00,4530.415,4542.675,4517.775,4533.365,1.369
2026-08-21 03:00:00+00:00,4533.285,4538.185,4526.435,4535.165,0.877
2026-08-21 04:00:00+00:00,4535.395,4547.875,4535.125,4540.305,0.775
2026-08-21 05:00:00+00:00,4540.345,4556.035,4529.045,4553.335,1.109
2026-08-21 06:00:00+00:00,4553.335,4567.475,4545.335,4560.725,0.941
2026-08-21 07:00:00+00:00,4560.555,4568.025,4558.215,4564.305,1.261
2026-08-21 08:00:00+00:00,4564.425,4584.825,4559.045,4583.975,1.577
2026-08-21 09:00:00+00:00,4584.045,4601.875,4580.175,4582.535,1.468
2026-08-21 10:00:00+00:00,4582.535,4594.055,4577.785,4588.255,1.25
2026-08-21 11:00:00+00:00,4588.345,4604.575,4586.985,4596.835,1.658
2026-08-21 12:00:00+00:00,4596.975,4601.415,4563.255,4577.755,1.96
2026-08-21 13:00:00+00:00,4577.715,4592.835,4573.235,4580.745,2.687
2026-08-21 14:00:00+00:00,4580.755,4603.535,4579.615,4591.315,2.829
2026-08-21 15:00:00+00:00,4591.415,4615.135,4587.035,4614.435,1.218
2026-08-21 16:00:00+00:00,4614.485,4629.155,4608.885,4628.495,0.999
2026-08-21 17:00:00+00:00,4628.665,4631.935,4614.845,4620.395,1.105
2026-08-21 18:00:00+00:00,4620.505,4627.565,4619.205,4624.145,0.677
2026-08-21 19:00:00+00:00,4624.275,4625.465,4614.855,4616.675,0.958
2026-08-21 20:00:00+00:00,4616.705,4617.355,4601.745,4602.055,0.533
2026-08-23 22:00:00+00:00,4617.275,4623.785,4604.425,4604.555,0.543
2026-08-23 23:00:00+00:00,4604.555,4624.335,4603.275,4623.755,0.446
2026-08-24 00:00:00+00:00,4623.615,4640.505,4594.005,4621.575,1.12
2026-08-24 01:00:00+00:00,4621.585,4637.525,4607.595,4631.845,2.128
2026-08-24 02:00:00+00:00,4631.845,4656.765,4627.215,4643.325,2.215
2026-08-24 03:00:00+00:00,4643.315,4649.915,4633.145,4641.225,1.467
2026-08-24 04:00:00+00:00,4641.455,4642.425,4632.215,4638.565,1.127
2026-08-24 05:00:00+00:00,4638.705,4646.145,4629.545,4640.505,1.604
2026-08-24 06:00:00+00:00,4640.505,4659.655,4638.845,4649.565,1.708
2026-08-24 07:00:00+00:00,4649.255,4654.305,4629.945,4641.405,1.591
2026-08-24 08:00:00+00:00,4641.735,4645.975,4628.615,4637.735,1.526
2026-08-24 09:00:00+00:00,4637.725,4645.955,4632.585,4645.665,1.156
2026-08-24 10:00:00+00:00,4645.805,4650.015,4641.545,4643.105,1.125
2026-08-24 11:00:00+00:00,4643.095,4670.035,4638.905,4657.655,1.754
2026-08-24 12:00:00+00:00,4657.395,4668.485,4645.085,4662.465,1.866
2026-08-24 13:00:00+00:00,4662.625,4680.655,4655.915,4664.565,1.963
2026-08-24 14:00:00+00:00,4664.445,4678.435,4655.075,4670.125,1.956
2026-08-24 15:00:00+00:00,4670.245,4679.535,4639.505,4648.895,1.614
2026-08-24 16:00:00+00:00,4648.885,4661.855,4641.775,4644.565,1.288
2026-08-24 17:00:00+00:00,4644.575,4655.185,4629.845,4636.355,1.461
2026-08-24 18:00:00+00:00,4636.215,4641.865,4624.875,4636.255,1.363
2026-08-24 19:00:00+00:00,4636.035,4655.675,4635.655,4651.465,1.461
2026-08-24 20:00:00+00:00,4651.455,4654.805,4646.755,4651.415,0.372
2026-08-24 22:00:00+00:00,4650.385,4667.365,4649.635,4666.555,0.244
2026-08-24 23:00:00+00:00,4666.945,4682.795,4665.815,4679.545,0.42
2026-08-25 00:00:00+00:00,4679.875,4696.635,4674.925,4684.215,1.21
2026-08-25 01:00:00+00:00,4683.915,4686.645,4656.375,4657.885,2.147
2026-08-25 02:00:00+00:00,4657.785,4661.275,4616.815,4629.275,2.578
2026-08-25 03:00:00+00:00,4629.235,4641.045,4622.215,4633.485,1.58
2026-08-25 04:00:00+00:00,4633.585,4637.515,4623.515,4625.665,1.046
2026-08-25 05:00:00+00:00,4625.565,4647.585,4623.735,4642.795,1.649
2026-08-25 06:00:00+00:00,4642.735,4653.095,4636.545,4637.795,1.279
2026-08-25 07:00:00+00:00,4637.935,4643.575,4629.545,4630.045,1.294
2026-08-25 08:00:00+00:00,4629.945,4645.255,4619.925,4630.185,1.663
2026-08-25 09:00:00+00:00,4630.165,4642.315,4624.025,4636.215,1.634
2026-08-25 10:00:00+00:00,4636.305,4642.125,4632.675,4639.045,1.092
2026-08-25 11:00:00+00:00,4639.045,4647.205,4636.195,4642.185,1.242
2026-08-25 12:00:00+00:00,4642.415,4643.975,4629.915,4640.645,1.571
2026-08-25 13:00:00+00:00,4640.555,4640.865,4604.815,4615.955,2.836
2026-08-25 14:00:00+00:00,4615.845,4639.875,4612.425,4635.435,2.837
2026-08-25 15:00:00+00:00,4635.755,4659.145,4629.285,4652.555,2.643
2026-08-25 16:00:00+00:00,4652.715,4653.325,4636.705,4643.365,1.962
2026-08-25 17:00:00+00:00,4643.365,4648.315,4633.935,4648.245,1.588
2026-08-25 18:00:00+00:00,4648.165,4654.925,4644.025,4654.485,1.163
2026-08-25 19:00:00+00:00,4654.385,4667.835,4653.185,4666.565,1.249
2026-08-25 20:00:00+00:00,4666.545,4668.805,4656.625,4656.625,0.329
2026-08-25 22:00:00+00:00,4655.725,4673.565,4655.215,4671.225,0.269
2026-08-25 23:00:00+00:00,4671.135,4672.145,4652.765,4654.625,0.343
2026-08-26 00:00:00+00:00,4654.585,4657.535,4634.135,4637.285,0.707
2026-08-26 01:00:00+00:00,4637.185,4660.705,4629.235,4656.765,1.916
2026-08-26 02:00:00+00:00,4656.875,4670.585,4654.605,4658.075,1.379
2026-08-26 03:00:00+00:00,4658.125,4658.555,4642.185,4642.375,0.995
2026-08-26 04:00:00+00:00,4642.495,4643.965,4638.495,4640.435,0.577
2026-08-26 05:00:00+00:00,4640.315,4649.295,4635.085,4639.295,1.089
2026-08-26 06:00:00+00:00,4639.435,4641.245,4624.225,4634.045,0.923
2026-08-26 07:00:00+00:00,4633.905,4639.135,4626.255,4628.825,1.263
2026-08-26 08:00:00+00:00,4628.735,4630.615,4622.005,4628.145,1.207
2026-08-26 09:00:00+00:00,4628.395,4630.845,4616.015,4622.995,1.136
2026-08-26 10:00:00+00:00,4622.865,4624.105,4613.195,4620.025,0.894
2026-08-26 11:00:00+00:00,4620.095,4625.005,4616.285,4624.415,1.09
2026-08-26 12:00:00+00:00,4624.435,4632.665,4610.705,4614.405,2.022
2026-08-26 13:00:00+00:00,4614.215,4631.685,4597.865,4631.395,2.957
2026-08-26 14:00:00+00:00,4631.515,4633.265,4602.535,4602.665,2.08
2026-08-26 15:00:00+00:00,4602.965,4608.995,4582.785,4595.825,2.469
2026-08-26 16:00:00+00:00,4595.815,4601.345,4585.365,4591.445,1.791
2026-08-26 17:00:00+00:00,4591.445,4602.115,4590.395,4597.555,1.373
2026-08-26 18:00:00+00:00,4597.585,4604.355,4592.245,4593.635,1.074
2026-08-26 19:00:00+00:00,4593.965,4601.525,4590.885,4594.305,1.08
2026-08-26 20:00:00+00:00,4594.245,4596.445,4583.955,4589.965,0.571
2026-08-26 22:00:00+00:00,4594.365,4613.065,4593.945,4608.585,0.417
2026-08-26 23:00:00+00:00,4608.385,4624.775,4606.275,4623.205,0.425
2026-08-27 00:00:00+00:00,4623.075,4626.785,4600.165,4605.015,0.985
2026-08-27 01:00:00+00:00,4604.525,4640.635,4602.005,4639.665,1.538
2026-08-27 02:00:00+00:00,4640.045,4642.535,4623.025,4629.195,1.148
2026-08-27 03:00:00+00:00,4629.135,4638.365,4623.875,4625.075,0.743
2026-08-27 04:00:00+00:00,4625.195,4627.105,4616.675,4618.405,0.708
2026-08-27 05:00:00+00:00,4618.305,4621.365,4600.675,4606.615,1.215
2026-08-27 06:00:00+00:00,4606.635,4611.485,4597.715,4600.065,1.162
2026-08-27 07:00:00+00:00,4600.035,4605.635,4593.285,4600.025,1.197
2026-08-27 08:00:00+00:00,4600.005,4606.685,4594.465,4598.925,1.108
2026-08-27 09:00:00+00:00,4598.835,4600.525,4578.405,4580.215,1.307
2026-08-27 10:00:00+00:00,4580.325,4590.375,4568.885,4589.855,1.182
2026-08-27 11:00:00+00:00,4589.805,4600.175,4587.105,4598.075,1.136
2026-08-27 12:00:00+00:00,4598.195,4600.865,4580.075,4585.625,1.309
2026-08-27 13:00:00+00:00,4585.765,4593.085,4564.225,4572.205,2.571
2026-08-27 14:00:00+00:00,4572.345,4597.935,4568.285,4591.045,2.769
2026-08-27 15:00:00+00:00,4590.895,4611.205,4588.555,4610.295,2.209
2026-08-27 16:00:00+00:00,4610.285,4616.345,4602.035,4614.545,0.962
2026-08-27 17:00:00+00:00,4615.145,4616.245,4604.865,4606.185,0.963
2026-08-27 18:00:00+00:00,4606.075,4610.995,4600.655,4610.115,0.727
2026-08-27 19:00:00+00:00,4609.955,4617.935,4603.795,4609.095,0.734
2026-08-27 20:00:00+00:00,4608.885,4609.615,4599.785,4600.155,0.212
2026-08-27 22:00:00+00:00,4601.815,4610.305,4599.625,4609.115,0.264
2026-08-27 23:00:00+00:00,4608.985,4609.685,4593.485,4594.135,0.222
2026-08-28 00:00:00+00:00,4594.255,4602.405,4585.345,4588.375,0.687
2026-08-28 01:00:00+00:00,4588.535,4602.135,4575.035,4575.605,1.898
2026-08-28 02:00:00+00:00,4575.715,4589.375,4574.635,4586.025,1.119
2026-08-28 03:00:00+00:00,4586.085,4590.015,4578.305,4579.495,0.927
2026-08-28 04:00:00+00:00,4579.425,4585.245,4577.495,4584.085,0.629
2026-08-28 05:00:00+00:00,4584.245,4586.045,4571.085,4573.005,1.046
2026-08-28 06:00:00+00:00,4573.115,4612.955,4572.145,4612.435,1.035
2026-08-28 07:00:00+00:00,4612.315,4614.195,4596.345,4611.595,1.396
2026-08-28 08:00:00+00:00,4611.305,4614.375,4600.735,4602.585,0.984
2026-08-28 09:00:00+00:00,4602.365,4607.315,4600.195,4604.915,0.871
2026-08-28 10:00:00+00:00,4605.075,4609.725,4597.295,4599.975,0.871
2026-08-28 11:00:00+00:00,4599.975,4601.125,4591.065,4593.165,1.166
2026-08-28 12:00:00+00:00,4593.165,4603.395,4588.865,4601.335,1.686
2026-08-28 13:00:00+00:00,4601.415,4627.085,4593.485,4604.275,2.691
2026-08-28 14:00:00+00:00,4602.275,4630.835,4529.465,4576.665,3.469
2026-08-28 15:00:00+00:00,4576.465,4582.825,4523.835,4524.135,3.186
2026-08-28 16:00:00+00:00,4524.175,4529.255,4463.635,4479.025,3.101
2026-08-28 17:00:00+00:00,4479.185,4486.565,4459.955,4469.145,2.576
2026-08-28 18:00:00+00:00,4469.075,4471.375,4445.205,4456.665,2.337
2026-08-28 19:00:00+00:00,4456.605,4466.775,4452.435,4457.965,1.965
2026-08-28 20:00:00+00:00,4458.065,4462.505,4449.135,4450.065,0.706
2026-08-30 22:00:00+00:00,4431.405,4465.935,4431.405,4460.845,0.584
2026-08-30 23:00:00+00:00,4460.655,4466.215,4435.395,4458.155,0.802
2026-08-31 00:00:00+00:00,4458.295,4471.775,4451.765,4455.885,1.259
2026-08-31 01:00:00+00:00,4456.005,4462.955,4435.635,4439.705,2.699
2026-08-31 02:00:00+00:00,4439.755,4441.375,4396.145,4422.485,2.249
2026-08-31 03:00:00+00:00,4422.535,4433.655,4419.495,4422.495,1.212
2026-08-31 04:00:00+00:00,4422.355,4424.725,4412.615,4424.225,0.853
2026-08-31 05:00:00+00:00,4424.325,4443.525,4418.885,4442.535,1.391
2026-08-31 06:00:00+00:00,4442.695,4442.985,4429.075,4439.025,0.952
2026-08-31 07:00:00+00:00,4438.885,4448.095,4434.885,4443.045,1.27
2026-08-31 08:00:00+00:00,4442.955,4449.345,4433.635,4435.375,1.198
2026-08-31 09:00:00+00:00,4435.745,4445.335,4435.355,4445.335,0.935
2026-08-31 10:00:00+00:00,4445.215,4455.445,4444.625,4453.665,1.124
2026-08-31 11:00:00+00:00,4453.655,4463.855,4452.255,4455.095,1.157
2026-08-31 12:00:00+00:00,4455.205,4460.795,4435.165,4435.525,1.854
2026-08-31 13:00:00+00:00,4435.545,4448.145,4415.575,4418.245,2.751
2026-08-31 14:00:00+00:00,4418.475,4436.275,4415.925,4431.495,2.984
2026-08-31 15:00:00+00:00,4431.515,4437.615,4424.535,4426.035,2.534
2026-08-31 16:00:00+00:00,4426.035,4440.125,4423.575,4433.225,1.881
2026-08-31 17:00:00+00:00,4433.105,4439.955,4428.535,4436.415,1.702
2026-08-31 18:00:00+00:00,4436.465,4436.655,4426.135,4430.725,1.376
2026-08-31 19:00:00+00:00,4430.795,4453.565,4428.925,4453.305,1.573
2026-08-31 20:00:00+00:00,4453.195,4455.595,4444.845,4447.385,0.592
2026-08-31 22:00:00+00:00,4449.055,4455.555,4445.135,4446.435,0.255
2026-08-31 23:00:00+00:00,4446.555,4452.185,4441.355,4451.865,0.439
2026-09-01 00:00:00+00:00,4452.165,4461.275,4446.115,4453.265,1.259
2026-09-01 01:00:00+00:00,4453.425,4456.555,4436.085,4444.155,1.519
2026-09-01 02:00:00+00:00,4443.975,4448.895,4427.385,4442.835,1.289
2026-09-01 03:00:00+00:00,4442.595,4443.845,4431.465,4436.585,0.809
2026-09-01 04:00:00+00:00,4436.565,4437.695,4425.235,4426.365,0.703
2026-09-01 05:00:00+00:00,4426.255,4445.825,4423.495,4439.825,1.044
2026-09-01 06:00:00+00:00,4439.745,4440.415,4427.495,4429.375,0.825
2026-09-01 07:00:00+00:00,4429.265,4434.735,4411.815,4419.825,1.766
2026-09-01 08:00:00+00:00,4419.945,4419.945,4369.085,4370.625,2.677
2026-09-01 09:00:00+00:00,4370.515,4377.955,4364.405,4364.435,2.058
2026-09-01 10:00:00+00:00,4364.415,4385.625,4364.005,4377.885,1.433
2026-09-01 11:00:00+00:00,4378.005,4387.145,4371.745,4374.225,1.573
2026-09-01 12:00:00+00:00,4374.235,4375.895,4351.705,4356.025,2.247
2026-09-01 13:00:00+00:00,4355.995,4367.185,4325.975,4364.645,2.91
2026-09-01 14:00:00+00:00,4364.695,4375.355,4352.815,4360.115,3.0
2026-09-01 15:00:00+00:00,4360.375,4373.725,4354.935,4372.595,2.241
2026-09-01 16:00:00+00:00,4372.635,4374.465,4346.795,4351.175,2.534
2026-09-01 17:00:00+00:00,4351.335,4351.785,4340.725,4342.775,2.031
2026-09-01 18:00:00+00:00,4342.845,4344.405,4328.005,4331.545,1.825
2026-09-01 19:00:00+00:00,4331.555,4337.615,4322.525,4327.065,1.687
2026-09-01 20:00:00+00:00,4327.005,4330.545,4323.525,4327.425,0.517
2026-09-01 22:00:00+00:00,4327.585,4334.085,4325.775,4328.705,0.286
2026-09-01 23:00:00+00:00,4328.625,4335.655,4322.735,4324.315,0.41
2026-09-02 00:00:00+00:00,4324.195,4334.285,4314.325,4315.405,1.428
2026-09-02 01:00:00+00:00,4315.515,4326.645,4287.715,4290.485,2.043
2026-09-02 02:00:00+00:00,4290.765,4314.655,4286.925,4302.715,1.291
2026-09-02 03:00:00+00:00,4302.675,4304.205,4282.035,4302.915,1.104
2026-09-02 04:00:00+00:00,4303.135,4307.635,4301.065,4306.845,0.626
2026-09-02 05:00:00+00:00,4307.005,4326.485,4303.115,4319.735,1.297
2026-09-02 06:00:00+00:00,4319.755,4329.235,4314.375,4321.535,1.044
2026-09-02 07:00:00+00:00,4321.375,4331.175,4319.035,4322.905,1.599
2026-09-02 08:00:00+00:00,4323.045,4331.565,4312.325,4312.705,1.6
2026-09-02 09:00:00+00:00,4312.705,4322.225,4304.555,4308.395,1.514
2026-09-02 10:00:00+00:00,4308.555,4312.155,4301.395,4309.155,1.22
2026-09-02 11:00:00+00:00,4309.025,4332.845,4307.325,4332.105,1.792
2026-09-02 12:00:00+00:00,4332.195,4344.125,4327.145,4331.135,2.16
2026-09-02 13:00:00+00:00,4331.275,4385.285,4330.495,4384.945,2.989
2026-09-02 14:00:00+00:00,4384.845,4397.475,4374.025,4376.735,3.03
2026-09-02 15:00:00+00:00,4376.785,4380.585,4364.205,4372.895,2.454
2026-09-02 16:00:00+00:00,4372.665,4374.605,4364.165,4368.115,1.657
2026-09-02 17:00:00+00:00,4368.115,4380.495,4364.365,4376.785,1.441
2026-09-02 18:00:00+00:00,4376.735,4379.465,4368.985,4373.965,1.308
2026-09-02 19:00:00+00:00,4373.965,4391.155,4371.595,4390.805,1.306
2026-09-02 20:00:00+00:00,4390.725,4391.365,4383.675,4387.055,0.515
2026-09-02 22:00:00+00:00,4386.845,4392.785,4383.045,4384.025,0.224
2026-09-02 23:00:00+00:00,4384.165,4388.625,4380.745,4385.455,0.323
2026-09-03 00:00:00+00:00,4385.265,4397.465,4382.145,4395.175,0.834
2026-09-03 01:00:00+00:00,4395.175,4412.545,4386.865,4410.055,1.852
2026-09-03 02:00:00+00:00,4410.075,4420.485,4406.495,4420.095,1.498
2026-09-03 03:00:00+00:00,4420.265,4432.375,4419.105,4431.335,1.056
2026-09-03 04:00:00+00:00,4431.125,4438.655,4425.315,4437.145,0.742
2026-09-03 05:00:00+00:00,4437.005,4440.145,4422.415,4430.955,1.688
2026-09-03 06:00:00+00:00,4430.935,4436.135,4418.045,4420.455,1.003
2026-09-03 07:00:00+00:00,4420.385,4431.485,4418.665,4428.535,1.695
2026-09-03 08:00:00+00:00,4428.395,4443.465,4427.725,4434.775,1.744
2026-09-03 09:00:00+00:00,4434.855,4441.825,4425.335,4427.295,1.327
2026-09-03 10:00:00+00:00,4427.315,4429.785,4418.915,4427.075,1.315
2026-09-03 11:00:00+00:00,4426.935,4445.785,4424.715,4443.965,1.554
2026-09-03 12:00:00+00:00,4443.925,4495.035,4437.535,4493.405,2.585
2026-09-03 13:00:00+00:00,4493.395,4495.885,4456.355,4470.065,3.284
2026-09-03 14:00:00+00:00,4466.255,4485.205,4458.285,4485.155,2.348
2026-09-03 15:00:00+00:00,4485.145,4510.635,4484.015,4493.015,2.7
2026-09-03 16:00:00+00:00,4493.045,4495.465,4485.345,4486.115,1.72
2026-09-03 17:00:00+00:00,4486.205,4494.575,4482.985,4486.405,1.442
2026-09-03 18:00:00+00:00,4486.505,4489.635,4473.725,4475.075,1.275
2026-09-03 19:00:00+00:00,4474.845,4480.725,4472.395,4474.815,1.167
2026-09-03 20:00:00+00:00,4474.965,4475.365,4470.175,4473.275,0.672
2026-09-03 22:00:00+00:00,4472.615,4478.485,4471.095,4473.235,0.283
2026-09-03 23:00:00+00:00,4473.235,4479.995,4471.235,4479.805,0.255
2026-09-04 00:00:00+00:00,4479.895,4486.935,4472.415,4485.955,0.512
2026-09-04 01:00:00+00:00,4486.205,4487.015,4466.855,4478.515,1.432
2026-09-04 02:00:00+00:00,4478.365,4482.305,4469.895,4477.245,1.009
2026-09-04 03:00:00+00:00,4477.145,4478.635,4466.705,4466.785,0.706
2026-09-04 04:00:00+00:00,4466.735,4474.735,4465.145,4473.425,0.575
2026-09-04 05:00:00+00:00,4473.395,4477.365,4466.305,4471.935,0.955
2026-09-04 06:00:00+00:00,4471.965,4473.085,4459.925,4462.555,0.9
2026-09-04 07:00:00+00:00,4462.445,4490.625,4461.045,4483.235,1.344
2026-09-04 08:00:00+00:00,4483.125,4486.335,4474.245,4477.555,1.219
2026-09-04 09:00:00+00:00,4477.535,4479.065,4463.665,4465.375,1.148
2026-09-04 10:00:00+00:00,4465.225,4476.215,4465.225,4472.545,0.91
2026-09-04 11:00:00+00:00,4472.685,4473.105,4464.775,4466.885,0.968
2026-09-04 12:00:00+00:00,4466.895,4475.625,4374.145,4393.435,2.257
2026-09-04 13:00:00+00:00,4393.365,4434.485,4365.305,4412.955,2.731
2026-09-04 14:00:00+00:00,4413.275,4442.035,4411.795,4427.375,2.416
2026-09-04 15:00:00+00:00,4427.475,4448.545,4422.395,4436.455,2.142
2026-09-04 16:00:00+00:00,4436.325,4443.285,4431.915,4435.975,1.175
2026-09-04 17:00:00+00:00,4436.235,4440.405,4415.245,4416.615,1.435
2026-09-04 18:00:00+00:00,4416.715,4426.535,4411.955,4423.735,0.97
2026-09-04 19:00:00+00:00,4423.895,4438.225,4422.275,4434.625,0.707
2026-09-04 20:00:00+00:00,4434.485,4435.075,4428.295,4430.455,0.236
2026-09-06 22:00:00+00:00,4425.865,4434.925,4417.125,4428.195,0.242
2026-09-06 23:00:00+00:00,4428.095,4433.835,4420.855,4423.015,0.234
2026-09-07 00:00:00+00:00,4422.915,4429.225,4409.465,4412.155,0.539
2026-09-07 01:00:00+00:00,4412.225,4416.485,4389.315,4409.135,1.671
2026-09-07 02:00:00+00:00,4409.075,4418.785,4402.565,4408.505,1.138
2026-09-07 03:00:00+00:00,4408.615,4410.245,4401.005,4403.825,0.747
2026-09-07 04:00:00+00:00,4403.735,4406.995,4394.125,4397.795,0.546
2026-09-07 05:00:00+00:00,4397.685,4413.025,4392.925,4393.695,1.01
2026-09-07 06:00:00+00:00,4393.765,4399.635,4384.935,4392.435,0.766
2026-09-07 07:00:00+00:00,4392.575,4406.505,4391.625,4406.135,1.37
2026-09-07 08:00:00+00:00,4406.185,4423.755,4405.045,4410.775,1.442
2026-09-07 09:00:00+00:00,4410.775,4413.735,4403.355,4405.565,0.807
2026-09-07 10:00:00+00:00,4405.525,4406.075,4387.905,4391.515,0.845
2026-09-07 11:00:00+00:00,4391.265,4394.735,4380.935,4384.985,0.939
2026-09-07 12:00:00+00:00,4385.075,4397.885,4385.075,4396.565,0.803
2026-09-07 13:00:00+00:00,4396.655,4407.655,4395.175,4402.455,1.137
2026-09-07 14:00:00+00:00,4402.425,4419.485,4400.725,4415.835,1.135
2026-09-07 15:00:00+00:00,4415.865,4416.505,4408.605,4414.275,0.844
2026-09-07 16:00:00+00:00,4414.305,4417.065,4411.555,4414.205,0.394
2026-09-07 17:00:00+00:00,4414.305,4414.755,4406.595,4406.755,0.165
2026-09-07 18:00:00+00:00,4406.695,4408.785,4401.405,4404.775,0.109
2026-09-07 22:00:00+00:00,4407.265,4413.505,4405.605,4406.095,0.181
2026-09-07 23:00:00+00:00,4405.685,4427.715,4405.685,4422.505,0.342
2026-09-08 00:00:00+00:00,4422.615,4429.925,4414.755,4425.845,0.906
2026-09-08 01:00:00+00:00,4425.965,4440.475,4416.585,4436.655,1.293
2026-09-08 02:00:00+00:00,4437.045,4438.365,4420.865,4424.165,0.918
2026-09-08 03:00:00+00:00,4424.165,4439.845,4422.315,4437.515,0.708
2026-09-08 04:00:00+00:00,4438.145,4442.705,4431.155,4435.815,0.556
2026-09-08 05:00:00+00:00,4435.615,4437.415,4417.025,4419.015,0.967
2026-09-08 06:00:00+00:00,4419.515,4419.935,4397.835,4403.505,0.917
2026-09-08 07:00:00+00:00,4403.605,4409.285,4389.885,4392.175,1.297
2026-09-08 08:00:00+00:00,4392.315,4398.425,4387.645,4393.985,1.456
2026-09-08 09:00:00+00:00,4393.865,4405.515,4390.725,4402.695,1.01
2026-09-08 10:00:00+00:00,4402.705,4406.745,4393.455,4395.005,0.929
2026-09-08 11:00:00+00:00,4395.115,4407.795,4391.005,4406.245,1.049
2026-09-08 12:00:00+00:00,4406.595,4411.635,4385.155,4411.435,1.776
2026-09-08 13:00:00+00:00,4411.335,4413.075,4389.995,4395.345,2.563
2026-09-08 14:00:00+00:00,4395.345,4403.395,4388.825,4398.435,2.435
2026-09-08 15:00:00+00:00,4398.495,4409.095,4394.455,4394.575,1.751
2026-09-08 16:00:00+00:00,4394.555,4398.235,4380.155,4393.435,1.651
2026-09-08 17:00:00+00:00,4393.565,4403.655,4384.975,4389.685,1.363
2026-09-08 18:00:00+00:00,4389.825,4390.215,4358.075,4375.445,1.542
2026-09-08 19:00:00+00:00,4375.235,4377.045,4356.515,4359.115,1.78
2026-09-08 20:00:00+00:00,4359.145,4364.225,4345.015,4355.505,0.439
2026-09-08 22:00:00+00:00,4356.875,4358.665,4350.135,4352.975,0.267
2026-09-08 23:00:00+00:00,4352.775,4359.795,4348.835,4349.635,0.306
2026-09-09 00:00:00+00:00,4349.825,4365.265,4340.965,4364.375,0.68
2026-09-09 01:00:00+00:00,4364.285,4377.945,4353.675,4373.325,1.214
2026-09-09 02:00:00+00:00,4373.455,4384.335,4366.925,4382.265,0.902
2026-09-09 03:00:00+00:00,4382.155,4382.805,4374.675,4374.805,0.574
2026-09-09 04:00:00+00:00,4375.025,4382.345,4370.365,4381.065,0.556
2026-09-09 05:00:00+00:00,4381.175,4400.765,4380.105,4398.495,0.84
2026-09-09 06:00:00+00:00,4398.655,4405.975,4395.015,4400.365,0.613
2026-09-09 07:00:00+00:00,4400.225,4412.575,4399.055,4408.805,0.981
2026-09-09 08:00:00+00:00,4408.895,4411.785,4398.775,4400.325,1.029
2026-09-09 09:00:00+00:00,4400.405,4402.065,4388.315,4390.455,1.056
2026-09-09 10:00:00+00:00,4390.405,4402.955,4386.015,4399.175,1.122
2026-09-09 11:00:00+00:00,4399.185,4414.975,4399.185,4407.095,1.199
2026-09-09 12:00:00+00:00,4407.175,4409.115,4390.605,4399.895,1.59
2026-09-09 13:00:00+00:00,4399.815,4433.785,4398.415,4414.615,2.609
2026-09-09 14:00:00+00:00,4414.495,4428.285,4409.335,4418.505,2.542
2026-09-09 15:00:00+00:00,4418.495,4431.875,4374.465,4398.315,5.746
2026-09-09 16:00:00+00:00,4398.335,4410.238,4391.338,4409.238,3.201
2026-09-09 17:00:00+00:00,4409.188,4420.335,4408.645,4415.825,2.277
2026-09-09 18:00:00+00:00,4415.828,4421.425,4401.505,4403.045,2.189
2026-09-09 19:00:00+00:00,4403.015,4404.725,4395.368,4399.035,2.347
2026-09-09 20:00:00+00:00,4399.035,4402.595,4393.255,4400.848,0.694
2026-09-09 22:00:00+00:00,4402.365,4406.185,4397.508,4399.308,1.006
2026-09-09 23:00:00+00:00,4399.325,4402.885,4392.915,4393.995,1.631
2026-09-10 00:00:00+00:00,4393.955,4404.57,4389.398,4400.828,2.961
2026-09-10 01:00:00+00:00,4400.775,4418.855,4400.018,4412.015,4.478
2026-09-10 02:00:00+00:00,4412.015,4420.685,4407.825,4419.175,3.1
2026-09-10 03:00:00+00:00,4419.167,4420.945,4406.668,4408.895,2.64
2026-09-10 04:00:00+00:00,4408.835,4415.355,4405.435,4408.205,1.879
2026-09-10 05:00:00+00:00,4408.213,4431.135,4407.978,4430.825,2.861
2026-09-10 06:00:00+00:00,4430.748,4435.108,4410.695,4424.968,2.603
2026-09-10 07:00:00+00:00,4424.968,4425.185,4403.875,4411.575,2.684
2026-09-10 08:00:00+00:00,4411.561,4412.675,4392.295,4394.665,2.556
2026-09-10 09:00:00+00:00,4394.565,4396.715,4388.175,4393.835,2.163
2026-09-10 10:00:00+00:00,4393.815,4400.135,4375.225,4378.733,3.084
2026-09-10 11:00:00+00:00,4378.758,4390.565,4374.255,4374.255,3.542
2026-09-10 12:00:00+00:00,4374.365,4377.655,4323.915,4339.815,5.214
2026-09-10 13:00:00+00:00,4339.955,4375.745,4339.498,4365.648,6.033
2026-09-10 14:00:00+00:00,4365.648,4376.008,4353.684,4357.925,5.247
2026-09-10 15:00:00+00:00,4357.995,4372.015,4352.435,4365.595,4.679
2026-09-10 16:00:00+00:00,4365.625,4369.795,4353.825,4363.865,3.675
2026-09-10 17:00:00+00:00,4363.865,4367.725,4351.038,4352.538,3.251
2026-09-10 18:00:00+00:00,4352.578,4356.025,4329.69,4332.796,3.673
2026-09-10 19:00:00+00:00,4332.796,4332.796,4313.498,4324.255,3.002
2026-09-10 20:00:00+00:00,4324.255,4324.266,4314.435,4316.858,1.323
2026-09-10 22:00:00+00:00,4318.208,4324.635,4313.555,4318.285,1.045
2026-09-10 23:00:00+00:00,4318.229,4320.335,4310.999,4315.004,2.936
2026-09-11 00:00:00+00:00,4315.014,4333.665,4312.515,4331.915,4.345
2026-09-11 01:00:00+00:00,4331.915,4340.315,4320.729,4329.255,4.086
2026-09-11 02:00:00+00:00,4329.105,4334.385,4315.725,4322.635,3.225
2026-09-11 03:00:00+00:00,4322.635,4326.268,4300.495,4303.795,3.523
2026-09-11 04:00:00+00:00,4303.755,4335.225,4301.909,4331.645,3.418
2026-09-11 05:00:00+00:00,4332.015,4351.768,4328.048,4345.808,3.479
2026-09-11 06:00:00+00:00,4345.808,4360.855,4345.695,4353.015,2.664
2026-09-11 07:00:00+00:00,4352.948,4356.045,4340.385,4344.745,1.702
2026-09-11 08:00:00+00:00,4344.795,4357.265,4342.115,4346.739,2.197
2026-09-11 09:00:00+00:00,4346.805,4353.735,4340.628,4346.043,2.282
2026-09-11 10:00:00+00:00,4346.225,4349.728,4336.465,4337.298,2.251
2026-09-11 11:00:00+00:00,4337.298,4342.375,4329.868,4333.108,3.123
2026-09-11 12:00:00+00:00,4333.085,4390.035,4291.951,4388.345,5.902
2026-09-11 13:00:00+00:00,4388.205,4402.268,4380.275,4401.168,5.342
2026-09-11 14:00:00+00:00,4401.168,4402.258,4364.505,4370.585,4.847
2026-09-11 15:00:00+00:00,4370.585,4376.955,4358.975,4366.905,3.762
2026-09-11 16:00:00+00:00,4366.905,4372.615,4351.798,4361.468,3.316
2026-09-11 17:00:00+00:00,4361.715,4370.315,4357.635,4357.975,2.808
2026-09-11 18:00:00+00:00,4357.975,4359.875,4343.905,4346.785,2.521
2026-09-11 19:00:00+00:00,4346.865,4353.605,4342.535,4348.439,2.367
2026-09-11 20:00:00+00:00,4348.455,4351.335,4345.348,4347.508,1.049
2026-09-13 22:00:00+00:00,4333.305,4340.695,4321.585,4337.788,1.674
2026-09-13 23:00:00+00:00,4337.788,4342.168,4331.638,4332.555,1.625
2026-09-14 00:00:00+00:00,4332.555,4347.255,4329.655,4338.304,4.233
2026-09-14 01:00:00+00:00,4338.294,4355.055,4325.959,4353.088,4.385
2026-09-14 02:00:00+00:00,4353.088,4355.277,4330.145,4330.735,2.537
2026-09-14 03:00:00+00:00,4330.735,4336.285,4326.955,4330.184,1.664
2026-09-14 04:00:00+00:00,4330.175,4331.545,4321.835,4329.315,1.849
2026-09-14 05:00:00+00:00,4329.315,4337.288,4323.148,4337.149,2.468
2026-09-14 06:00:00+00:00,4337.184,4338.525,4320.465,4322.055,2.503
2026-09-14 07:00:00+00:00,4321.955,4324.145,4307.705,4310.715,1.934
2026-09-14 08:00:00+00:00,4311.005,4318.145,4303.125,4306.505,2.083
2026-09-14 09:00:00+00:00,4306.455,4311.529,4278.465,4285.285,2.877
2026-09-14 10:00:00+00:00,4285.219,4296.355,4278.105,4294.485,2.003
2026-09-14 11:00:00+00:00,4294.409,4296.705,4283.955,4286.825,2.043
2026-09-14 12:00:00+00:00,4286.935,4297.639,4265.645,4270.888,3.597
2026-09-14 13:00:00+00:00,4270.888,4281.13,4253.438,4272.405,4.984
2026-09-14 14:00:00+00:00,4272.405,4282.745,4263.855,4279.305,4.024
2026-09-14 15:00:00+00:00,4279.515,4298.045,4272.355,4287.975,3.761
2026-09-14 16:00:00+00:00,4288.035,4317.665,4286.115,4315.598,3.415
2026-09-14 17:00:00+00:00,4315.605,4316.378,4307.718,4310.968,2.836
2026-09-14 18:00:00+00:00,4310.968,4315.657,4304.565,4307.198,2.629
2026-09-14 19:00:00+00:00,4307.328,4307.638,4282.605,4283.388,2.493
2026-09-14 20:00:00+00:00,4283.495,4299.465,4282.085,4298.555,1.347
2026-09-14 22:00:00+00:00,4298.889,4302.145,4292.588,4295.285,1.143
2026-09-14 23:00:00+00:00,4295.285,4297.198,4286.905,4287.979,1.558
2026-09-15 00:00:00+00:00,4288.075,4296.498,4283.098,4292.848,2.564
2026-09-15 01:00:00+00:00,4292.759,4306.345,4287.715,4304.365,2.693
2026-09-15 02:00:00+00:00,4304.765,4317.245,4304.498,4314.055,2.164
2026-09-15 03:00:00+00:00,4314.055,4314.525,4303.045,4303.315,1.825
2026-09-15 04:00:00+00:00,4303.275,4309.535,4300.518,4304.598,1.576
2026-09-15 05:00:00+00:00,4304.559,4307.418,4288.905,4290.775,2.458
2026-09-15 06:00:00+00:00,4290.768,4295.178,4285.825,4293.295,2.718
2026-09-15 07:00:00+00:00,4293.215,4295.385,4276.075,4280.655,2.498
2026-09-15 08:00:00+00:00,4280.745,4280.805,4261.105,4262.235,2.84
2026-09-15 09:00:00+00:00,4262.195,4272.025,4261.335,4268.085,2.579
2026-09-15 10:00:00+00:00,4268.155,4283.669,4268.155,4281.305,2.098
2026-09-15 11:00:00+00:00,4281.335,4286.545,4278.485,4284.449,2.091
2026-09-15 12:00:00+00:00,4284.545,4295.695,4271.185,4290.155,3.026
2026-09-15 13:00:00+00:00,4290.145,4298.155,4283.425,4294.578,3.799
2026-09-15 14:00:00+00:00,4294.588,4300.368,4273.769,4276.905,3.991
2026-09-15 15:00:00+00:00,4277.005,4294.535,4276.415,4289.125,2.357
2026-09-15 16:00:00+00:00,4289.095,4298.145,4285.335,4295.365,1.643
2026-09-15 17:00:00+00:00,4295.415,4298.985,4290.045,4294.755,1.354
2026-09-15 18:00:00+00:00,4294.845,4310.285,4292.785,4308.275,1.03
2026-09-15 19:00:00+00:00,4308.365,4310.435,4293.805,4297.615,0.704
2026-09-15 20:00:00+00:00,4297.735,4298.795,4287.025,4289.385,0.205
2026-09-15 22:00:00+00:00,4289.625,4298.765,4287.485,4287.575,0.243
2026-09-15 23:00:00+00:00,4287.565,4288.465,4280.875,4283.275,0.265
2026-09-16 00:00:00+00:00,4283.395,4285.895,4275.155,4277.145,0.428
2026-09-16 01:00:00+00:00,4277.035,4293.285,4276.235,4282.285,1.242
2026-09-16 02:00:00+00:00,4282.175,4323.225,4281.715,4321.475,1.549
2026-09-16 03:00:00+00:00,4321.365,4340.715,4321.275,4326.755,1.32
2026-09-16 04:00:00+00:00,4326.755,4328.315,4320.295,4321.545,0.535
2026-09-16 05:00:00+00:00,4321.525,4333.475,4320.385,4326.165,0.968
2026-09-16 06:00:00+00:00,4326.165,4332.865,4321.225,4332.705,0.821
2026-09-16 07:00:00+00:00,4332.345,4338.905,4328.265,4329.145,1.312
2026-09-16 08:00:00+00:00,4329.135,4337.405,4322.655,4330.015,1.477
2026-09-16 09:00:00+00:00,4330.045,4339.225,4327.115,4337.955,0.729
2026-09-16 10:00:00+00:00,4337.855,4350.835,4337.315,4350.815,1.298
2026-09-16 11:00:00+00:00,4350.865,4353.535,4341.375,4341.425,1.403
2026-09-16 12:00:00+00:00,4341.425,4348.685,4334.655,4347.385,1.637
2026-09-16 13:00:00+00:00,4347.215,4360.175,4334.815,4338.275,2.555
2026-09-16 14:00:00+00:00,4338.155,4355.705,4323.675,4354.785,2.141
2026-09-16 15:00:00+00:00,4354.775,4361.335,4342.405,4352.485,2.107
2026-09-16 16:00:00+00:00,4352.525,4352.725,4343.395,4346.295,1.152
2026-09-16 17:00:00+00:00,4346.245,4364.605,4341.385,4356.295,1.189
2026-09-16 18:00:00+00:00,4356.955,4366.525,4256.765,4260.575,3.036
2026-09-16 19:00:00+00:00,4260.355,4286.955,4234.665,4271.935,2.433
2026-09-16 20:00:00+00:00,4272.005,4273.515,4256.665,4262.935,1.026
2026-09-16 22:00:00+00:00,4262.425,4275.815,4257.115,4265.155,0.369
2026-09-16 23:00:00+00:00,4265.325,4275.515,4257.545,4271.405,0.444
2026-09-17 00:00:00+00:00,4271.285,4292.205,4266.005,4279.765,0.828
2026-09-17 01:00:00+00:00,4279.755,4318.125,4279.645,4299.875,2.004
2026-09-17 02:00:00+00:00,4299.905,4300.725,4273.715,4276.955,1.779
2026-09-17 03:00:00+00:00,4276.925,4297.235,4276.865,4295.895,1.126
2026-09-17 04:00:00+00:00,4295.765,4298.685,4290.005,4297.195,0.68
2026-09-17 05:00:00+00:00,4297.095,4305.195,4285.095,4304.225,1.111
2026-09-17 06:00:00+00:00,4304.275,4314.995,4303.985,4310.585,1.078
2026-09-17 07:00:00+00:00,4310.545,4335.215,4309.055,4326.955,1.573
2026-09-17 08:00:00+00:00,4326.825,4328.015,4309.925,4311.425,1.369
2026-09-17 09:00:00+00:00,4311.395,4318.975,4304.765,4305.855,1.214
2026-09-17 10:00:00+00:00,4305.925,4324.705,4304.765,4323.905,1.089
2026-09-17 11:00:00+00:00,4323.905,4352.955,4322.945,4349.305,1.765
2026-09-17 12:00:00+00:00,4349.415,4380.815,4343.325,4372.975,2.582
2026-09-17 13:00:00+00:00,4373.205,4374.995,4355.185,4366.345,2.935
2026-09-17 14:00:00+00:00,4366.345,4379.705,4351.935,4353.715,2.825
2026-09-17 15:00:00+00:00,4353.795,4370.155,4351.105,4369.985,1.946
2026-09-17 16:00:00+00:00,4369.945,4372.495,4355.585,4362.235,1.765
2026-09-17 17:00:00+00:00,4362.365,4365.615,4357.445,4360.985,1.092
2026-09-17 18:00:00+00:00,4361.195,4365.405,4348.125,4351.385,0.642
2026-09-17 19:00:00+00:00,4351.255,4355.885,4342.465,4345.705,0.668
2026-09-17 20:00:00+00:00,4346.045,4346.665,4340.035,4341.055,0.286
2026-09-17 22:00:00+00:00,4341.915,4349.225,4340.815,4342.185,0.35
2026-09-17 23:00:00+00:00,4342.185,4347.885,4337.345,4346.125,0.229
2026-09-18 00:00:00+00:00,4346.005,4359.935,4341.795,4356.185,0.499
2026-09-18 01:00:00+00:00,4356.155,4365.225,4343.935,4348.145,1.571
2026-09-18 02:00:00+00:00,4348.015,4356.365,4342.975,4346.575,1.187
2026-09-18 03:00:00+00:00,4346.475,4360.625,4334.105,4358.885,1.225
2026-09-18 04:00:00+00:00,4358.995,4366.715,4352.295,4366.535,0.604
2026-09-18 05:00:00+00:00,4366.575,4377.925,4359.705,4377.245,1.104
2026-09-18 06:00:00+00:00,4377.205,4397.005,4377.095,4393.225,0.974
2026-09-18 07:00:00+00:00,4393.015,4399.365,4388.725,4393.145,1.33
2026-09-18 08:00:00+00:00,4393.115,4398.245,4384.985,4392.095,1.333
2026-09-18 09:00:00+00:00,4392.175,4398.035,4372.995,4376.375,1.223
2026-09-18 10:00:00+00:00,4376.375,4381.895,4375.555,4381.315,0.996
2026-09-18 11:00:00+00:00,4381.455,4388.325,4372.295,4381.165,1.468
2026-09-18 12:00:00+00:00,4381.295,4382.605,4353.585,4368.545,2.008
2026-09-18 13:00:00+00:00,4368.565,4375.265,4347.125,4349.045,2.38
2026-09-18 14:00:00+00:00,4348.925,4361.545,4342.435,4352.755,2.661
2026-09-18 15:00:00+00:00,4352.845,4357.885,4347.735,4356.465,2.0
2026-09-18 16:00:00+00:00,4356.555,4383.555,4354.465,4382.775,1.841
2026-09-18 17:00:00+00:00,4382.865,4396.975,4381.455,4392.865,1.399
2026-09-18 18:00:00+00:00,4392.975,4394.135,4379.325,4381.865,0.756
2026-09-18 19:00:00+00:00,4381.755,4385.855,4374.565,4376.435,0.69
2026-09-18 20:00:00+00:00,4376.395,4383.395,4375.455,4376.595,0.546
2026-09-20 22:00:00+00:00,4374.525,4381.695,4372.535,4372.695,0.368
2026-09-20 23:00:00+00:00,4372.785,4375.715,4368.375,4372.315,0.253
2026-09-21 00:00:00+00:00,4372.255,4375.515,4358.295,4366.355,0.662
2026-09-21 01:00:00+00:00,4366.215,4383.165,4366.215,4377.185,1.669
2026-09-21 02:00:00+00:00,4377.145,4377.525,4360.875,4363.595,1.14
2026-09-21 03:00:00+00:00,4363.465,4368.085,4357.495,4358.825,0.865
2026-09-21 04:00:00+00:00,4358.705,4365.095,4354.775,4355.505,0.577
2026-09-21 05:00:00+00:00,4355.615,4361.895,4348.925,4350.535,1.007
2026-09-21 06:00:00+00:00,4350.555,4355.555,4345.985,4352.945,0.913
2026-09-21 07:00:00+00:00,4352.935,4355.915,4341.515,4344.045,1.522
2026-09-21 08:00:00+00:00,4343.865,4357.505,4343.225,4353.065,1.25
2026-09-21 09:00:00+00:00,4352.935,4354.685,4339.765,4345.385,1.121
2026-09-21 10:00:00+00:00,4345.215,4356.625,4342.105,4342.265,0.886
2026-09-21 11:00:00+00:00,4342.275,4370.835,4341.665,4368.925,1.183
2026-09-21 12:00:00+00:00,4369.025,4374.615,4351.065,4359.495,1.803
2026-09-21 13:00:00+00:00,4359.305,4369.505,4345.625,4345.745,2.329
2026-09-21 14:00:00+00:00,4345.855,4346.935,4322.335,4338.685,2.637
2026-09-21 15:00:00+00:00,4338.975,4355.865,4338.685,4347.825,1.754
2026-09-21 16:00:00+00:00,4347.825,4356.895,4342.625,4343.015,1.508
2026-09-21 17:00:00+00:00,4343.195,4346.655,4337.185,4344.245,1.329
2026-09-21 18:00:00+00:00,4344.325,4352.255,4343.825,4345.715,0.976
2026-09-21 19:00:00+00:00,4345.855,4353.605,4341.865,4344.655,1.098
2026-09-21 20:00:00+00:00,4344.725,4345.095,4338.935,4342.585,0.26
2026-09-21 22:00:00+00:00,4343.085,4364.965,4343.085,4359.135,0.274
2026-09-21 23:00:00+00:00,4359.135,4370.327,4355.595,4368.317,0.55
2026-09-22 00:00:00+00:00,4368.392,4375.67,4347.995,4359.85,0.871
2026-09-22 01:00:00+00:00,4359.797,4364.895,4343.145,4348.335,1.86
2026-09-22 02:00:00+00:00,4348.225,4355.865,4339.475,4344.295,1.261
2026-09-22 03:00:00+00:00,4344.135,4348.995,4339.255,4341.345,0.893
2026-09-22 04:00:00+00:00,4341.465,4342.875,4334.535,4342.685,0.707
2026-09-22 05:00:00+00:00,4342.475,4347.085,4315.885,4323.385,1.525
2026-09-22 06:00:00+00:00,4323.435,4324.135,4314.955,4318.185,1.199
2026-09-22 07:00:00+00:00,4318.075,4324.085,4299.315,4300.915,1.59
2026-09-22 08:00:00+00:00,4300.985,4335.175,4291.245,4329.755,2.395
2026-09-22 09:00:00+00:00,4329.755,4337.685,4311.615,4336.325,1.961
2026-09-22 10:00:00+00:00,4336.445,4337.695,4321.515,4321.525,0.885
2026-09-22 11:00:00+00:00,4321.645,4323.275,4308.735,4322.515,0.87
2026-09-22 12:00:00+00:00,4322.625,4343.615,4319.995,4333.355,1.342
2026-09-22 13:00:00+00:00,4333.305,4343.375,4327.185,4333.125,2.212
2026-09-22 14:00:00+00:00,4333.125,4338.105,4314.725,4327.855,1.466
2026-09-22 15:00:00+00:00,4327.985,4340.675,4325.065,4330.935,1.328
2026-09-22 16:00:00+00:00,4330.905,4341.475,4322.205,4335.925,0.866
2026-09-22 17:00:00+00:00,4336.075,4352.635,4334.375,4350.395,1.016
2026-09-22 18:00:00+00:00,4350.285,4360.425,4347.265,4353.035,1.329
2026-09-22 19:00:00+00:00,4353.085,4370.955,4352.955,4363.705,1.255
2026-09-22 20:00:00+00:00,4363.755,4364.105,4350.655,4356.565,0.307
2026-09-22 22:00:00+00:00,4355.545,4365.105,4355.495,4361.165,0.269
2026-09-22 23:00:00+00:00,4361.335,4365.325,4357.905,4363.645,0.219
2026-09-23 00:00:00+00:00,4363.435,4369.185,4354.925,4357.295,0.56
2026-09-23 01:00:00+00:00,4357.175,4359.065,4338.715,4341.085,1.29
2026-09-23 02:00:00+00:00,4341.085,4341.105,4333.065,4333.725,1.0
2026-09-23 03:00:00+00:00,4333.825,4345.155,4333.005,4342.415,0.676
2026-09-23 04:00:00+00:00,4342.535,4346.985,4342.215,4343.755,0.508
2026-09-23 05:00:00+00:00,4343.645,4345.655,4327.735,4334.425,0.843
2026-09-23 06:00:00+00:00,4334.365,4336.975,4325.845,4331.065,0.896
2026-09-23 07:00:00+00:00,4330.945,4332.615,4318.755,4319.325,1.431
2026-09-23 08:00:00+00:00,4319.295,4322.545,4315.275,4317.915,1.253
2026-09-23 09:00:00+00:00,4317.875,4320.185,4308.135,4313.995,1.053
2026-09-23 10:00:00+00:00,4314.095,4318.835,4312.095,4315.045,0.877
2026-09-23 11:00:00+00:00,4315.105,4316.815,4294.465,4309.385,1.622
2026-09-23 12:00:00+00:00,4309.305,4318.915,4300.625,4309.535,1.747
2026-09-23 13:00:00+00:00,4309.735,4313.165,4280.605,4283.465,2.526
2026-09-23 14:00:00+00:00,4283.385,4298.585,4277.655,4294.295,2.977
2026-09-23 15:00:00+00:00,4294.345,4297.285,4277.325,4282.075,2.304
2026-09-23 16:00:00+00:00,4281.975,4289.495,4278.255,4284.755,1.751
2026-09-23 17:00:00+00:00,4285.035,4293.215,4274.215,4292.525,1.872
2026-09-23 18:00:00+00:00,4292.635,4294.675,4282.645,4290.085,0.757
2026-09-23 19:00:00+00:00,4290.185,4293.125,4280.695,4283.845,0.748
2026-09-23 20:00:00+00:00,4283.925,4289.985,4282.285,4287.255,0.275
2026-09-23 22:00:00+00:00,4288.115,4294.205,4286.415,4288.155,0.245
2026-09-23 23:00:00+00:00,4287.995,4292.955,4284.655,4288.295,0.198
2026-09-24 00:00:00+00:00,4288.185,4299.035,4283.635,4298.295,0.509
2026-09-24 01:00:00+00:00,4298.175,4302.865,4277.495,4278.735,1.907
2026-09-24 02:00:00+00:00,4278.565,4296.595,4273.145,4290.455,1.58
2026-09-24 03:00:00+00:00,4290.395,4293.525,4280.165,4284.585,1.017
2026-09-24 04:00:00+00:00,4284.675,4290.125,4281.225,4289.225,0.797
2026-09-24 05:00:00+00:00,4289.225,4296.055,4277.265,4278.855,1.321
2026-09-24 06:00:00+00:00,4278.775,4286.385,4273.865,4275.875,1.731
2026-09-24 07:00:00+00:00,4275.775,4287.815,4274.145,4278.475,1.536
2026-09-24 08:00:00+00:00,4278.305,4285.405,4260.485,4261.145,2.228
2026-09-24 09:00:00+00:00,4260.935,4267.145,4250.315,4255.255,1.671
2026-09-24 10:00:00+00:00,4255.225,4264.065,4243.925,4257.925,1.786
2026-09-24 11:00:00+00:00,4257.825,4267.735,4251.775,4265.755,1.49
2026-09-24 12:00:00+00:00,4265.685,4283.125,4260.185,4280.865,1.882
2026-09-24 13:00:00+00:00,4281.075,4284.795,4264.325,4267.055,2.196
2026-09-24 14:00:00+00:00,4266.855,4272.995,4252.125,4252.945,2.546
2026-09-24 15:00:00+00:00,4252.995,4260.425,4244.495,4256.465,2.344
2026-09-24 16:00:00+00:00,4256.485,4288.325,4252.415,4272.785,1.802
2026-09-24 17:00:00+00:00,4272.685,4277.685,4257.665,4264.705,1.192
2026-09-24 18:00:00+00:00,4264.605,4281.305,4255.885,4271.535,1.102
2026-09-24 19:00:00+00:00,4271.645,4275.725,4266.535,4273.685,0.744
2026-09-24 20:00:00+00:00,4273.795,4275.255,4264.125,4274.505,0.312
2026-09-24 22:00:00+00:00,4265.355,4275.505,4265.355,4270.865,0.272
2026-09-24 23:00:00+00:00,4270.865,4275.565,4264.405,4264.545,0.271
2026-09-25 00:00:00+00:00,4264.685,4280.785,4263.855,4278.145,0.718
2026-09-25 01:00:00+00:00,4278.255,4295.445,4276.615,4287.305,1.146
2026-09-25 02:00:00+00:00,4287.345,4294.955,4277.175,4283.495,0.835
2026-09-25 03:00:00+00:00,4283.395,4285.995,4269.125,4269.745,0.792
2026-09-25 04:00:00+00:00,4269.625,4273.355,4262.315,4262.685,0.753
2026-09-25 05:00:00+00:00,4262.315,4275.455,4255.925,4266.285,1.005
2026-09-25 06:00:00+00:00,4266.365,4281.245,4265.775,4275.525,0.762
2026-09-25 07:00:00+00:00,4275.615,4281.635,4270.915,4279.515,1.616
2026-09-25 08:00:00+00:00,4279.435,4297.025,4274.735,4293.205,1.437
2026-09-25 09:00:00+00:00,4293.205,4297.665,4289.335,4294.755,1.548
2026-09-25 10:00:00+00:00,4294.555,4311.445,4293.735,4310.735,1.205
2026-09-25 11:00:00+00:00,4310.845,4315.545,4299.425,4302.785,1.433
2026-09-25 12:00:00+00:00,4302.795,4309.175,4296.595,4297.915,1.938
2026-09-25 13:00:00+00:00,4298.005,4299.285,4273.035,4275.205,2.565
2026-09-25 14:00:00+00:00,4275.045,4280.635,4254.405,4278.985,2.749
2026-09-25 15:00:00+00:00,4278.935,4291.115,4269.805,4291.115,2.448
2026-09-25 16:00:00+00:00,4291.255,4300.105,4278.817,4286.255,1.568
2026-09-25 17:00:00+00:00,4286.155,4292.915,4279.195,4283.065,0.921
2026-09-25 18:00:00+00:00,4283.225,4295.865,4282.465,4294.525,0.766
2026-09-25 19:00:00+00:00,4294.645,4297.025,4287.345,4290.985,0.737
2026-09-25 20:00:00+00:00,4290.765,4291.505,4282.335,4282.805,0.376
2026-09-27 22:00:00+00:00,4275.875,4280.175,4257.195,4258.405,0.464
2026-09-27 23:00:00+00:00,4258.525,4265.645,4255.945,4259.855,0.324
2026-09-28 00:00:00+00:00,4259.985,4260.615,4222.905,4230.795,0.89
2026-09-28 01:00:00+00:00,4230.395,4231.385,4205.295,4215.905,2.326
2026-09-28 02:00:00+00:00,4215.905,4217.225,4193.735,4196.595,1.757
2026-09-28 03:00:00+00:00,4196.475,4202.775,4191.125,4196.365,1.333
2026-09-28 04:00:00+00:00,4196.365,4199.955,4193.875,4194.425,0.789
2026-09-28 05:00:00+00:00,4194.415,4197.805,4178.635,4179.065,1.515
2026-09-28 06:00:00+00:00,4179.065,4181.135,4161.685,4164.115,1.416
2026-09-28 07:00:00+00:00,4164.065,4166.175,4150.695,4155.525,2.157
2026-09-28 08:00:00+00:00,4155.445,4159.035,4142.505,4144.325,2.092
2026-09-28 09:00:00+00:00,4144.155,4157.545,4140.475,4155.805,1.648
2026-09-28 10:00:00+00:00,4155.845,4159.305,4151.365,4155.205,1.333
2026-09-28 11:00:00+00:00,4155.175,4160.385,4147.505,4148.615,1.512
2026-09-28 12:00:00+00:00,4148.515,4171.135,4143.045,4154.125,2.211
2026-09-28 13:00:00+00:00,4154.055,4160.375,4136.075,4156.695,2.621
2026-09-28 14:00:00+00:00,4156.565,4156.725,4110.585,4118.185,2.86
2026-09-28 15:00:00+00:00,4118.375,4127.685,4115.205,4123.925,2.445
2026-09-28 16:00:00+00:00,4123.925,4147.715,4116.195,4129.475,1.797
2026-09-28 17:00:00+00:00,4129.235,4146.285,4125.885,4134.005,1.344
2026-09-28 18:00:00+00:00,4134.125,4141.675,4131.325,4138.865,0.919
2026-09-28 19:00:00+00:00,4138.985,4139.165,4121.935,4122.685,0.915
2026-09-28 20:00:00+00:00,4122.715,4123.395,4111.055,4114.035,0.334
2026-09-28 22:00:00+00:00,4116.145,4126.275,4114.885,4120.215,0.196
2026-09-28 23:00:00+00:00,4120.295,4128.925,4119.955,4127.065,0.196
2026-09-29 00:00:00+00:00,4126.935,4127.935,4113.975,4117.535,0.772
2026-09-29 01:00:00+00:00,4117.375,4136.725,4113.155,4134.985,2.006
2026-09-29 02:00:00+00:00,4135.095,4139.115,4125.885,4137.485,1.345
2026-09-29 03:00:00+00:00,4137.375,4140.175,4131.385,4133.745,0.943
2026-09-29 04:00:00+00:00,4133.685,4133.975,4124.475,4126.455,0.785
2026-09-29 05:00:00+00:00,4126.395,4144.855,4121.865,4138.755,1.46
2026-09-29 06:00:00+00:00,4138.755,4147.915,4138.395,4140.045,1.297
2026-09-29 07:00:00+00:00,4140.175,4148.735,4135.765,4140.915,1.527
2026-09-29 08:00:00+00:00,4141.055,4146.395,4137.515,4139.355,1.345
2026-09-29 09:00:00+00:00,4139.455,4148.375,4138.905,4145.465,1.36
2026-09-29 10:00:00+00:00,4145.505,4154.505,4142.815,4153.325,1.208
2026-09-29 11:00:00+00:00,4153.435,4161.085,4149.395,4153.285,1.416
2026-09-29 12:00:00+00:00,4153.255,4158.635,4148.495,4150.885,1.816
2026-09-29 13:00:00+00:00,4150.975,4164.205,4150.465,4156.935,2.574
2026-09-29 14:00:00+00:00,4156.845,4175.045,4156.645,4170.285,2.667
2026-09-29 15:00:00+00:00,4170.255,4170.455,4148.045,4157.935,2.475
2026-09-29 16:00:00+00:00,4158.075,4158.755,4144.215,4145.465,1.828
2026-09-29 17:00:00+00:00,4145.435,4148.755,4142.005,4143.735,1.479
2026-09-29 18:00:00+00:00,4143.765,4175.485,4143.765,4170.585,2.352
2026-09-29 19:00:00+00:00,4170.575,4177.305,4167.535,4176.955,1.391
2026-09-29 20:00:00+00:00,4176.975,4184.985,4171.275,4181.715,0.607
2026-09-29 22:00:00+00:00,4179.805,4184.225,4176.375,4178.355,0.213
2026-09-29 23:00:00+00:00,4178.615,4187.495,4178.375,4184.585,0.338
2026-09-30 00:00:00+00:00,4184.555,4187.195,4176.315,4176.445,1.042
2026-09-30 01:00:00+00:00,4176.555,4181.455,4166.935,4172.035,1.527
2026-09-30 02:00:00+00:00,4171.935,4184.135,4170.905,4178.995,1.254
2026-09-30 03:00:00+00:00,4178.955,4182.135,4170.995,4172.355,0.851
2026-09-30 04:00:00+00:00,4172.365,4184.645,4171.785,4178.635,0.755
2026-09-30 05:00:00+00:00,4178.805,4182.095,4165.255,4177.765,1.169
2026-09-30 06:00:00+00:00,4177.685,4194.845,4176.005,4190.575,1.024
2026-09-30 07:00:00+00:00,4190.425,4201.145,4189.385,4193.395,1.665
2026-09-30 08:00:00+00:00,4193.385,4202.045,4191.115,4191.635,1.561
2026-09-30 09:00:00+00:00,4191.635,4195.145,4182.845,4187.835,1.29
2026-09-30 10:00:00+00:00,4187.725,4190.455,4181.125,4184.505,1.21
2026-09-30 11:00:00+00:00,4184.395,4192.135,4176.155,4186.535,1.44
2026-09-30 12:00:00+00:00,4186.435,4219.185,4182.545,4208.265,2.386
2026-09-30 13:00:00+00:00,4208.335,4214.605,4176.325,4177.385,2.81
2026-09-30 14:00:00+00:00,4177.395,4183.645,4164.055,4165.095,2.868
2026-09-30 15:00:00+00:00,4164.965,4168.245,4151.035,4157.215,2.358
2026-09-30 16:00:00+00:00,4157.175,4162.965,4154.625,4157.375,1.582
2026-09-30 17:00:00+00:00,4157.405,4158.425,4147.175,4151.285,1.504
2026-09-30 18:00:00+00:00,4151.295,4154.905,4147.325,4151.375,1.25
2026-09-30 19:00:00+00:00,4151.465,4156.975,4149.095,4155.615,1.404
2026-09-30 20:00:00+00:00,4155.555,4159.995,4150.885,4157.395,0.794
2026-09-30 22:00:00+00:00,4159.705,4161.245,4153.045,4153.925,0.212
2026-09-30 23:00:00+00:00,4153.925,4156.475,4151.495,4155.675,0.209
2026-10-01 00:00:00+00:00,4155.755,4155.755,4138.905,4144.955,1.195
2026-10-01 01:00:00+00:00,4145.065,4164.605,4144.785,4156.435,1.11
2026-10-01 02:00:00+00:00,4156.575,4161.675,4151.105,4160.565,0.978
2026-10-01 03:00:00+00:00,4160.465,4176.835,4158.905,4175.015,0.858
2026-10-01 04:00:00+00:00,4175.025,4180.345,4171.025,4179.615,0.701
2026-10-01 05:00:00+00:00,4179.635,4192.625,4178.855,4187.875,0.931
2026-10-01 06:00:00+00:00,4187.905,4192.115,4180.385,4181.575,0.889
2026-10-01 07:00:00+00:00,4181.505,4183.325,4154.085,4163.475,2.429
2026-10-01 08:00:00+00:00,4163.465,4167.635,4148.875,4153.225,2.36
2026-10-01 09:00:00+00:00,4153.255,4163.495,4152.325,4154.215,1.558
2026-10-01 10:00:00+00:00,4154.195,4178.735,4150.005,4175.725,1.739
2026-10-01 11:00:00+00:00,4175.755,4185.685,4166.405,4182.535,1.734
2026-10-01 12:00:00+00:00,4182.535,4187.535,4174.355,4178.485,1.892
2026-10-01 13:00:00+00:00,4178.505,4181.345,4158.905,4165.015,2.373
2026-10-01 14:00:00+00:00,4165.015,4174.785,4151.265,4162.625,3.32
2026-10-01 15:00:00+00:00,4162.625,4173.515,4149.765,4169.365,2.974
2026-10-01 16:00:00+00:00,4169.525,4176.485,4159.485,4162.305,2.288
2026-10-01 17:00:00+00:00,4162.195,4185.775,4161.365,4170.035,2.379
2026-10-01 18:00:00+00:00,4170.025,4182.135,4162.955,4176.765,1.908
2026-10-01 19:00:00+00:00,4176.765,4179.695,4173.115,4176.445,1.31
2026-10-01 20:00:00+00:00,4176.355,4180.245,4172.995,4177.335,0.457
2026-10-01 22:00:00+00:00,4172.885,4178.715,4171.365,4178.575,0.264
2026-10-01 23:00:00+00:00,4178.745,4183.605,4176.965,4181.735,0.268
2026-10-02 00:00:00+00:00,4181.585,4182.375,4152.675,4153.145,0.974
2026-10-02 01:00:00+00:00,4153.025,4154.465,4133.535,4151.215,1.203
2026-10-02 02:00:00+00:00,4151.215,4166.245,4147.095,4165.695,0.845
2026-10-02 03:00:00+00:00,4165.855,4179.075,4164.885,4177.505,0.738
2026-10-02 04:00:00+00:00,4177.665,4190.655,4176.996,4184.585,0.654
2026-10-02 05:00:00+00:00,4184.685,4191.845,4182.895,4186.295,0.699
2026-10-02 06:00:00+00:00,4186.505,4196.725,4177.205,4180.795,1.249
2026-10-02 07:00:00+00:00,4180.775,4191.925,4177.455,4187.185,1.965
2026-10-02 08:00:00+00:00,4187.055,4196.205,4179.095,4184.095,1.995
2026-10-02 09:00:00+00:00,4184.245,4188.415,4178.746,4183.905,1.584
2026-10-02 10:00:00+00:00,4183.925,4185.885,4165.173,4182.435,1.716
2026-10-02 11:00:00+00:00,4182.515,4188.165,4176.555,4181.295,1.615
2026-10-02 12:00:00+00:00,4181.295,4225.886,4174.465,4217.425,2.337
2026-10-02 13:00:00+00:00,4217.585,4225.205,4178.025,4191.065,2.269
2026-10-02 14:00:00+00:00,4191.195,4196.595,4155.245,4158.735,2.758
2026-10-02 15:00:00+00:00,4158.895,4159.945,4125.075,4127.165,2.794
2026-10-02 16:00:00+00:00,4127.185,4140.815,4125.745,4138.695,1.946
2026-10-02 17:00:00+00:00,4138.695,4143.015,4129.805,4137.065,1.487
2026-10-02 18:00:00+00:00,4137.065,4146.315,4134.955,4146.085,1.19
2026-10-02 19:00:00+00:00,4146.295,4149.565,4140.275,4147.395,0.824
2026-10-02 20:00:00+00:00,4147.245,4148.185,4134.265,4135.815,0.35
2026-10-04 22:00:00+00:00,4139.955,4148.095,4132.585,4146.535,0.509
2026-10-04 23:00:00+00:00,4146.535,4146.555,4139.855,4142.165,0.219
2026-10-05 00:00:00+00:00,4142.055,4157.765,4142.055,4156.315,0.58
2026-10-05 01:00:00+00:00,4156.175,4161.425,4151.815,4159.795,1.0
2026-10-05 02:00:00+00:00,4160.005,4162.855,4139.255,4142.535,1.287
2026-10-05 03:00:00+00:00,4142.565,4146.545,4135.975,4143.055,1.144
2026-10-05 04:00:00+00:00,4142.985,4143.405,4124.405,4131.075,1.028
2026-10-05 05:00:00+00:00,4131.055,4140.555,4129.855,4134.325,1.006
2026-10-05 06:00:00+00:00,4134.315,4155.575,4134.105,4155.185,1.369
2026-10-05 07:00:00+00:00,4155.055,4165.955,4149.165,4160.125,1.984
2026-10-05 08:00:00+00:00,4160.235,4170.135,4158.825,4166.485,2.141
2026-10-05 09:00:00+00:00,4166.505,4169.645,4155.855,4158.355,1.295
2026-10-05 10:00:00+00:00,4158.345,4164.875,4155.465,4161.565,1.178
2026-10-05 11:00:00+00:00,4161.725,4168.385,4150.815,4155.915,1.438
2026-10-05 12:00:00+00:00,4155.945,4166.035,4153.475,4156.435,1.775
2026-10-05 13:00:00+00:00,4156.425,4157.875,4131.125,4135.205,2.183
2026-10-05 14:00:00+00:00,4135.205,4148.125,4132.565,4146.785,2.383
2026-10-05 15:00:00+00:00,4146.785,4148.105,4122.965,4136.545,1.842
2026-10-05 16:00:00+00:00,4136.545,4136.745,4125.955,4130.205,1.238
2026-10-05 17:00:00+00:00,4130.205,4136.665,4125.315,4136.535,1.057
2026-10-05 18:00:00+00:00,4136.605,4142.815,4133.425,4142.815,1.066
2026-10-05 19:00:00+00:00,4142.935,4143.895,4138.545,4140.665,1.072
2026-10-05 20:00:00+00:00,4140.625,4142.955,4137.215,4139.275,0.42
2026-10-05 22:00:00+00:00,4142.405,4145.165,4140.575,4140.615,0.219
2026-10-05 23:00:00+00:00,4140.505,4141.685,4133.355,4134.025,0.131
2026-10-06 00:00:00+00:00,4134.275,4151.185,4133.015,4150.745,0.577
2026-10-06 01:00:00+00:00,4150.745,4152.085,4128.775,4129.955,0.919
2026-10-06 02:00:00+00:00,4129.835,4138.755,4103.805,4130.065,0.779
2026-10-06 03:00:00+00:00,4130.065,4133.375,4123.745,4128.185,0.594
2026-10-06 04:00:00+00:00,4128.145,4130.745,4119.995,4121.255,0.451
2026-10-06 05:00:00+00:00,4121.255,4125.755,4116.625,4119.805,0.505
2026-10-06 06:00:00+00:00,4119.805,4135.015,4113.175,4131.235,0.919
2026-10-06 07:00:00+00:00,4131.635,4143.045,4128.075,4139.785,1.686
2026-10-06 08:00:00+00:00,4139.805,4155.455,4137.715,4155.345,1.618
2026-10-06 09:00:00+00:00,4155.215,4158.045,4149.755,4151.995,1.215
2026-10-06 10:00:00+00:00,4152.035,4160.605,4148.735,4158.185,1.015
2026-10-06 11:00:00+00:00,4158.225,4174.595,4155.805,4173.235,1.441
2026-10-06 12:00:00+00:00,4173.445,4179.465,4165.575,4169.805,1.863
2026-10-06 13:00:00+00:00,4169.805,4174.265,4151.575,4152.365,2.198
2026-10-06 14:00:00+00:00,4151.995,4158.355,4143.325,4156.025,2.073
2026-10-06 15:00:00+00:00,4156.095,4170.365,4155.685,4164.425,1.927
2026-10-06 16:00:00+00:00,4164.425,4165.685,4154.025,4156.705,1.324
2026-10-06 17:00:00+00:00,4156.715,4166.195,4156.325,4164.665,1.245
2026-10-06 18:00:00+00:00,4164.665,4176.595,4164.045,4175.495,1.171
2026-10-06 19:00:00+00:00,4175.505,4184.135,4166.495,4169.245,0.775
2026-10-06 20:00:00+00:00,4169.195,4170.055,4161.985,4164.285,0.312
2026-10-06 22:00:00+00:00,4166.435,4167.375,4161.315,4163.135,0.202
2026-10-06 23:00:00+00:00,4163.025,4169.885,4162.225,4165.695,0.247
2026-10-07 00:00:00+00:00,4165.695,4169.425,4155.265,4155.955,0.782
2026-10-07 01:00:00+00:00,4155.835,4155.955,4145.975,4147.025,0.813
2026-10-07 02:00:00+00:00,4147.025,4149.005,4139.925,4142.395,0.823
2026-10-07 03:00:00+00:00,4142.355,4147.965,4138.085,4143.185,0.629
2026-10-07 04:00:00+00:00,4143.185,4144.425,4134.615,4134.885,0.5
2026-10-07 05:00:00+00:00,4134.955,4137.365,4128.505,4128.505,0.66
2026-10-07 06:00:00+00:00,4128.505,4135.475,4126.685,4130.395,0.754
2026-10-07 07:00:00+00:00,4130.325,4139.295,4128.065,4132.505,1.677
2026-10-07 08:00:00+00:00,4132.385,4136.775,4122.405,4123.575,1.564
2026-10-07 09:00:00+00:00,4123.525,4125.595,4116.325,4119.405,1.343
2026-10-07 10:00:00+00:00,4119.325,4120.305,4108.885,4116.665,1.401
2026-10-07 11:00:00+00:00,4116.745,4122.465,4114.835,4121.555,1.488
2026-10-07 12:00:00+00:00,4121.425,4124.095,4065.545,4086.801,3.499
2026-10-07 13:00:00+00:00,4086.726,4099.095,4082.205,4098.055,1.759
2026-10-07 14:00:00+00:00,4098.055,4108.575,4093.085,4104.155,2.56
2026-10-07 15:00:00+00:00,4104.175,4112.995,4098.515,4105.385,2.237
2026-10-07 16:00:00+00:00,4105.495,4114.995,4101.725,4109.275,1.585
2026-10-07 17:00:00+00:00,4109.275,4126.745,4108.145,4109.555,1.722
2026-10-07 18:00:00+00:00,4110.235,4119.705,4106.955,4108.865,1.337
2026-10-07 19:00:00+00:00,4108.865,4110.295,4100.125,4100.805,1.32
2026-10-07 20:00:00+00:00,4100.805,4113.005,4100.445,4110.565,0.545
2026-10-07 22:00:00+00:00,4114.475,4115.965,4102.865,4106.255,0.246
2026-10-07 23:00:00+00:00,4106.095,4114.075,4105.815,4108.005,0.313
2026-10-08 00:00:00+00:00,4108.005,4120.295,4105.275,4116.875,0.78
2026-10-08 01:00:00+00:00,4116.745,4137.415,4116.025,4132.745,1.546
2026-10-08 02:00:00+00:00,4132.635,4143.305,4131.675,4133.015,0.997
2026-10-08 03:00:00+00:00,4133.165,4140.035,4128.205,4136.125,0.694
2026-10-08 04:00:00+00:00,4136.155,4141.765,4130.725,4133.245,0.469
2026-10-08 05:00:00+00:00,4133.285,4135.525,4115.845,4117.495,0.99
2026-10-08 06:00:00+00:00,4117.515,4126.705,4114.215,4121.525,1.094
2026-10-08 07:00:00+00:00,4121.555,4129.945,4117.805,4120.005,1.677
2026-10-08 08:00:00+00:00,4119.925,4133.005,4118.225,4126.155,1.689
2026-10-08 09:00:00+00:00,4126.135,4130.605,4119.125,4123.495,1.302
2026-10-08 10:00:00+00:00,4123.335,4125.785,4109.665,4121.665,1.388
2026-10-08 11:00:00+00:00,4121.665,4130.085,4114.475,4124.385,1.58
2026-10-08 12:00:00+00:00,4124.385,4131.895,4113.075,4118.505,1.81
2026-10-08 13:00:00+00:00,4118.595,4133.495,4115.255,4129.825,2.629
2026-10-08 14:00:00+00:00,4129.735,4140.495,4121.705,4124.115,2.308
2026-10-08 15:00:00+00:00,4124.095,4124.315,4110.555,4111.745,2.092
2026-10-08 16:00:00+00:00,4111.745,4132.265,4105.135,4123.645,1.577
2026-10-08 17:00:00+00:00,4123.845,4145.805,4122.765,4132.465,1.296
2026-10-08 18:00:00+00:00,4132.715,4134.075,4120.915,4126.475,0.579
2026-10-08 19:00:00+00:00,4126.655,4133.995,4126.625,4133.075,0.58
2026-10-08 20:00:00+00:00,4133.065,4136.115,4131.825,4131.975,0.305
2026-10-08 22:00:00+00:00,4134.685,4140.555,4130.285,4137.825,0.317
2026-10-08 23:00:00+00:00,4137.965,4144.825,4135.555,4144.365,0.21
2026-10-09 00:00:00+00:00,4144.405,4150.315,4141.185,4143.095,0.553
2026-10-09 01:00:00+00:00,4143.095,4175.225,4142.725,4175.135,1.129
2026-10-09 02:00:00+00:00,4174.695,4179.995,4169.515,4178.005,0.652
2026-10-09 03:00:00+00:00,4177.955,4180.035,4173.295,4177.455,0.542
2026-10-09 04:00:00+00:00,4177.675,4185.745,4176.775,4181.575,0.479
2026-10-09 05:00:00+00:00,4181.835,4207.295,4181.825,4192.995,1.12
2026-10-09 06:00:00+00:00,4192.955,4198.705,4189.145,4195.985,0.826
2026-10-09 07:00:00+00:00,4196.165,4198.265,4189.595,4194.295,1.255
2026-10-09 08:00:00+00:00,4194.635,4201.565,4186.965,4187.535,1.363
2026-10-09 09:00:00+00:00,4187.625,4189.605,4182.625,4185.725,0.946
2026-10-09 10:00:00+00:00,4185.755,4186.605,4179.055,4179.055,0.868
2026-10-09 11:00:00+00:00,4179.055,4186.285,4174.965,4182.825,1.332
2026-10-09 12:00:00+00:00,4182.835,4191.325,4168.285,4175.225,1.951
2026-10-09 13:00:00+00:00,4175.445,4196.285,4174.005,4190.035,2.578
2026-10-09 14:00:00+00:00,4190.085,4191.395,4181.175,4182.325,2.152
2026-10-09 15:00:00+00:00,4182.325,4192.305,4180.665,4188.305,1.632
2026-10-09 16:00:00+00:00,4188.255,4193.485,4184.975,4190.695,1.088
2026-10-09 17:00:00+00:00,4190.715,4197.365,4187.015,4195.205,1.063
2026-10-09 18:00:00+00:00,4195.275,4201.965,4192.295,4198.505,1.102
2026-10-09 19:00:00+00:00,4198.575,4200.855,4192.585,4195.185,1.006
