timestamp,open,high,low,close,volume
2026-10-01 20:58:00+00:00,4177.245,4177.755,4177.195,4177.695,0.008
2026-10-01 20:59:00+00:00,4177.695,4178.545,4177.475,4178.485,0.013
2026-10-01 22:00:00+00:00,4176.565,4178.125,4175.915,4176.685,0.015
2026-10-01 22:01:00+00:00,4176.795,4177.515,4175.905,4177.315,0.008
2026-10-01 22:02:00+00:00,4177.455,4178.455,4176.855,4177.825,0.006
2026-10-01 22:03:00+00:00,4177.785,4177.995,4175.935,4176.295,0.006
2026-10-01 22:04:00+00:00,4176.125,4176.385,4174.595,4175.745,0.007
2026-10-01 22:05:00+00:00,4175.715,4177.165,4175.715,4176.675,0.005
2026-10-01 22:06:00+00:00,4176.775,4176.775,4175.615,4175.765,0.002
2026-10-01 22:07:00+00:00,4175.655,4176.635,4175.655,4176.485,0.005
2026-10-01 22:08:00+00:00,4176.375,4176.645,4175.595,4175.765,0.004
2026-10-01 22:09:00+00:00,4175.895,4175.895,4174.845,4175.235,0.005
2026-10-01 22:10:00+00:00,4175.345,4175.505,4174.465,4175.255,0.003
2026-10-01 22:11:00+00:00,4175.135,4175.695,4174.455,4175.125,0.005
2026-10-01 22:12:00+00:00,4175.245,4175.285,4173.125,4173.575,0.004
2026-10-01 22:13:00+00:00,4173.695,4173.905,4172.805,4173.735,0.008
2026-10-01 22:14:00+00:00,4173.695,4174.205,4173.495,4173.875,0.004
2026-10-01 22:15:00+00:00,4173.745,4174.085,4173.125,4173.385,0.006
2026-10-01 22:16:00+00:00,4173.285,4173.835,4172.325,4172.565,0.005
2026-10-01 22:17:00+00:00,4172.555,4173.545,4172.555,4173.225,0.004
2026-10-01 22:18:00+00:00,4173.115,4173.495,4172.235,4172.945,0.003
2026-10-01 22:19:00+00:00,4172.755,4173.225,4172.385,4172.585,0.005
2026-10-01 22:20:00+00:00,4172.695,4173.295,4172.245,4172.915,0.006
2026-10-01 22:21:00+00:00,4173.125,4173.225,4172.685,4172.875,0.003
2026-10-01 22:22:00+00:00,4173.065,4173.315,4172.755,4172.805,0.003
2026-10-01 22:23:00+00:00,4172.795,4172.875,4172.195,4172.665,0.004
2026-10-01 22:24:00+00:00,4172.475,4172.795,4172.415,4172.695,0.001
2026-10-01 22:25:00+00:00,4172.595,4173.445,4172.325,4173.095,0.003
2026-10-01 22:26:00+00:00,4172.935,4173.905,4172.725,4172.845,0.004
2026-10-01 22:27:00+00:00,4172.715,4172.915,4172.315,4172.405,0.004
2026-10-01 22:28:00+00:00,4172.565,4172.845,4172.205,4172.395,0.005
2026-10-01 22:29:00+00:00,4172.275,4172.665,4172.095,4172.585,0.003
2026-10-01 22:30:00+00:00,4172.585,4173.375,4172.185,4173.055,0.006
2026-10-01 22:31:00+00:00,4173.065,4174.265,4172.575,4174.265,0.008
2026-10-01 22:32:00+00:00,4174.265,4175.765,4174.235,4175.765,0.01
2026-10-01 22:33:00+00:00,4175.765,4175.765,4174.645,4175.345,0.007
2026-10-01 22:34:00+00:00,4175.285,4175.805,4175.285,4175.805,0.004
2026-10-01 22:35:00+00:00,4175.805,4176.095,4175.475,4175.555,0.004
2026-10-01 22:36:00+00:00,4175.505,4176.125,4175.375,4176.125,0.003
2026-10-01 22:37:00+00:00,4176.125,4176.565,4176.045,4176.255,0.004
2026-10-01 22:38:00+00:00,4176.245,4176.255,4175.895,4176.025,0.003
2026-10-01 22:39:00+00:00,4176.025,4176.515,4176.025,4176.045,0.004
2026-10-01 22:40:00+00:00,4175.885,4176.355,4175.885,4176.245,0.002
2026-10-01 22:41:00+00:00,4176.255,4176.655,4175.755,4176.655,0.004
2026-10-01 22:42:00+00:00,4176.655,4176.665,4176.345,4176.355,0.004
2026-10-01 22:43:00+00:00,4176.355,4176.545,4176.025,4176.545,0.003
2026-10-01 22:44:00+00:00,4176.535,4176.545,4176.265,4176.395,0.002
2026-10-01 22:45:00+00:00,4176.445,4176.965,4176.445,4176.965,0.002
2026-10-01 22:46:00+00:00,4176.805,4176.825,4176.505,4176.725,0.004
2026-10-01 22:47:00+00:00,4176.725,4176.935,4176.425,4176.585,0.002
2026-10-01 22:48:00+00:00,4176.585,4176.725,4176.535,4176.625,0.003
2026-10-01 22:49:00+00:00,4176.625,4176.625,4175.905,4175.965,0.003
2026-10-01 22:50:00+00:00,4175.965,4176.585,4175.825,4176.055,0.007
2026-10-01 22:51:00+00:00,4176.055,4176.505,4176.055,4176.375,0.002
2026-10-01 22:52:00+00:00,4176.375,4176.645,4176.165,4176.615,0.004
2026-10-01 22:53:00+00:00,4176.605,4176.815,4176.495,4176.735,0.004
2026-10-01 22:54:00+00:00,4176.735,4176.955,4176.735,4176.955,0.002
2026-10-01 22:55:00+00:00,4176.955,4177.055,4176.795,4176.945,0.003
2026-10-01 22:56:00+00:00,4176.945,4178.715,4176.945,4178.415,0.006
2026-10-01 22:57:00+00:00,4178.415,4178.835,4178.285,4178.625,0.004
2026-10-01 22:58:00+00:00,4178.625,4179.365,4178.485,4179.215,0.002
2026-10-01 22:59:00+00:00,4179.055,4179.395,4178.935,4179.255,0.001
2026-10-01 23:00:00+00:00,4179.425,4179.425,4178.625,4178.625,0.002
2026-10-01 23:01:00+00:00,4178.795,4179.055,4178.675,4178.675,0.001
2026-10-01 23:02:00+00:00,4178.695,4178.835,4178.615,4178.695,0.001
2026-10-01 23:03:00+00:00,4178.855,4179.395,4178.855,4179.395,0.001
2026-10-01 23:04:00+00:00,4179.515,4179.735,4179.205,4179.435,0.001
2026-10-01 23:05:00+00:00,4179.275,4179.275,4178.035,4178.175,0.002
2026-10-01 23:06:00+00:00,4178.345,4178.845,4178.105,4178.845,0.001
2026-10-01 23:07:00+00:00,4178.995,4179.145,4178.645,4178.645,0.001
2026-10-01 23:08:00+00:00,4178.505,4178.505,4178.145,4178.375,0.001
2026-10-01 23:09:00+00:00,4178.285,4178.955,4178.265,4178.955,0.001
2026-10-01 23:10:00+00:00,4178.955,4179.775,4178.955,4179.775,0.005
2026-10-01 23:11:00+00:00,4179.775,4180.945,4179.775,4180.505,0.006
2026-10-01 23:12:00+00:00,4180.645,4180.805,4179.885,4180.095,0.005
2026-10-01 23:13:00+00:00,4180.055,4180.055,4179.445,4179.535,0.002
2026-10-01 23:14:00+00:00,4179.535,4180.965,4179.535,4180.405,0.005
2026-10-01 23:15:00+00:00,4180.625,4180.765,4180.465,4180.505,0.003
2026-10-01 23:16:00+00:00,4180.505,4181.125,4180.325,4180.725,0.003
2026-10-01 23:17:00+00:00,4180.795,4180.795,4180.005,4180.005,0.001
2026-10-01 23:18:00+00:00,4179.935,4181.205,4179.935,4181.175,0.004
2026-10-01 23:19:00+00:00,4181.175,4182.695,4181.045,4182.605,0.006
2026-10-01 23:20:00+00:00,4182.605,4183.315,4182.235,4183.315,0.005
2026-10-01 23:21:00+00:00,4183.315,4183.315,4182.525,4182.525,0.004
2026-10-01 23:22:00+00:00,4182.215,4182.385,4181.885,4182.035,0.005
2026-10-01 23:23:00+00:00,4182.035,4182.055,4180.965,4180.975,0.004
2026-10-01 23:24:00+00:00,4180.915,4181.235,4180.345,4180.805,0.004
2026-10-01 23:25:00+00:00,4180.715,4181.235,4180.555,4181.125,0.003
2026-10-01 23:26:00+00:00,4181.085,4181.245,4179.975,4180.115,0.004
2026-10-01 23:27:00+00:00,4180.015,4180.945,4179.935,4180.445,0.004
2026-10-01 23:28:00+00:00,4180.445,4181.325,4180.445,4181.325,0.004
2026-10-01 23:29:00+00:00,4181.575,4181.575,4181.265,4181.455,0.002
2026-10-01 23:30:00+00:00,4181.455,4182.425,4181.455,4182.235,0.007
2026-10-01 23:31:00+00:00,4182.085,4182.085,4180.885,4181.035,0.004
2026-10-01 23:32:00+00:00,4181.035,4181.335,4181.035,4181.255,0.002
2026-10-01 23:33:00+00:00,4181.255,4182.345,4181.255,4182.345,0.005
2026-10-01 23:34:00+00:00,4182.345,4182.765,4182.275,4182.555,0.004
2026-10-01 23:35:00+00:00,4182.505,4183.145,4182.505,4182.795,0.003
2026-10-01 23:36:00+00:00,4182.785,4182.785,4182.275,4182.275,0.005
2026-10-01 23:37:00+00:00,4182.085,4182.115,4181.165,4181.165,0.004
2026-10-01 23:38:00+00:00,4181.305,4181.305,4180.645,4180.885,0.002
2026-10-01 23:39:00+00:00,4180.885,4180.885,4179.295,4179.295,0.003
2026-10-01 23:40:00+00:00,4179.105,4179.325,4178.805,4178.825,0.004
2026-10-01 23:41:00+00:00,4178.755,4178.755,4178.105,4178.265,0.005
2026-10-01 23:42:00+00:00,4178.265,4178.285,4177.615,4177.765,0.004
2026-10-01 23:43:00+00:00,4177.815,4178.605,4177.645,4178.605,0.003
2026-10-01 23:44:00+00:00,4178.325,4179.645,4178.325,4179.645,0.007
2026-10-01 23:45:00+00:00,4179.805,4179.805,4178.575,4178.575,0.007
2026-10-01 23:46:00+00:00,4178.575,4179.905,4178.325,4179.905,0.01
2026-10-01 23:47:00+00:00,4179.905,4180.045,4179.565,4179.565,0.006
2026-10-01 23:48:00+00:00,4179.565,4180.275,4179.565,4180.205,0.005
2026-10-01 23:49:00+00:00,4180.065,4182.505,4179.905,4182.505,0.013
2026-10-01 23:50:00+00:00,4182.485,4183.455,4182.295,4182.795,0.012
2026-10-01 23:51:00+00:00,4183.055,4183.625,4182.935,4183.335,0.006
2026-10-01 23:52:00+00:00,4183.335,4184.045,4183.035,4183.035,0.007
2026-10-01 23:53:00+00:00,4183.035,4183.965,4183.035,4183.615,0.005
2026-10-01 23:54:00+00:00,4183.615,4183.615,4182.595,4182.595,0.005
2026-10-01 23:55:00+00:00,4182.595,4183.855,4182.595,4183.025,0.007
2026-10-01 23:56:00+00:00,4183.165,4183.635,4183.165,4183.465,0.006
2026-10-01 23:57:00+00:00,4183.615,4183.645,4183.035,4183.035,0.011
2026-10-01 23:58:00+00:00,4182.875,4183.025,4182.565,4182.575,0.006
2026-10-01 23:59:00+00:00,4182.575,4183.025,4182.145,4182.415,0.007
2026-10-02 00:00:00+00:00,4182.265,4182.665,4181.495,4182.645,0.025
2026-10-02 00:01:00+00:00,4182.645,4182.935,4180.785,4180.895,0.017
2026-10-02 00:02:00+00:00,4180.895,4180.895,4179.885,4180.435,0.02
2026-10-02 00:03:00+00:00,4180.395,4180.715,4178.085,4178.945,0.019
2026-10-02 00:04:00+00:00,4178.955,4178.955,4178.015,4178.155,0.014
2026-10-02 00:05:00+00:00,4178.305,4178.305,4175.725,4176.915,0.016
2026-10-02 00:06:00+00:00,4176.915,4176.915,4175.795,4176.165,0.012
2026-10-02 00:07:00+00:00,4176.035,4177.305,4175.845,4176.385,0.014
2026-10-02 00:08:00+00:00,4176.375,4176.475,4175.505,4176.065,0.013
2026-10-02 00:09:00+00:00,4175.955,4176.315,4175.575,4175.595,0.013
2026-10-02 00:10:00+00:00,4175.595,4176.575,4174.805,4176.145,0.019
2026-10-02 00:11:00+00:00,4175.645,4176.305,4174.895,4175.005,0.013
2026-10-02 00:12:00+00:00,4174.955,4175.045,4170.695,4170.935,0.02
2026-10-02 00:13:00+00:00,4170.825,4171.235,4169.895,4170.995,0.015
2026-10-02 00:14:00+00:00,4170.925,4172.105,4170.125,4170.155,0.014
2026-10-02 00:15:00+00:00,4170.155,4171.935,4169.355,4171.555,0.022
2026-10-02 00:16:00+00:00,4171.395,4171.955,4168.755,4169.445,0.021
2026-10-02 00:17:00+00:00,4169.355,4169.775,4168.525,4168.725,0.018
2026-10-02 00:18:00+00:00,4168.745,4169.615,4168.745,4169.395,0.012
2026-10-02 00:19:00+00:00,4169.395,4170.465,4168.455,4170.265,0.019
2026-10-02 00:20:00+00:00,4170.245,4170.835,4169.205,4170.175,0.014
2026-10-02 00:21:00+00:00,4170.095,4170.305,4168.065,4168.615,0.02
2026-10-02 00:22:00+00:00,4168.615,4169.165,4167.895,4168.085,0.015
2026-10-02 00:23:00+00:00,4167.985,4168.365,4167.685,4167.685,0.01
2026-10-02 00:24:00+00:00,4167.685,4169.285,4166.535,4167.365,0.016
2026-10-02 00:25:00+00:00,4167.365,4167.665,4166.545,4166.675,0.016
2026-10-02 00:26:00+00:00,4166.675,4167.615,4164.845,4165.265,0.02
2026-10-02 00:27:00+00:00,4165.235,4167.105,4164.665,4166.875,0.023
2026-10-02 00:28:00+00:00,4166.875,4167.17,4165.535,4165.885,0.022
2026-10-02 00:29:00+00:00,4165.885,4167.195,4164.675,4165.145,0.019
2026-10-02 00:30:00+00:00,4165.145,4165.265,4163.595,4163.795,0.024
2026-10-02 00:31:00+00:00,4163.955,4164.085,4161.845,4162.085,0.025
2026-10-02 00:32:00+00:00,4162.055,4163.985,4160.475,4163.985,0.024
2026-10-02 00:33:00+00:00,4163.985,4167.595,4163.845,4164.885,0.021
2026-10-02 00:34:00+00:00,4165.165,4165.165,4163.295,4163.935,0.021
2026-10-02 00:35:00+00:00,4163.795,4164.245,4163.005,4163.725,0.021
2026-10-02 00:36:00+00:00,4163.625,4164.445,4163.125,4163.205,0.017
2026-10-02 00:37:00+00:00,4163.335,4163.675,4161.385,4161.735,0.018
2026-10-02 00:38:00+00:00,4161.625,4161.775,4159.795,4160.945,0.027
2026-10-02 00:39:00+00:00,4161.065,4162.095,4160.705,4161.255,0.016
2026-10-02 00:40:00+00:00,4161.135,4161.875,4159.955,4160.185,0.013
2026-10-02 00:41:00+00:00,4160.285,4160.695,4159.015,4159.875,0.019
2026-10-02 00:42:00+00:00,4159.765,4161.585,4159.765,4161.115,0.014
2026-10-02 00:43:00+00:00,4161.155,4161.645,4160.635,4160.845,0.01
2026-10-02 00:44:00+00:00,4160.905,4161.095,4159.685,4159.855,0.012
2026-10-02 00:45:00+00:00,4159.855,4160.545,4159.045,4160.225,0.013
2026-10-02 00:46:00+00:00,4160.235,4160.655,4157.945,4158.535,0.013
2026-10-02 00:47:00+00:00,4158.535,4161.015,4158.535,4160.875,0.015
2026-10-02 00:48:00+00:00,4161.005,4162.125,4161.005,4161.475,0.012
2026-10-02 00:49:00+00:00,4161.605,4161.725,4160.215,4160.375,0.009
2026-10-02 00:50:00+00:00,4160.545,4160.655,4159.415,4159.935,0.009
2026-10-02 00:51:00+00:00,4159.805,4160.485,4158.715,4158.825,0.009
2026-10-02 00:52:00+00:00,4158.685,4161.005,4157.995,4161.005,0.011
2026-10-02 00:53:00+00:00,4161.005,4161.005,4160.165,4160.505,0.014
2026-10-02 00:54:00+00:00,4160.335,4160.865,4159.965,4160.265,0.01
2026-10-02 00:55:00+00:00,4159.995,4160.365,4158.425,4158.425,0.011
2026-10-02 00:56:00+00:00,4158.425,4159.235,4157.575,4158.085,0.01
2026-10-02 00:57:00+00:00,4158.085,4159.185,4157.235,4159.185,0.011
2026-10-02 00:58:00+00:00,4159.185,4159.455,4158.275,4158.365,0.01
2026-10-02 00:59:00+00:00,4158.365,4158.365,4153.305,4153.825,0.022
2026-10-02 01:00:00+00:00,4153.705,4154.975,4152.425,4153.065,0.025
2026-10-02 01:01:00+00:00,4153.185,4155.145,4152.515,4152.515,0.019
2026-10-02 01:02:00+00:00,4152.375,4153.245,4149.535,4149.845,0.028
2026-10-02 01:03:00+00:00,4149.845,4150.565,4148.505,4149.445,0.022
2026-10-02 01:04:00+00:00,4149.345,4149.445,4148.435,4148.435,0.021
2026-10-02 01:05:00+00:00,4148.435,4149.485,4148.225,4148.515,0.017
2026-10-02 01:06:00+00:00,4148.425,4148.565,4144.795,4145.025,0.028
2026-10-02 01:07:00+00:00,4144.725,4146.115,4144.515,4146.115,0.02
2026-10-02 01:08:00+00:00,4146.085,4147.725,4145.415,4146.145,0.021
2026-10-02 01:09:00+00:00,4146.145,4146.265,4138.685,4140.615,0.036
2026-10-02 01:10:00+00:00,4140.505,4140.715,4134.215,4137.155,0.051
2026-10-02 01:11:00+00:00,4137.075,4138.895,4135.605,4138.785,0.032
2026-10-02 01:12:00+00:00,4138.665,4139.725,4136.255,4137.115,0.024
2026-10-02 01:13:00+00:00,4137.025,4141.155,4137.015,4140.915,0.025
2026-10-02 01:14:00+00:00,4141.155,4141.475,4138.655,4141.475,0.022
2026-10-02 01:15:00+00:00,4141.475,4141.955,4140.355,4140.775,0.023
2026-10-02 01:16:00+00:00,4140.605,4144.155,4139.665,4143.925,0.021
2026-10-02 01:17:00+00:00,4143.925,4144.965,4143.125,4144.275,0.02
2026-10-02 01:18:00+00:00,4144.355,4145.455,4142.675,4144.365,0.022
2026-10-02 01:19:00+00:00,4144.365,4145.165,4143.015,4144.565,0.015
2026-10-02 01:20:00+00:00,4144.705,4144.705,4143.465,4144.545,0.016
2026-10-02 01:21:00+00:00,4144.545,4144.545,4143.295,4143.755,0.016
2026-10-02 01:22:00+00:00,4143.755,4146.275,4142.925,4145.825,0.019
2026-10-02 01:23:00+00:00,4145.825,4145.965,4144.205,4144.205,0.02
2026-10-02 01:24:00+00:00,4144.315,4147.995,4143.795,4147.665,0.016
2026-10-02 01:25:00+00:00,4147.665,4148.195,4146.605,4146.775,0.021
2026-10-02 01:26:00+00:00,4146.775,4147.495,4146.515,4147.495,0.011
2026-10-02 01:27:00+00:00,4147.495,4148.415,4145.725,4146.455,0.019
2026-10-02 01:28:00+00:00,4146.305,4148.375,4145.675,4147.775,0.017
2026-10-02 01:29:00+00:00,4147.915,4150.605,4147.355,4150.305,0.022
2026-10-02 01:30:00+00:00,4150.315,4150.495,4147.345,4147.935,0.021
2026-10-02 01:31:00+00:00,4147.935,4148.325,4146.475,4146.995,0.023
2026-10-02 01:32:00+00:00,4146.925,4148.025,4146.055,4147.815,0.021
2026-10-02 01:33:00+00:00,4147.815,4150.325,4147.585,4150.325,0.017
2026-10-02 01:34:00+00:00,4150.325,4150.425,4147.785,4147.825,0.015
2026-10-02 01:35:00+00:00,4147.825,4148.535,4146.885,4148.135,0.024
2026-10-02 01:36:00+00:00,4148.135,4148.845,4147.085,4147.085,0.023
2026-10-02 01:37:00+00:00,4147.085,4148.825,4147.085,4148.635,0.022
2026-10-02 01:38:00+00:00,4148.635,4151.045,4148.595,4150.785,0.018
2026-10-02 01:39:00+00:00,4150.785,4151.215,4149.765,4150.195,0.016
2026-10-02 01:40:00+00:00,4150.195,4152.285,4149.715,4151.615,0.015
2026-10-02 01:41:00+00:00,4151.345,4152.475,4151.295,4151.785,0.022
2026-10-02 01:42:00+00:00,4151.925,4152.085,4149.385,4149.755,0.017
2026-10-02 01:43:00+00:00,4149.415,4149.435,4147.665,4147.955,0.015
2026-10-02 01:44:00+00:00,4148.025,4149.835,4147.285,4149.835,0.019
2026-10-02 01:45:00+00:00,4149.615,4150.525,4148.155,4148.365,0.015
2026-10-02 01:46:00+00:00,4148.365,4149.095,4147.985,4148.275,0.01
2026-10-02 01:47:00+00:00,4148.135,4148.595,4146.685,4148.055,0.015
2026-10-02 01:48:00+00:00,4147.905,4150.145,4147.905,4150.015,0.014
2026-10-02 01:49:00+00:00,4149.875,4150.805,4148.955,4148.955,0.015
2026-10-02 01:50:00+00:00,4148.955,4149.245,4147.715,4147.865,0.016
2026-10-02 01:51:00+00:00,4147.845,4148.125,4146.805,4148.015,0.016
2026-10-02 01:52:00+00:00,4148.015,4150.205,4146.955,4147.645,0.022
2026-10-02 01:53:00+00:00,4147.755,4148.655,4146.285,4147.165,0.02
2026-10-02 01:54:00+00:00,4147.295,4148.965,4147.035,4148.365,0.018
2026-10-02 01:55:00+00:00,4148.485,4148.485,4145.765,4148.265,0.017
2026-10-02 01:56:00+00:00,4148.405,4149.835,4148.125,4149.575,0.016
2026-10-02 01:57:00+00:00,4149.725,4152.295,4149.725,4152.035,0.018
2026-10-02 01:58:00+00:00,4151.995,4152.255,4151.385,4152.255,0.013
2026-10-02 01:59:00+00:00,4152.135,4152.745,4151.365,4151.805,0.014
2026-10-02 02:00:00+00:00,4151.895,4152.175,4147.775,4148.335,0.025
2026-10-02 02:01:00+00:00,4148.315,4150.405,4147.745,4149.805,0.021
2026-10-02 02:02:00+00:00,4149.655,4151.975,4149.515,4150.895,0.019
2026-10-02 02:03:00+00:00,4150.895,4151.845,4150.605,4151.825,0.016
2026-10-02 02:04:00+00:00,4151.695,4155.775,4151.595,4155.625,0.028
2026-10-02 02:05:00+00:00,4155.575,4156.015,4153.605,4154.225,0.026
2026-10-02 02:06:00+00:00,4154.255,4156.065,4153.955,4155.565,0.019
2026-10-02 02:07:00+00:00,4155.535,4155.865,4153.405,4153.765,0.02
2026-10-02 02:08:00+00:00,4153.765,4157.915,4153.605,4156.355,0.024
2026-10-02 02:09:00+00:00,4156.315,4156.905,4155.385,4156.165,0.019
2026-10-02 02:10:00+00:00,4156.165,4157.465,4156.165,4156.845,0.018
2026-10-02 02:11:00+00:00,4156.845,4156.845,4155.215,4155.265,0.015
2026-10-02 02:12:00+00:00,4155.395,4155.655,4153.335,4153.335,0.015
2026-10-02 02:13:00+00:00,4153.335,4155.545,4153.205,4155.545,0.015
2026-10-02 02:14:00+00:00,4155.545,4155.705,4153.915,4154.325,0.012
2026-10-02 02:15:00+00:00,4154.325,4155.705,4153.775,4155.705,0.013
2026-10-02 02:16:00+00:00,4155.695,4158.535,4155.695,4158.375,0.017
2026-10-02 02:17:00+00:00,4158.375,4159.135,4157.745,4158.635,0.018
2026-10-02 02:18:00+00:00,4158.635,4160.075,4158.455,4159.885,0.014
2026-10-02 02:19:00+00:00,4159.755,4160.835,4159.055,4159.215,0.013
2026-10-02 02:20:00+00:00,4159.065,4159.335,4158.005,4159.205,0.014
2026-10-02 02:21:00+00:00,4159.205,4159.205,4157.635,4158.395,0.013
2026-10-02 02:22:00+00:00,4158.395,4158.665,4157.445,4157.705,0.01
2026-10-02 02:23:00+00:00,4157.705,4158.125,4157.225,4157.575,0.008
2026-10-02 02:24:00+00:00,4157.455,4157.725,4155.665,4156.815,0.012
2026-10-02 02:25:00+00:00,4156.945,4158.175,4156.675,4157.555,0.012
2026-10-02 02:26:00+00:00,4157.715,4160.815,4157.315,4158.935,0.011
2026-10-02 02:27:00+00:00,4158.885,4160.835,4158.185,4160.705,0.012
2026-10-02 02:28:00+00:00,4160.655,4160.925,4159.905,4160.355,0.012
2026-10-02 02:29:00+00:00,4160.355,4163.025,4160.355,4160.845,0.013
2026-10-02 02:30:00+00:00,4160.855,4161.705,4158.915,4159.545,0.013
2026-10-02 02:31:00+00:00,4159.525,4162.365,4159.475,4160.325,0.019
2026-10-02 02:32:00+00:00,4160.265,4161.025,4157.685,4158.145,0.016
2026-10-02 02:33:00+00:00,4158.235,4158.705,4157.035,4158.095,0.017
2026-10-02 02:34:00+00:00,4157.945,4158.215,4156.325,4156.325,0.01
2026-10-02 02:35:00+00:00,4156.225,4158.915,4156.185,4157.695,0.012
2026-10-02 02:36:00+00:00,4157.595,4158.775,4157.555,4157.875,0.008
2026-10-02 02:37:00+00:00,4157.945,4157.945,4156.295,4157.945,0.013
2026-10-02 02:38:00+00:00,4157.825,4158.595,4156.945,4158.375,0.012
2026-10-02 02:39:00+00:00,4158.575,4158.575,4156.655,4157.145,0.014
2026-10-02 02:40:00+00:00,4156.925,4158.455,4156.925,4157.875,0.009
2026-10-02 02:41:00+00:00,4157.925,4158.155,4157.325,4158.015,0.005
2026-10-02 02:42:00+00:00,4158.025,4158.165,4155.975,4156.125,0.015
2026-10-02 02:43:00+00:00,4156.205,4156.815,4156.045,4156.085,0.01
2026-10-02 02:44:00+00:00,4156.545,4157.205,4156.075,4156.905,0.008
2026-10-02 02:45:00+00:00,4156.865,4157.475,4156.135,4157.475,0.008
2026-10-02 02:46:00+00:00,4157.185,4157.975,4156.855,4157.765,0.007
2026-10-02 02:47:00+00:00,4157.665,4159.655,4157.135,4159.655,0.013
2026-10-02 02:48:00+00:00,4159.655,4162.595,4159.655,4162.525,0.017
2026-10-02 02:49:00+00:00,4162.365,4162.845,4161.375,4161.965,0.015
2026-10-02 02:50:00+00:00,4162.485,4162.785,4160.995,4161.145,0.01
2026-10-02 02:51:00+00:00,4161.025,4161.845,4160.555,4161.615,0.011
2026-10-02 02:52:00+00:00,4161.465,4163.735,4161.295,4162.845,0.015
2026-10-02 02:53:00+00:00,4162.885,4162.945,4161.685,4161.705,0.012
2026-10-02 02:54:00+00:00,4161.865,4162.085,4161.075,4162.025,0.008
2026-10-02 02:55:00+00:00,4162.085,4162.085,4160.185,4160.735,0.012
2026-10-02 02:56:00+00:00,4160.675,4160.795,4159.595,4160.675,0.01
2026-10-02 02:57:00+00:00,4160.945,4164.505,4160.435,4164.345,0.016
2026-10-02 02:58:00+00:00,4164.185,4165.565,4163.845,4164.865,0.012
2026-10-02 02:59:00+00:00,4164.965,4166.895,4164.965,4166.375,0.013
2026-10-02 03:00:00+00:00,4166.535,4166.975,4165.565,4166.975,0.016
2026-10-02 03:01:00+00:00,4167.065,4171.715,4166.855,4170.725,0.037
2026-10-02 03:02:00+00:00,4170.635,4171.035,4169.425,4169.605,0.023
2026-10-02 03:03:00+00:00,4169.485,4173.325,4169.365,4172.645,0.022
2026-10-02 03:04:00+00:00,4172.485,4173.565,4172.305,4173.395,0.021
2026-10-02 03:05:00+00:00,4173.405,4173.575,4172.265,4172.795,0.018
2026-10-02 03:06:00+00:00,4172.665,4172.775,4171.235,4171.865,0.015
2026-10-02 03:07:00+00:00,4172.015,4172.385,4171.435,4171.845,0.016
2026-10-02 03:08:00+00:00,4171.885,4172.305,4168.775,4169.085,0.016
2026-10-02 03:09:00+00:00,4169.165,4169.555,4168.225,4169.265,0.013
2026-10-02 03:10:00+00:00,4169.275,4171.155,4169.155,4169.835,0.016
2026-10-02 03:11:00+00:00,4169.965,4170.125,4169.555,4170.125,0.01
2026-10-02 03:12:00+00:00,4170.025,4171.045,4169.975,4171.045,0.008
2026-10-02 03:13:00+00:00,4170.955,4172.405,4170.885,4172.005,0.012
2026-10-02 03:14:00+00:00,4171.905,4172.355,4171.485,4172.115,0.007
2026-10-02 03:15:00+00:00,4171.875,4171.875,4170.495,4171.485,0.01
2026-10-02 03:16:00+00:00,4171.635,4172.535,4171.485,4172.285,0.006
2026-10-02 03:17:00+00:00,4172.205,4172.835,4170.635,4171.095,0.011
2026-10-02 03:18:00+00:00,4171.055,4171.545,4170.575,4171.365,0.01
2026-10-02 03:19:00+00:00,4171.445,4171.585,4170.535,4171.585,0.006
2026-10-02 03:20:00+00:00,4171.585,4172.055,4171.585,4171.785,0.003
2026-10-02 03:21:00+00:00,4171.735,4173.115,4171.705,4172.675,0.007
2026-10-02 03:22:00+00:00,4172.545,4174.095,4172.395,4174.095,0.012
2026-10-02 03:23:00+00:00,4174.055,4174.095,4172.625,4173.115,0.011
2026-10-02 03:24:00+00:00,4172.975,4173.395,4172.365,4173.195,0.008
2026-10-02 03:25:00+00:00,4173.385,4176.035,4172.905,4175.565,0.022
2026-10-02 03:26:00+00:00,4175.605,4175.605,4173.755,4173.965,0.013
2026-10-02 03:27:00+00:00,4173.945,4174.865,4173.505,4174.525,0.01
2026-10-02 03:28:00+00:00,4174.425,4175.225,4174.425,4174.745,0.01
2026-10-02 03:29:00+00:00,4174.895,4175.205,4172.405,4173.265,0.011
2026-10-02 03:30:00+00:00,4173.215,4175.545,4172.515,4175.515,0.022
2026-10-02 03:31:00+00:00,4175.395,4177.795,4175.395,4177.005,0.016
2026-10-02 03:32:00+00:00,4177.005,4177.005,4173.475,4173.775,0.018
2026-10-02 03:33:00+00:00,4173.755,4174.555,4172.595,4173.995,0.017
2026-10-02 03:34:00+00:00,4174.065,4176.245,4173.945,4175.435,0.014
2026-10-02 03:35:00+00:00,4175.305,4176.285,4175.205,4175.665,0.01
2026-10-02 03:36:00+00:00,4175.365,4175.455,4174.115,4174.115,0.008
2026-10-02 03:37:00+00:00,4174.115,4174.115,4173.285,4173.775,0.012
2026-10-02 03:38:00+00:00,4173.935,4175.095,4173.635,4174.955,0.009
2026-10-02 03:39:00+00:00,4174.955,4175.655,4173.735,4174.505,0.01
2026-10-02 03:40:00+00:00,4174.465,4174.565,4173.685,4174.555,0.009
2026-10-02 03:41:00+00:00,4174.555,4175.095,4174.145,4174.695,0.007
2026-10-02 03:42:00+00:00,4174.735,4175.415,4174.585,4174.875,0.005
2026-10-02 03:43:00+00:00,4174.805,4174.805,4173.855,4174.095,0.006
2026-10-02 03:44:00+00:00,4174.095,4175.035,4173.945,4174.325,0.008
2026-10-02 03:45:00+00:00,4174.465,4174.755,4172.595,4173.035,0.013
2026-10-02 03:46:00+00:00,4173.035,4173.665,4172.215,4172.765,0.016
2026-10-02 03:47:00+00:00,4172.765,4174.205,4172.485,4172.485,0.015
2026-10-02 03:48:00+00:00,4172.605,4173.335,4172.075,4172.745,0.008
2026-10-02 03:49:00+00:00,4172.645,4173.075,4172.375,4172.755,0.003
2026-10-02 03:50:00+00:00,4172.745,4173.865,4172.655,4173.165,0.009
2026-10-02 03:51:00+00:00,4173.145,4174.065,4172.405,4173.835,0.012
2026-10-02 03:52:00+00:00,4173.715,4174.325,4172.785,4173.345,0.013
2026-10-02 03:53:00+00:00,4173.345,4173.655,4172.715,4173.575,0.007
2026-10-02 03:54:00+00:00,4173.575,4175.135,4172.965,4174.565,0.014
2026-10-02 03:55:00+00:00,4174.565,4177.055,4174.565,4176.495,0.011
2026-10-02 03:56:00+00:00,4176.565,4177.595,4175.905,4177.595,0.009
2026-10-02 03:57:00+00:00,4177.595,4178.715,4177.215,4177.215,0.015
2026-10-02 03:58:00+00:00,4177.325,4178.015,4176.305,4176.575,0.011
2026-10-02 03:59:00+00:00,4176.575,4179.545,4176.505,4178.145,0.014
2026-10-02 04:00:00+00:00,4178.145,4179.585,4177.965,4178.855,0.021
2026-10-02 04:01:00+00:00,4178.855,4181.495,4177.895,4181.385,0.024
2026-10-02 04:02:00+00:00,4181.165,4185.395,4181.075,4185.205,0.024
2026-10-02 04:03:00+00:00,4185.325,4185.355,4183.705,4184.465,0.018
2026-10-02 04:04:00+00:00,4184.325,4184.705,4183.285,4183.875,0.016
2026-10-02 04:05:00+00:00,4183.875,4184.275,4182.165,4182.935,0.016
2026-10-02 04:06:00+00:00,4182.795,4185.775,4182.675,4185.735,0.015
2026-10-02 04:07:00+00:00,4185.375,4185.915,4184.565,4184.595,0.018
2026-10-02 04:08:00+00:00,4184.745,4185.045,4183.355,4184.365,0.017
2026-10-02 04:09:00+00:00,4184.395,4184.725,4183.395,4183.745,0.011
2026-10-02 04:10:00+00:00,4183.665,4184.495,4183.135,4184.115,0.013
2026-10-02 04:11:00+00:00,4184.165,4185.165,4183.815,4183.965,0.009
2026-10-02 04:12:00+00:00,4183.925,4185.375,4183.805,4185.375,0.008
2026-10-02 04:13:00+00:00,4185.145,4188.829,4184.715,4186.905,0.02
2026-10-02 04:14:00+00:00,4186.905,4186.905,4184.265,4184.505,0.011
2026-10-02 04:15:00+00:00,4184.505,4186.245,4184.295,4186.175,0.012
2026-10-02 04:16:00+00:00,4186.245,4187.165,4185.535,4186.285,0.018
2026-10-02 04:17:00+00:00,4186.315,4186.715,4184.815,4184.995,0.011
2026-10-02 04:18:00+00:00,4185.145,4185.505,4184.825,4185.275,0.009
2026-10-02 04:19:00+00:00,4185.275,4185.875,4184.735,4184.735,0.01
2026-10-02 04:20:00+00:00,4184.845,4185.725,4184.225,4185.325,0.009
2026-10-02 04:21:00+00:00,4185.495,4188.235,4185.465,4187.765,0.013
2026-10-02 04:22:00+00:00,4187.705,4188.265,4187.115,4187.115,0.01
2026-10-02 04:23:00+00:00,4187.265,4188.015,4187.265,4187.715,0.006
2026-10-02 04:24:00+00:00,4187.725,4188.655,4187.655,4188.205,0.009
2026-10-02 04:25:00+00:00,4188.205,4189.225,4188.145,4188.395,0.009
2026-10-02 04:26:00+00:00,4188.305,4188.765,4187.685,4187.865,0.007
2026-10-02 04:27:00+00:00,4187.795,4187.795,4186.725,4187.425,0.01
2026-10-02 04:28:00+00:00,4187.475,4188.935,4187.475,4188.255,0.008
2026-10-02 04:29:00+00:00,4188.085,4188.685,4187.995,4188.415,0.007
2026-10-02 04:30:00+00:00,4188.335,4189.275,4188.225,4189.035,0.009
2026-10-02 04:31:00+00:00,4189.005,4190.655,4189.005,4190.515,0.012
2026-10-02 04:32:00+00:00,4190.515,4191.255,4188.675,4189.315,0.018
2026-10-02 04:33:00+00:00,4189.235,4189.995,4187.815,4189.025,0.013
2026-10-02 04:34:00+00:00,4189.165,4189.235,4186.535,4186.625,0.012
2026-10-02 04:35:00+00:00,4186.615,4187.575,4185.805,4185.805,0.014
2026-10-02 04:36:00+00:00,4185.795,4186.115,4184.595,4184.905,0.012
2026-10-02 04:37:00+00:00,4184.815,4185.425,4184.535,4184.855,0.01
2026-10-02 04:38:00+00:00,4184.955,4184.975,4183.435,4183.825,0.012
2026-10-02 04:39:00+00:00,4183.825,4184.005,4182.335,4182.415,0.012
2026-10-02 04:40:00+00:00,4182.345,4183.205,4182.345,4182.625,0.011
2026-10-02 04:41:00+00:00,4182.635,4183.285,4182.475,4182.995,0.013
2026-10-02 04:42:00+00:00,4182.995,4183.325,4182.945,4182.945,0.006
2026-10-02 04:43:00+00:00,4182.995,4183.115,4182.855,4182.955,0.004
2026-10-02 04:44:00+00:00,4182.925,4183.335,4182.665,4182.725,0.006
2026-10-02 04:45:00+00:00,4182.735,4183.585,4182.735,4183.445,0.011
2026-10-02 04:46:00+00:00,4183.445,4183.635,4182.235,4182.675,0.012
2026-10-02 04:47:00+00:00,4182.805,4183.475,4182.735,4183.215,0.007
2026-10-02 04:48:00+00:00,4183.205,4183.225,4182.795,4183.055,0.008
2026-10-02 04:49:00+00:00,4183.205,4183.955,4183.205,4183.825,0.006
2026-10-02 04:50:00+00:00,4183.825,4183.825,4183.095,4183.245,0.006
2026-10-02 04:51:00+00:00,4183.365,4183.405,4181.975,4181.975,0.007
2026-10-02 04:52:00+00:00,4182.125,4183.065,4181.835,4182.795,0.008
2026-10-02 04:53:00+00:00,4182.795,4182.795,4182.385,4182.435,0.005
2026-10-02 04:54:00+00:00,4182.345,4182.965,4182.345,4182.665,0.004
2026-10-02 04:55:00+00:00,4182.665,4183.135,4182.375,4183.095,0.007
2026-10-02 04:56:00+00:00,4182.975,4182.975,4181.755,4182.075,0.006
2026-10-02 04:57:00+00:00,4182.225,4182.815,4182.225,4182.815,0.006
2026-10-02 04:58:00+00:00,4182.935,4183.505,4182.765,4182.855,0.005
2026-10-02 04:59:00+00:00,4182.835,4185.545,4182.835,4185.255,0.009
2026-10-02 05:00:00+00:00,4185.255,4185.745,4184.735,4185.435,0.017
2026-10-02 05:01:00+00:00,4185.475,4186.315,4185.305,4185.865,0.014
2026-10-02 05:02:00+00:00,4185.875,4186.235,4185.235,4185.235,0.009
2026-10-02 05:03:00+00:00,4185.085,4185.995,4184.505,4184.795,0.009
2026-10-02 05:04:00+00:00,4184.755,4186.095,4184.415,4185.795,0.01
2026-10-02 05:05:00+00:00,4185.795,4185.795,4184.765,4185.035,0.007
2026-10-02 05:06:00+00:00,4184.935,4185.835,4184.935,4185.835,0.01
2026-10-02 05:07:00+00:00,4185.735,4187.485,4185.695,4187.435,0.011
2026-10-02 05:08:00+00:00,4187.305,4189.015,4187.025,4188.235,0.018
2026-10-02 05:09:00+00:00,4188.285,4188.285,4186.855,4187.195,0.011
2026-10-02 05:10:00+00:00,4187.195,4189.335,4187.195,4188.685,0.013
2026-10-02 05:11:00+00:00,4188.505,4192.205,4188.095,4191.915,0.018
2026-10-02 05:12:00+00:00,4192.035,4192.525,4191.395,4191.535,0.014
2026-10-02 05:13:00+00:00,4191.425,4191.555,4188.475,4188.765,0.013
2026-10-02 05:14:00+00:00,4188.605,4188.825,4188.035,4188.245,0.013
2026-10-02 05:15:00+00:00,4188.135,4188.245,4186.965,4187.815,0.01
2026-10-02 05:16:00+00:00,4187.745,4188.095,4187.095,4187.575,0.009
2026-10-02 05:17:00+00:00,4187.475,4188.495,4187.315,4188.175,0.009
2026-10-02 05:18:00+00:00,4188.075,4188.795,4187.315,4188.745,0.009
2026-10-02 05:19:00+00:00,4188.805,4189.965,4188.665,4189.965,0.007
2026-10-02 05:20:00+00:00,4190.125,4190.125,4188.295,4188.415,0.007
2026-10-02 05:21:00+00:00,4188.055,4188.265,4187.535,4187.835,0.008
2026-10-02 05:22:00+00:00,4187.795,4189.635,4187.725,4188.805,0.012
2026-10-02 05:23:00+00:00,4188.905,4189.695,4188.815,4189.475,0.005
2026-10-02 05:24:00+00:00,4189.335,4189.335,4187.575,4187.695,0.008
2026-10-02 05:25:00+00:00,4187.555,4188.365,4187.555,4187.635,0.013
2026-10-02 05:26:00+00:00,4187.775,4188.625,4187.485,4187.925,0.007
2026-10-02 05:27:00+00:00,4187.785,4188.005,4186.635,4186.905,0.006
2026-10-02 05:28:00+00:00,4186.795,4187.615,4186.645,4187.375,0.009
2026-10-02 05:29:00+00:00,4187.355,4188.125,4187.115,4187.615,0.013
2026-10-02 05:30:00+00:00,4187.615,4187.615,4185.615,4186.515,0.017
2026-10-02 05:31:00+00:00,4186.605,4188.425,4186.105,4188.285,0.018
2026-10-02 05:32:00+00:00,4188.195,4188.665,4187.495,4187.595,0.009
2026-10-02 05:33:00+00:00,4187.525,4188.545,4186.305,4188.545,0.014
2026-10-02 05:34:00+00:00,4188.525,4188.535,4187.285,4187.285,0.014
2026-10-02 05:35:00+00:00,4187.285,4190.785,4187.175,4190.245,0.017
2026-10-02 05:36:00+00:00,4190.095,4190.455,4187.975,4189.485,0.017
2026-10-02 05:37:00+00:00,4189.485,4190.715,4188.915,4189.765,0.013
2026-10-02 05:38:00+00:00,4189.765,4190.285,4189.305,4189.465,0.008
2026-10-02 05:39:00+00:00,4189.345,4190.445,4188.545,4188.685,0.013
2026-10-02 05:40:00+00:00,4188.585,4188.885,4187.695,4187.715,0.009
2026-10-02 05:41:00+00:00,4187.875,4189.385,4187.875,4189.255,0.008
2026-10-02 05:42:00+00:00,4189.105,4190.035,4189.105,4189.925,0.006
2026-10-02 05:43:00+00:00,4189.945,4190.995,4189.775,4189.795,0.016
2026-10-02 05:44:00+00:00,4189.915,4189.915,4187.755,4187.865,0.011
2026-10-02 05:45:00+00:00,4187.765,4188.245,4187.155,4187.295,0.009
2026-10-02 05:46:00+00:00,4187.245,4187.525,4185.765,4185.795,0.012
2026-10-02 05:47:00+00:00,4185.795,4186.215,4184.725,4184.725,0.011
2026-10-02 05:48:00+00:00,4184.855,4184.945,4184.375,4184.795,0.009
2026-10-02 05:49:00+00:00,4184.915,4185.355,4184.565,4185.245,0.01
2026-10-02 05:50:00+00:00,4184.885,4184.885,4183.605,4184.015,0.01
2026-10-02 05:51:00+00:00,4184.015,4185.565,4183.815,4185.565,0.015
2026-10-02 05:52:00+00:00,4185.565,4185.825,4184.305,4185.285,0.012
2026-10-02 05:53:00+00:00,4185.295,4185.295,4183.575,4183.615,0.011
2026-10-02 05:54:00+00:00,4183.615,4184.755,4183.485,4184.725,0.01
2026-10-02 05:55:00+00:00,4184.565,4185.585,4184.535,4184.705,0.012
2026-10-02 05:56:00+00:00,4184.705,4185.955,4184.675,4184.955,0.014
2026-10-02 05:57:00+00:00,4184.955,4185.875,4184.805,4185.005,0.02
2026-10-02 05:58:00+00:00,4184.885,4187.185,4184.725,4186.865,0.017
2026-10-02 05:59:00+00:00,4186.755,4187.915,4186.755,4186.905,0.015
2026-10-02 06:00:00+00:00,4186.905,4191.205,4186.615,4190.075,0.042
2026-10-02 06:01:00+00:00,4190.075,4190.665,4189.185,4190.515,0.032
2026-10-02 06:02:00+00:00,4190.845,4191.065,4187.775,4189.485,0.029
2026-10-02 06:03:00+00:00,4189.515,4190.915,4189.075,4190.535,0.025
2026-10-02 06:04:00+00:00,4190.535,4195.585,4190.535,4194.935,0.037
2026-10-02 06:05:00+00:00,4195.145,4197.195,4192.935,4193.855,0.04
2026-10-02 06:06:00+00:00,4193.645,4193.985,4191.695,4192.965,0.027
2026-10-02 06:07:00+00:00,4193.125,4195.025,4192.485,4194.765,0.032
2026-10-02 06:08:00+00:00,4194.625,4195.595,4193.555,4194.985,0.027
2026-10-02 06:09:00+00:00,4194.895,4194.895,4193.435,4193.935,0.024
2026-10-02 06:10:00+00:00,4194.055,4194.055,4192.395,4193.655,0.022
2026-10-02 06:11:00+00:00,4193.655,4194.685,4193.035,4193.415,0.021
2026-10-02 06:12:00+00:00,4193.285,4195.025,4193.095,4194.905,0.026
2026-10-02 06:13:00+00:00,4194.995,4195.715,4194.585,4194.835,0.015
2026-10-02 06:14:00+00:00,4194.675,4194.795,4192.405,4192.535,0.015
2026-10-02 06:15:00+00:00,4192.625,4192.665,4190.315,4191.825,0.027
2026-10-02 06:16:00+00:00,4192.065,4192.085,4189.165,4189.165,0.017
2026-10-02 06:17:00+00:00,4189.275,4189.275,4187.565,4188.065,0.022
2026-10-02 06:18:00+00:00,4188.165,4189.085,4187.315,4188.845,0.016
2026-10-02 06:19:00+00:00,4188.745,4189.005,4188.195,4188.275,0.013
2026-10-02 06:20:00+00:00,4188.065,4190.225,4187.965,4190.225,0.017
2026-10-02 06:21:00+00:00,4190.245,4191.165,4190.145,4190.505,0.019
2026-10-02 06:22:00+00:00,4190.405,4192.505,4190.115,4191.825,0.021
2026-10-02 06:23:00+00:00,4191.805,4192.155,4190.355,4191.715,0.019
2026-10-02 06:24:00+00:00,4191.805,4192.065,4189.835,4190.575,0.022
2026-10-02 06:25:00+00:00,4190.575,4191.015,4188.795,4189.245,0.018
2026-10-02 06:26:00+00:00,4189.245,4191.375,4189.245,4191.375,0.02
2026-10-02 06:27:00+00:00,4191.375,4192.295,4190.785,4191.385,0.021
2026-10-02 06:28:00+00:00,4191.535,4191.995,4190.455,4190.895,0.019
2026-10-02 06:29:00+00:00,4190.765,4190.935,4189.415,4189.705,0.018
2026-10-02 06:30:00+00:00,4190.005,4190.875,4187.615,4188.005,0.026
2026-10-02 06:31:00+00:00,4188.115,4189.275,4187.615,4188.615,0.019
2026-10-02 06:32:00+00:00,4188.615,4188.885,4187.515,4187.605,0.016
2026-10-02 06:33:00+00:00,4187.605,4187.765,4186.585,4187.465,0.017
2026-10-02 06:34:00+00:00,4187.565,4187.835,4185.425,4185.925,0.019
2026-10-02 06:35:00+00:00,4185.915,4188.195,4185.895,4186.945,0.027
2026-10-02 06:36:00+00:00,4187.095,4188.115,4183.445,4183.725,0.027
2026-10-02 06:37:00+00:00,4183.795,4184.065,4182.855,4183.635,0.021
2026-10-02 06:38:00+00:00,4183.525,4184.115,4182.675,4183.495,0.025
2026-10-02 06:39:00+00:00,4183.645,4184.725,4183.175,4184.185,0.024
2026-10-02 06:40:00+00:00,4184.315,4184.315,4182.895,4182.895,0.023
2026-10-02 06:41:00+00:00,4182.755,4182.855,4181.235,4182.115,0.022
2026-10-02 06:42:00+00:00,4182.115,4182.675,4180.505,4180.875,0.019
2026-10-02 06:43:00+00:00,4180.935,4182.405,4180.695,4181.965,0.016
2026-10-02 06:44:00+00:00,4182.075,4182.315,4180.065,4180.785,0.011
2026-10-02 06:45:00+00:00,4180.785,4180.785,4179.875,4180.445,0.008
2026-10-02 06:46:00+00:00,4180.545,4181.115,4179.845,4180.105,0.008
2026-10-02 06:47:00+00:00,4180.105,4181.255,4179.895,4180.455,0.008
2026-10-02 06:48:00+00:00,4180.315,4180.825,4179.635,4180.175,0.012
2026-10-02 06:49:00+00:00,4180.315,4181.385,4180.075,4180.575,0.008
2026-10-02 06:50:00+00:00,4180.575,4180.725,4178.585,4178.585,0.009
2026-10-02 06:51:00+00:00,4178.585,4179.685,4178.315,4178.795,0.013
2026-10-02 06:52:00+00:00,4178.795,4179.445,4178.305,4179.325,0.01
2026-10-02 06:53:00+00:00,4179.105,4179.795,4178.865,4179.635,0.009
2026-10-02 06:54:00+00:00,4179.545,4181.225,4179.165,4181.225,0.009
2026-10-02 06:55:00+00:00,4181.355,4183.245,4180.855,4183.175,0.025
2026-10-02 06:56:00+00:00,4183.185,4183.525,4180.355,4180.895,0.027
2026-10-02 06:57:00+00:00,4180.895,4182.035,4179.675,4179.765,0.029
2026-10-02 06:58:00+00:00,4179.775,4180.545,4177.775,4180.185,0.031
2026-10-02 06:59:00+00:00,4180.165,4181.655,4180.075,4181.375,0.034
2026-10-02 07:00:00+00:00,4181.335,4182.345,4180.305,4181.985,0.051
2026-10-02 07:01:00+00:00,4181.985,4181.985,4180.535,4181.125,0.043
2026-10-02 07:02:00+00:00,4181.095,4181.705,4179.925,4181.145,0.035
2026-10-02 07:03:00+00:00,4181.065,4181.975,4180.765,4181.645,0.029
2026-10-02 07:04:00+00:00,4181.705,4182.265,4180.265,4180.435,0.031
2026-10-02 07:05:00+00:00,4180.355,4181.365,4179.795,4179.945,0.034
2026-10-02 07:06:00+00:00,4179.975,4181.365,4177.955,4181.085,0.04
2026-10-02 07:07:00+00:00,4181.085,4182.545,4180.165,4181.195,0.039
2026-10-02 07:08:00+00:00,4180.965,4181.385,4180.275,4181.105,0.033
2026-10-02 07:09:00+00:00,4181.105,4181.365,4180.185,4180.975,0.029
2026-10-02 07:10:00+00:00,4180.975,4184.035,4180.835,4183.385,0.034
2026-10-02 07:11:00+00:00,4183.275,4184.355,4182.875,4183.735,0.037
2026-10-02 07:12:00+00:00,4183.715,4183.745,4181.955,4182.985,0.035
2026-10-02 07:13:00+00:00,4182.815,4186.585,4182.715,4186.565,0.04
2026-10-02 07:14:00+00:00,4186.365,4188.095,4185.865,4188.085,0.036
2026-10-02 07:15:00+00:00,4188.095,4189.655,4186.465,4187.055,0.046
2026-10-02 07:16:00+00:00,4187.055,4187.335,4185.175,4185.215,0.038
2026-10-02 07:17:00+00:00,4185.075,4186.045,4183.955,4185.715,0.043
2026-10-02 07:18:00+00:00,4185.675,4185.895,4184.315,4185.685,0.037
2026-10-02 07:19:00+00:00,4185.685,4185.915,4183.695,4184.155,0.03
2026-10-02 07:20:00+00:00,4184.265,4187.115,4184.265,4187.085,0.033
2026-10-02 07:21:00+00:00,4187.085,4187.565,4186.075,4187.155,0.026
2026-10-02 07:22:00+00:00,4187.155,4188.015,4186.685,4186.875,0.027
2026-10-02 07:23:00+00:00,4186.745,4187.145,4185.485,4186.065,0.03
2026-10-02 07:24:00+00:00,4185.965,4186.835,4185.395,4185.715,0.03
2026-10-02 07:25:00+00:00,4185.605,4189.155,4185.605,4188.425,0.039
2026-10-02 07:26:00+00:00,4188.425,4189.035,4187.585,4188.425,0.027
2026-10-02 07:27:00+00:00,4188.425,4188.495,4187.265,4187.265,0.027
2026-10-02 07:28:00+00:00,4187.365,4187.395,4184.985,4184.985,0.029
2026-10-02 07:29:00+00:00,4185.025,4185.915,4184.305,4185.685,0.029
2026-10-02 07:30:00+00:00,4185.845,4186.525,4184.885,4185.065,0.039
2026-10-02 07:31:00+00:00,4185.065,4187.535,4185.065,4186.565,0.04
2026-10-02 07:32:00+00:00,4186.655,4186.995,4185.085,4185.335,0.031
2026-10-02 07:33:00+00:00,4185.425,4187.605,4185.085,4186.375,0.029
2026-10-02 07:34:00+00:00,4186.375,4187.335,4185.755,4186.555,0.031
2026-10-02 07:35:00+00:00,4186.515,4186.935,4185.185,4186.025,0.032
2026-10-02 07:36:00+00:00,4186.005,4186.575,4184.205,4185.035,0.032
2026-10-02 07:37:00+00:00,4185.035,4185.585,4182.035,4183.065,0.034
2026-10-02 07:38:00+00:00,4183.185,4184.435,4182.805,4184.165,0.031
2026-10-02 07:39:00+00:00,4184.025,4184.905,4183.255,4183.345,0.028
2026-10-02 07:40:00+00:00,4183.345,4183.505,4182.495,4182.675,0.027
2026-10-02 07:41:00+00:00,4182.685,4184.345,4182.495,4182.645,0.029
2026-10-02 07:42:00+00:00,4182.525,4183.825,4182.335,4183.715,0.028
2026-10-02 07:43:00+00:00,4183.815,4184.545,4181.615,4183.465,0.033
2026-10-02 07:44:00+00:00,4183.515,4184.425,4182.815,4183.185,0.033
2026-10-02 07:45:00+00:00,4183.085,4183.205,4180.835,4181.495,0.028
2026-10-02 07:46:00+00:00,4181.495,4182.465,4181.435,4181.775,0.029
2026-10-02 07:47:00+00:00,4181.765,4183.075,4181.435,4183.075,0.025
2026-10-02 07:48:00+00:00,4183.065,4183.265,4182.335,4182.865,0.027
2026-10-02 07:49:00+00:00,4182.855,4183.655,4182.575,4183.615,0.025
2026-10-02 07:50:00+00:00,4183.715,4185.065,4183.135,4184.485,0.031
2026-10-02 07:51:00+00:00,4184.495,4185.295,4183.865,4185.025,0.031
2026-10-02 07:52:00+00:00,4185.095,4185.605,4184.345,4184.855,0.025
2026-10-02 07:53:00+00:00,4184.825,4185.575,4184.255,4185.335,0.023
2026-10-02 07:54:00+00:00,4185.385,4185.565,4184.835,4185.225,0.029
2026-10-02 07:55:00+00:00,4185.275,4186.345,4184.535,4186.345,0.028
2026-10-02 07:56:00+00:00,4186.355,4187.535,4185.485,4187.495,0.034
2026-10-02 07:57:00+00:00,4187.455,4192.155,4186.145,4190.625,0.046
2026-10-02 07:58:00+00:00,4190.705,4192.525,4186.325,4186.685,0.052
2026-10-02 07:59:00+00:00,4186.725,4187.685,4185.935,4187.685,0.046
2026-10-02 08:00:00+00:00,4187.565,4187.795,4185.625,4185.925,0.047
2026-10-02 08:01:00+00:00,4185.815,4186.605,4184.745,4184.905,0.034
2026-10-02 08:02:00+00:00,4184.905,4187.595,4184.795,4187.295,0.037
2026-10-02 08:03:00+00:00,4187.445,4190.035,4186.875,4190.015,0.046
2026-10-02 08:04:00+00:00,4189.835,4189.955,4185.975,4188.135,0.043
2026-10-02 08:05:00+00:00,4188.085,4189.165,4187.765,4189.015,0.036
2026-10-02 08:06:00+00:00,4188.975,4190.845,4188.795,4190.845,0.042
2026-10-02 08:07:00+00:00,4190.845,4195.775,4190.635,4195.565,0.048
2026-10-02 08:08:00+00:00,4195.495,4196.885,4192.865,4194.645,0.048
2026-10-02 08:09:00+00:00,4194.675,4195.345,4193.745,4194.405,0.036
2026-10-02 08:10:00+00:00,4194.545,4194.545,4190.395,4192.185,0.041
2026-10-02 08:11:00+00:00,4192.185,4192.895,4188.465,4190.245,0.051
2026-10-02 08:12:00+00:00,4190.255,4192.965,4187.905,4188.255,0.045
2026-10-02 08:13:00+00:00,4188.395,4190.545,4187.905,4190.055,0.043
2026-10-02 08:14:00+00:00,4189.975,4190.515,4188.135,4189.095,0.043
2026-10-02 08:15:00+00:00,4189.065,4189.625,4187.375,4187.775,0.042
2026-10-02 08:16:00+00:00,4187.885,4188.255,4186.285,4187.975,0.039
2026-10-02 08:17:00+00:00,4187.805,4189.925,4187.505,4188.685,0.041
2026-10-02 08:18:00+00:00,4188.835,4189.105,4183.985,4184.305,0.034
2026-10-02 08:19:00+00:00,4184.305,4186.425,4183.815,4185.805,0.031
2026-10-02 08:20:00+00:00,4185.805,4186.875,4185.125,4185.565,0.037
2026-10-02 08:21:00+00:00,4185.455,4190.235,4185.455,4187.175,0.043
2026-10-02 08:22:00+00:00,4186.685,4186.955,4185.155,4185.175,0.033
2026-10-02 08:23:00+00:00,4185.175,4185.535,4184.235,4184.625,0.029
2026-10-02 08:24:00+00:00,4184.575,4185.075,4183.765,4184.645,0.025
2026-10-02 08:25:00+00:00,4184.675,4184.925,4183.555,4184.485,0.028
2026-10-02 08:26:00+00:00,4184.555,4184.575,4184.035,4184.555,0.025
2026-10-02 08:27:00+00:00,4184.585,4185.185,4184.055,4185.145,0.026
2026-10-02 08:28:00+00:00,4185.165,4185.555,4183.235,4183.345,0.029
2026-10-02 08:29:00+00:00,4183.305,4185.925,4182.725,4185.765,0.042
2026-10-02 08:30:00+00:00,4185.665,4186.795,4183.695,4183.785,0.048
2026-10-02 08:31:00+00:00,4183.545,4184.515,4182.635,4183.435,0.037
2026-10-02 08:32:00+00:00,4183.415,4183.695,4181.505,4183.605,0.037
2026-10-02 08:33:00+00:00,4183.595,4183.595,4181.735,4182.825,0.036
2026-10-02 08:34:00+00:00,4182.795,4182.975,4181.385,4182.405,0.031
2026-10-02 08:35:00+00:00,4182.415,4184.195,4182.375,4183.625,0.036
2026-10-02 08:36:00+00:00,4183.635,4185.275,4183.625,4183.755,0.036
2026-10-02 08:37:00+00:00,4184.115,4184.885,4183.975,4184.195,0.034
2026-10-02 08:38:00+00:00,4184.195,4184.445,4182.565,4183.725,0.027
2026-10-02 08:39:00+00:00,4183.735,4184.255,4182.475,4184.005,0.029
2026-10-02 08:40:00+00:00,4184.205,4185.695,4183.515,4183.975,0.032
2026-10-02 08:41:00+00:00,4183.945,4183.945,4182.325,4182.525,0.027
2026-10-02 08:42:00+00:00,4182.515,4182.815,4181.765,4182.435,0.022
2026-10-02 08:43:00+00:00,4182.455,4183.115,4182.045,4182.075,0.026
2026-10-02 08:44:00+00:00,4182.105,4182.115,4180.875,4181.055,0.024
2026-10-02 08:45:00+00:00,4181.055,4181.935,4180.905,4181.815,0.022
2026-10-02 08:46:00+00:00,4181.815,4181.815,4179.875,4179.875,0.027
2026-10-02 08:47:00+00:00,4179.995,4181.455,4179.655,4179.845,0.032
2026-10-02 08:48:00+00:00,4179.845,4181.345,4179.795,4180.555,0.035
2026-10-02 08:49:00+00:00,4180.655,4182.035,4180.345,4182.035,0.028
2026-10-02 08:50:00+00:00,4182.085,4184.285,4182.045,4183.535,0.041
2026-10-02 08:51:00+00:00,4183.535,4183.795,4183.225,4183.795,0.028
2026-10-02 08:52:00+00:00,4183.765,4183.795,4182.635,4182.855,0.025
2026-10-02 08:53:00+00:00,4182.855,4183.815,4182.735,4182.915,0.023
2026-10-02 08:54:00+00:00,4182.895,4184.005,4182.895,4184.005,0.023
2026-10-02 08:55:00+00:00,4183.985,4185.055,4183.415,4184.735,0.022
2026-10-02 08:56:00+00:00,4184.735,4186.065,4184.505,4185.575,0.018
2026-10-02 08:57:00+00:00,4185.575,4186.815,4185.425,4185.845,0.021
2026-10-02 08:58:00+00:00,4185.775,4185.905,4185.055,4185.765,0.02
2026-10-02 08:59:00+00:00,4185.765,4186.305,4184.565,4184.625,0.019
2026-10-02 09:00:00+00:00,4184.665,4185.025,4182.565,4183.665,0.036
2026-10-02 09:01:00+00:00,4183.665,4183.905,4181.625,4182.495,0.029
2026-10-02 09:02:00+00:00,4182.475,4182.905,4181.775,4182.745,0.028
2026-10-02 09:03:00+00:00,4182.625,4182.825,4181.345,4182.355,0.032
2026-10-02 09:04:00+00:00,4182.345,4183.455,4182.345,4183.215,0.021
2026-10-02 09:05:00+00:00,4183.115,4183.545,4182.675,4182.675,0.025
2026-10-02 09:06:00+00:00,4182.615,4182.705,4182.045,4182.505,0.025
2026-10-02 09:07:00+00:00,4182.505,4183.155,4182.235,4183.005,0.024
2026-10-02 09:08:00+00:00,4182.845,4183.545,4182.495,4182.635,0.019
2026-10-02 09:09:00+00:00,4182.585,4183.805,4182.565,4183.535,0.021
2026-10-02 09:10:00+00:00,4183.615,4185.955,4183.525,4185.195,0.031
2026-10-02 09:11:00+00:00,4185.185,4185.425,4184.505,4184.865,0.028
2026-10-02 09:12:00+00:00,4184.865,4186.305,4184.835,4186.285,0.024
2026-10-02 09:13:00+00:00,4186.295,4188.955,4186.295,4187.965,0.037
2026-10-02 09:14:00+00:00,4187.975,4188.285,4186.305,4186.735,0.031
2026-10-02 09:15:00+00:00,4186.655,4187.255,4185.705,4185.705,0.029
2026-10-02 09:16:00+00:00,4185.845,4188.175,4185.175,4186.995,0.042
2026-10-02 09:17:00+00:00,4186.985,4187.595,4185.695,4185.895,0.035
2026-10-02 09:18:00+00:00,4186.055,4186.415,4184.995,4185.365,0.029
2026-10-02 09:19:00+00:00,4185.375,4186.555,4184.785,4186.295,0.029
2026-10-02 09:20:00+00:00,4186.295,4187.055,4185.885,4185.905,0.028
2026-10-02 09:21:00+00:00,4185.905,4186.405,4184.045,4185.595,0.027
2026-10-02 09:22:00+00:00,4185.595,4186.775,4185.395,4186.775,0.026
2026-10-02 09:23:00+00:00,4186.775,4186.975,4185.005,4185.085,0.022
2026-10-02 09:24:00+00:00,4185.025,4186.225,4185.015,4185.415,0.021
2026-10-02 09:25:00+00:00,4185.405,4187.285,4185.385,4187.195,0.025
2026-10-02 09:26:00+00:00,4187.185,4187.955,4186.735,4187.675,0.023
2026-10-02 09:27:00+00:00,4187.675,4187.675,4185.935,4186.265,0.023
2026-10-02 09:28:00+00:00,4186.285,4186.905,4185.805,4186.755,0.026
2026-10-02 09:29:00+00:00,4186.775,4187.345,4186.315,4186.945,0.016
2026-10-02 09:30:00+00:00,4186.945,4188.965,4185.885,4188.435,0.014
2026-10-02 09:31:00+00:00,4188.435,4188.675,4187.075,4187.775,0.026
2026-10-02 09:32:00+00:00,4187.825,4188.155,4186.495,4186.495,0.021
2026-10-02 09:33:00+00:00,4186.475,4187.185,4185.035,4186.655,0.024
2026-10-02 09:34:00+00:00,4186.645,4186.845,4185.115,4185.595,0.026
2026-10-02 09:35:00+00:00,4185.515,4185.635,4184.005,4184.495,0.023
2026-10-02 09:36:00+00:00,4184.495,4185.755,4184.245,4184.595,0.023
2026-10-02 09:37:00+00:00,4184.635,4184.955,4182.365,4182.685,0.021
2026-10-02 09:38:00+00:00,4182.675,4183.325,4182.005,4183.155,0.022
2026-10-02 09:39:00+00:00,4183.095,4183.935,4182.705,4183.935,0.014
2026-10-02 09:40:00+00:00,4183.945,4185.195,4183.795,4184.595,0.024
2026-10-02 09:41:00+00:00,4184.665,4185.275,4184.415,4184.875,0.018
2026-10-02 09:42:00+00:00,4184.805,4185.635,4184.705,4185.395,0.02
2026-10-02 09:43:00+00:00,4185.295,4185.975,4184.305,4184.525,0.018
2026-10-02 09:44:00+00:00,4184.595,4184.885,4184.465,4184.675,0.013
2026-10-02 09:45:00+00:00,4184.675,4184.675,4183.355,4183.545,0.022
2026-10-02 09:46:00+00:00,4183.545,4183.545,4179.815,4181.805,0.03
2026-10-02 09:47:00+00:00,4181.685,4181.935,4179.745,4180.575,0.046
2026-10-02 09:48:00+00:00,4180.585,4183.195,4180.085,4183.195,0.038
2026-10-02 09:49:00+00:00,4183.195,4185.765,4182.465,4183.315,0.056
2026-10-02 09:50:00+00:00,4183.315,4184.355,4183.085,4184.035,0.043
2026-10-02 09:51:00+00:00,4184.035,4184.645,4183.875,4184.015,0.033
2026-10-02 09:52:00+00:00,4184.015,4184.895,4182.995,4182.995,0.032
2026-10-02 09:53:00+00:00,4183.115,4187.745,4183.025,4187.745,0.037
2026-10-02 09:54:00+00:00,4187.745,4187.945,4186.625,4186.725,0.026
2026-10-02 09:55:00+00:00,4186.645,4186.965,4186.045,4186.775,0.027
2026-10-02 09:56:00+00:00,4186.885,4187.265,4185.925,4186.705,0.018
2026-10-02 09:57:00+00:00,4186.705,4186.995,4185.705,4185.775,0.024
2026-10-02 09:58:00+00:00,4185.795,4185.925,4184.425,4184.995,0.019
2026-10-02 09:59:00+00:00,4185.005,4185.955,4184.225,4184.455,0.021
2026-10-02 10:00:00+00:00,4184.465,4186.255,4184.005,4185.055,0.032
2026-10-02 10:01:00+00:00,4185.045,4185.115,4183.715,4184.245,0.028
2026-10-02 10:02:00+00:00,4184.245,4184.355,4182.465,4183.625,0.032
2026-10-02 10:03:00+00:00,4183.875,4184.125,4182.035,4182.755,0.027
2026-10-02 10:04:00+00:00,4182.745,4186.255,4182.455,4184.045,0.03
2026-10-02 10:05:00+00:00,4184.055,4184.175,4182.255,4182.255,0.029
2026-10-02 10:06:00+00:00,4182.295,4182.615,4179.725,4180.285,0.026
2026-10-02 10:07:00+00:00,4180.285,4180.555,4178.925,4179.285,0.023
2026-10-02 10:08:00+00:00,4179.285,4180.115,4178.625,4179.905,0.027
2026-10-02 10:09:00+00:00,4179.915,4179.945,4178.485,4178.485,0.019
2026-10-02 10:10:00+00:00,4178.475,4178.475,4176.515,4176.765,0.031
2026-10-02 10:11:00+00:00,4176.855,4176.855,4174.995,4175.005,0.023
2026-10-02 10:12:00+00:00,4174.965,4176.415,4171.955,4172.065,0.033
2026-10-02 10:13:00+00:00,4172.065,4172.065,4170.265,4171.655,0.04
2026-10-02 10:14:00+00:00,4171.575,4173.125,4171.505,4172.115,0.029
2026-10-02 10:15:00+00:00,4172.115,4172.175,4171.145,4171.575,0.035
2026-10-02 10:16:00+00:00,4171.495,4172.235,4170.375,4171.835,0.031
2026-10-02 10:17:00+00:00,4171.825,4173.365,4171.225,4172.945,0.033
2026-10-02 10:18:00+00:00,4172.845,4173.475,4171.485,4171.485,0.028
2026-10-02 10:19:00+00:00,4171.515,4171.775,4170.345,4171.005,0.027
2026-10-02 10:20:00+00:00,4171.005,4171.205,4168.925,4169.385,0.035
2026-10-02 10:21:00+00:00,4169.375,4169.375,4166.305,4167.685,0.046
2026-10-02 10:22:00+00:00,4167.595,4169.225,4167.195,4167.465,0.038
2026-10-02 10:23:00+00:00,4167.465,4170.275,4167.325,4168.455,0.036
2026-10-02 10:24:00+00:00,4168.675,4169.135,4166.555,4169.075,0.039
2026-10-02 10:25:00+00:00,4169.135,4171.235,4168.915,4170.365,0.042
2026-10-02 10:26:00+00:00,4170.365,4171.035,4169.725,4169.985,0.03
2026-10-02 10:27:00+00:00,4170.055,4173.555,4169.475,4173.555,0.031
2026-10-02 10:28:00+00:00,4173.525,4173.755,4172.725,4173.605,0.031
2026-10-02 10:29:00+00:00,4173.605,4174.635,4173.235,4174.435,0.026
2026-10-02 10:30:00+00:00,4174.415,4174.915,4173.735,4174.135,0.035
2026-10-02 10:31:00+00:00,4174.095,4175.115,4173.875,4174.725,0.027
2026-10-02 10:32:00+00:00,4174.565,4175.715,4174.065,4174.855,0.026
2026-10-02 10:33:00+00:00,4174.845,4177.055,4174.615,4176.975,0.025
2026-10-02 10:34:00+00:00,4176.975,4178.495,4176.865,4178.335,0.026
2026-10-02 10:35:00+00:00,4178.335,4179.225,4178.295,4179.045,0.025
2026-10-02 10:36:00+00:00,4179.055,4179.075,4178.225,4179.065,0.026
2026-10-02 10:37:00+00:00,4179.065,4179.625,4177.655,4177.655,0.029
2026-10-02 10:38:00+00:00,4177.665,4178.585,4177.265,4177.865,0.027
2026-10-02 10:39:00+00:00,4177.865,4179.165,4177.865,4178.385,0.025
2026-10-02 10:40:00+00:00,4178.315,4179.425,4178.065,4179.325,0.023
2026-10-02 10:41:00+00:00,4179.325,4180.465,4179.075,4180.085,0.02
2026-10-02 10:42:00+00:00,4180.235,4180.235,4178.705,4179.215,0.024
2026-10-02 10:43:00+00:00,4179.125,4181.335,4179.125,4180.675,0.026
2026-10-02 10:44:00+00:00,4180.825,4183.085,4180.115,4182.065,0.028
2026-10-02 10:45:00+00:00,4182.045,4182.695,4180.495,4180.525,0.031
2026-10-02 10:46:00+00:00,4180.635,4181.655,4179.995,4181.175,0.03
2026-10-02 10:47:00+00:00,4181.305,4182.555,4181.165,4182.295,0.029
2026-10-02 10:48:00+00:00,4182.255,4183.215,4180.575,4180.745,0.027
2026-10-02 10:49:00+00:00,4180.735,4182.405,4180.735,4181.105,0.024
2026-10-02 10:50:00+00:00,4181.015,4182.165,4180.115,4181.855,0.03
2026-10-02 10:51:00+00:00,4181.855,4182.415,4181.055,4181.455,0.03
2026-10-02 10:52:00+00:00,4181.395,4182.275,4181.165,4181.475,0.028
2026-10-02 10:53:00+00:00,4181.385,4181.555,4180.185,4180.865,0.024
2026-10-02 10:54:00+00:00,4180.925,4181.305,4179.815,4181.155,0.019
2026-10-02 10:55:00+00:00,4181.055,4181.055,4180.165,4180.995,0.02
2026-10-02 10:56:00+00:00,4180.995,4183.075,4180.995,4182.385,0.026
2026-10-02 10:57:00+00:00,4182.495,4182.915,4182.085,4182.215,0.018
2026-10-02 10:58:00+00:00,4182.145,4182.495,4181.035,4181.925,0.023
2026-10-02 10:59:00+00:00,4182.045,4183.095,4181.625,4183.085,0.012
2026-10-02 11:00:00+00:00,4183.095,4184.175,4182.455,4183.635,0.024
2026-10-02 11:01:00+00:00,4183.595,4184.355,4182.975,4184.355,0.029
2026-10-02 11:02:00+00:00,4184.335,4184.895,4182.625,4182.645,0.037
2026-10-02 11:03:00+00:00,4182.715,4184.695,4181.935,4184.485,0.029
2026-10-02 11:04:00+00:00,4184.485,4185.345,4183.515,4184.685,0.027
2026-10-02 11:05:00+00:00,4184.755,4185.645,4184.095,4184.945,0.028
2026-10-02 11:06:00+00:00,4184.865,4185.975,4184.525,4185.655,0.015
2026-10-02 11:07:00+00:00,4185.695,4187.675,4184.975,4187.665,0.016
2026-10-02 11:08:00+00:00,4187.535,4187.685,4186.415,4186.975,0.011
2026-10-02 11:09:00+00:00,4187.115,4188.795,4185.615,4187.745,0.024
2026-10-02 11:10:00+00:00,4187.675,4187.875,4186.525,4187.805,0.019
2026-10-02 11:11:00+00:00,4187.715,4188.025,4184.485,4184.545,0.017
2026-10-02 11:12:00+00:00,4184.545,4186.605,4184.045,4184.995,0.021
2026-10-02 11:13:00+00:00,4184.935,4186.035,4184.915,4185.595,0.016
2026-10-02 11:14:00+00:00,4185.475,4187.715,4184.795,4187.715,0.016
2026-10-02 11:15:00+00:00,4187.715,4188.615,4186.935,4188.335,0.022
2026-10-02 11:16:00+00:00,4188.335,4188.615,4185.425,4185.475,0.032
2026-10-02 11:17:00+00:00,4185.435,4186.345,4183.865,4185.005,0.036
2026-10-02 11:18:00+00:00,4185.085,4186.085,4184.325,4186.065,0.022
2026-10-02 11:19:00+00:00,4185.905,4186.885,4185.605,4186.695,0.032
2026-10-02 11:20:00+00:00,4186.615,4187.135,4186.325,4186.605,0.024
2026-10-02 11:21:00+00:00,4186.585,4186.615,4184.295,4184.735,0.024
2026-10-02 11:22:00+00:00,4184.735,4185.015,4183.835,4184.875,0.024
2026-10-02 11:23:00+00:00,4184.795,4185.275,4184.145,4185.085,0.023
2026-10-02 11:24:00+00:00,4184.975,4185.095,4184.095,4184.745,0.022
2026-10-02 11:25:00+00:00,4184.665,4186.145,4184.325,4184.875,0.027
2026-10-02 11:26:00+00:00,4184.755,4185.525,4184.005,4185.515,0.025
2026-10-02 11:27:00+00:00,4185.515,4185.515,4182.615,4183.205,0.024
2026-10-02 11:28:00+00:00,4183.225,4183.475,4181.895,4182.165,0.023
2026-10-02 11:29:00+00:00,4182.275,4182.305,4180.835,4181.035,0.021
2026-10-02 11:30:00+00:00,4180.865,4182.165,4180.645,4181.015,0.03
2026-10-02 11:31:00+00:00,4180.985,4181.905,4180.445,4181.855,0.024
2026-10-02 11:32:00+00:00,4181.765,4184.435,4180.355,4183.125,0.031
2026-10-02 11:33:00+00:00,4183.125,4183.125,4179.885,4181.145,0.033
2026-10-02 11:34:00+00:00,4181.115,4181.405,4179.235,4180.355,0.027
2026-10-02 11:35:00+00:00,4180.315,4182.025,4180.015,4181.295,0.03
2026-10-02 11:36:00+00:00,4181.205,4182.435,4181.145,4182.305,0.025
2026-10-02 11:37:00+00:00,4182.245,4182.625,4181.495,4182.005,0.026
2026-10-02 11:38:00+00:00,4182.025,4182.375,4181.545,4181.875,0.027
2026-10-02 11:39:00+00:00,4181.845,4182.315,4181.535,4182.115,0.023
2026-10-02 11:40:00+00:00,4182.125,4182.675,4180.945,4181.035,0.024
2026-10-02 11:41:00+00:00,4181.125,4181.245,4179.265,4179.335,0.023
2026-10-02 11:42:00+00:00,4179.335,4179.745,4178.625,4179.115,0.026
2026-10-02 11:43:00+00:00,4179.125,4181.275,4179.125,4179.335,0.028
2026-10-02 11:44:00+00:00,4179.355,4180.485,4179.355,4179.975,0.029
2026-10-02 11:45:00+00:00,4179.885,4179.915,4178.325,4178.605,0.027
2026-10-02 11:46:00+00:00,4178.685,4179.455,4178.415,4179.455,0.025
2026-10-02 11:47:00+00:00,4179.455,4179.875,4178.435,4178.845,0.027
2026-10-02 11:48:00+00:00,4178.915,4179.445,4178.425,4179.075,0.031
2026-10-02 11:49:00+00:00,4179.035,4180.085,4178.755,4179.855,0.037
2026-10-02 11:50:00+00:00,4179.865,4179.975,4178.025,4178.815,0.036
2026-10-02 11:51:00+00:00,4178.745,4178.745,4177.135,4177.855,0.036
2026-10-02 11:52:00+00:00,4177.885,4182.045,4177.465,4181.165,0.034
2026-10-02 11:53:00+00:00,4181.065,4182.135,4180.265,4180.545,0.033
2026-10-02 11:54:00+00:00,4180.585,4182.645,4180.325,4182.555,0.031
2026-10-02 11:55:00+00:00,4182.635,4183.055,4181.135,4181.335,0.034
2026-10-02 11:56:00+00:00,4181.435,4183.765,4181.275,4183.675,0.035
2026-10-02 11:57:00+00:00,4183.675,4185.605,4183.495,4183.975,0.045
2026-10-02 11:58:00+00:00,4183.975,4183.985,4182.585,4183.495,0.033
2026-10-02 11:59:00+00:00,4183.455,4183.505,4181.745,4181.855,0.027
2026-10-02 12:00:00+00:00,4181.795,4182.055,4180.675,4180.965,0.04
2026-10-02 12:01:00+00:00,4180.905,4181.335,4179.975,4181.105,0.031
2026-10-02 12:02:00+00:00,4181.175,4181.445,4179.565,4180.025,0.032
2026-10-02 12:03:00+00:00,4180.025,4180.155,4178.325,4178.845,0.029
2026-10-02 12:04:00+00:00,4178.845,4179.555,4178.365,4178.815,0.032
2026-10-02 12:05:00+00:00,4178.805,4181.255,4178.715,4179.885,0.034
2026-10-02 12:06:00+00:00,4179.855,4181.905,4179.755,4181.745,0.036
2026-10-02 12:07:00+00:00,4181.735,4181.975,4179.965,4180.945,0.031
2026-10-02 12:08:00+00:00,4180.945,4182.365,4180.415,4182.365,0.036
2026-10-02 12:09:00+00:00,4182.365,4182.565,4179.185,4179.335,0.035
2026-10-02 12:10:00+00:00,4179.405,4180.255,4178.615,4179.565,0.033
2026-10-02 12:11:00+00:00,4179.465,4179.765,4176.775,4177.045,0.033
2026-10-02 12:12:00+00:00,4177.045,4177.195,4175.615,4176.305,0.032
2026-10-02 12:13:00+00:00,4176.235,4176.505,4175.015,4175.295,0.031
2026-10-02 12:14:00+00:00,4175.195,4178.345,4175.005,4178.195,0.036
2026-10-02 12:15:00+00:00,4178.125,4178.125,4176.325,4177.285,0.032
2026-10-02 12:16:00+00:00,4177.275,4178.585,4176.585,4177.715,0.03
2026-10-02 12:17:00+00:00,4177.725,4178.135,4176.885,4178.135,0.035
2026-10-02 12:18:00+00:00,4178.135,4180.545,4177.845,4180.545,0.033
2026-10-02 12:19:00+00:00,4180.505,4183.125,4179.335,4180.715,0.045
2026-10-02 12:20:00+00:00,4180.475,4182.435,4178.505,4179.235,0.041
2026-10-02 12:21:00+00:00,4179.255,4182.305,4179.235,4182.225,0.048
2026-10-02 12:22:00+00:00,4182.075,4183.235,4179.845,4179.865,0.039
2026-10-02 12:23:00+00:00,4179.855,4180.575,4178.365,4179.295,0.039
2026-10-02 12:24:00+00:00,4179.295,4180.795,4177.515,4177.555,0.041
2026-10-02 12:25:00+00:00,4177.545,4180.195,4175.785,4179.725,0.043
2026-10-02 12:26:00+00:00,4179.775,4181.535,4179.765,4180.325,0.031
2026-10-02 12:27:00+00:00,4180.375,4182.615,4179.975,4181.915,0.028
2026-10-02 12:28:00+00:00,4182.155,4182.695,4180.015,4181.665,0.03
2026-10-02 12:29:00+00:00,4181.795,4187.865,4181.485,4187.865,0.034
2026-10-02 12:30:00+00:00,4187.885,4228.715,4187.595,4214.857,0.072
2026-10-02 12:31:00+00:00,4214.745,4224.875,4213.015,4218.875,0.058
2026-10-02 12:32:00+00:00,4218.797,4225.395,4217.155,4220.885,0.057
2026-10-02 12:33:00+00:00,4220.545,4221.505,4209.875,4212.865,0.045
2026-10-02 12:34:00+00:00,4212.765,4223.395,4211.995,4223.045,0.041
2026-10-02 12:35:00+00:00,4223.035,4226.075,4219.515,4224.715,0.053
2026-10-02 12:36:00+00:00,4224.875,4224.875,4217.475,4221.275,0.062
2026-10-02 12:37:00+00:00,4220.965,4222.815,4215.295,4222.625,0.057
2026-10-02 12:38:00+00:00,4222.625,4224.285,4219.425,4220.795,0.051
2026-10-02 12:39:00+00:00,4221.005,4221.275,4218.145,4218.405,0.059
2026-10-02 12:40:00+00:00,4218.405,4219.365,4211.795,4213.075,0.044
2026-10-02 12:41:00+00:00,4213.175,4214.525,4207.375,4209.005,0.044
2026-10-02 12:42:00+00:00,4208.945,4210.365,4206.475,4208.515,0.032
2026-10-02 12:43:00+00:00,4208.515,4214.525,4208.205,4212.115,0.046
2026-10-02 12:44:00+00:00,4212.115,4217.485,4210.045,4211.265,0.042
2026-10-02 12:45:00+00:00,4211.605,4213.175,4207.975,4209.035,0.049
2026-10-02 12:46:00+00:00,4209.345,4215.515,4209.185,4213.775,0.05
2026-10-02 12:47:00+00:00,4214.085,4214.945,4211.255,4213.295,0.033
2026-10-02 12:48:00+00:00,4213.055,4213.085,4210.475,4211.045,0.028
2026-10-02 12:49:00+00:00,4211.165,4214.765,4211.065,4211.845,0.027
2026-10-02 12:50:00+00:00,4211.705,4215.785,4209.545,4212.685,0.033
2026-10-02 12:51:00+00:00,4212.845,4212.845,4205.775,4206.885,0.031
2026-10-02 12:52:00+00:00,4206.845,4207.425,4204.245,4205.895,0.04
2026-10-02 12:53:00+00:00,4206.055,4208.395,4204.795,4208.395,0.03
2026-10-02 12:54:00+00:00,4208.235,4212.505,4208.235,4212.045,0.033
2026-10-02 12:55:00+00:00,4212.145,4214.335,4211.205,4211.205,0.029
2026-10-02 12:56:00+00:00,4211.365,4215.365,4208.585,4215.225,0.033
2026-10-02 12:57:00+00:00,4215.225,4215.645,4211.495,4213.835,0.038
2026-10-02 12:58:00+00:00,4213.915,4220.095,4213.625,4220.095,0.028
2026-10-02 12:59:00+00:00,4220.205,4220.825,4216.075,4218.075,0.029
2026-10-02 13:00:00+00:00,4218.235,4221.985,4216.615,4218.535,0.051
2026-10-02 13:01:00+00:00,4218.615,4224.435,4218.485,4223.505,0.052
2026-10-02 13:02:00+00:00,4223.415,4225.785,4222.145,4222.975,0.04
2026-10-02 13:03:00+00:00,4222.835,4224.035,4219.245,4223.735,0.034
2026-10-02 13:04:00+00:00,4223.885,4224.355,4219.505,4220.255,0.034
2026-10-02 13:05:00+00:00,4220.105,4220.925,4213.965,4215.115,0.039
2026-10-02 13:06:00+00:00,4215.015,4217.415,4210.625,4210.905,0.036
2026-10-02 13:07:00+00:00,4210.825,4211.265,4204.925,4207.075,0.036
2026-10-02 13:08:00+00:00,4207.265,4207.395,4204.275,4207.135,0.026
2026-10-02 13:09:00+00:00,4206.985,4207.995,4205.235,4205.235,0.029
2026-10-02 13:10:00+00:00,4205.135,4206.235,4203.075,4206.235,0.029
2026-10-02 13:11:00+00:00,4206.085,4206.145,4202.645,4203.405,0.023
2026-10-02 13:12:00+00:00,4203.405,4204.125,4199.595,4199.905,0.03
2026-10-02 13:13:00+00:00,4199.745,4200.905,4198.415,4198.975,0.029
2026-10-02 13:14:00+00:00,4199.125,4199.665,4195.625,4196.055,0.024
2026-10-02 13:15:00+00:00,4196.055,4196.825,4193.225,4194.135,0.027
2026-10-02 13:16:00+00:00,4194.015,4195.085,4192.055,4194.575,0.029
2026-10-02 13:17:00+00:00,4194.725,4196.485,4192.995,4193.175,0.025
2026-10-02 13:18:00+00:00,4193.335,4194.385,4192.195,4192.675,0.02
2026-10-02 13:19:00+00:00,4192.525,4194.025,4190.605,4191.205,0.023
2026-10-02 13:20:00+00:00,4191.245,4192.345,4190.085,4191.235,0.033
2026-10-02 13:21:00+00:00,4191.385,4193.335,4188.555,4188.765,0.027
2026-10-02 13:22:00+00:00,4189.005,4190.275,4186.395,4187.195,0.036
2026-10-02 13:23:00+00:00,4187.195,4187.725,4184.505,4187.035,0.042
2026-10-02 13:24:00+00:00,4186.945,4191.155,4186.085,4190.985,0.036
2026-10-02 13:25:00+00:00,4190.865,4193.705,4190.125,4193.095,0.038
2026-10-02 13:26:00+00:00,4193.265,4193.305,4189.905,4190.055,0.029
2026-10-02 13:27:00+00:00,4190.055,4193.145,4189.895,4192.565,0.028
2026-10-02 13:28:00+00:00,4192.565,4194.065,4192.105,4194.065,0.033
2026-10-02 13:29:00+00:00,4193.905,4195.675,4193.225,4193.865,0.036
2026-10-02 13:30:00+00:00,4193.995,4195.055,4191.215,4191.215,0.052
2026-10-02 13:31:00+00:00,4191.005,4194.285,4189.105,4192.805,0.056
2026-10-02 13:32:00+00:00,4192.805,4196.535,4191.855,4194.545,0.048
2026-10-02 13:33:00+00:00,4194.555,4197.005,4193.665,4195.775,0.048
2026-10-02 13:34:00+00:00,4195.945,4198.085,4194.695,4195.575,0.043
2026-10-02 13:35:00+00:00,4195.425,4196.695,4193.215,4194.225,0.05
2026-10-02 13:36:00+00:00,4194.115,4196.775,4192.415,4194.325,0.039
2026-10-02 13:37:00+00:00,4194.325,4199.765,4194.215,4197.635,0.045
2026-10-02 13:38:00+00:00,4197.385,4200.035,4194.735,4199.315,0.037
2026-10-02 13:39:00+00:00,4199.585,4202.375,4197.875,4200.045,0.037
2026-10-02 13:40:00+00:00,4200.165,4200.315,4193.325,4195.135,0.034
2026-10-02 13:41:00+00:00,4195.015,4195.415,4190.275,4193.205,0.034
2026-10-02 13:42:00+00:00,4193.245,4195.155,4190.715,4191.015,0.032
2026-10-02 13:43:00+00:00,4191.015,4191.605,4187.135,4187.425,0.03
2026-10-02 13:44:00+00:00,4187.315,4189.505,4183.585,4186.605,0.035
2026-10-02 13:45:00+00:00,4186.735,4192.945,4186.395,4189.815,0.044
2026-10-02 13:46:00+00:00,4189.705,4191.445,4187.775,4188.435,0.045
2026-10-02 13:47:00+00:00,4188.435,4191.725,4187.525,4191.685,0.042
2026-10-02 13:48:00+00:00,4191.515,4192.815,4189.175,4189.315,0.038
2026-10-02 13:49:00+00:00,4189.425,4193.205,4186.515,4191.555,0.036
2026-10-02 13:50:00+00:00,4191.715,4193.565,4188.015,4193.145,0.036
2026-10-02 13:51:00+00:00,4193.255,4193.255,4190.365,4190.465,0.038
2026-10-02 13:52:00+00:00,4190.465,4192.005,4185.735,4186.875,0.049
2026-10-02 13:53:00+00:00,4186.925,4186.975,4182.595,4183.005,0.049
2026-10-02 13:54:00+00:00,4183.165,4185.635,4182.865,4184.945,0.049
2026-10-02 13:55:00+00:00,4185.075,4185.075,4178.865,4179.325,0.055
2026-10-02 13:56:00+00:00,4179.325,4182.105,4178.685,4181.375,0.048
2026-10-02 13:57:00+00:00,4181.485,4190.235,4180.015,4188.045,0.052
2026-10-02 13:58:00+00:00,4187.935,4192.215,4187.515,4192.205,0.048
2026-10-02 13:59:00+00:00,4192.215,4192.235,4189.185,4191.725,0.033
2026-10-02 14:00:00+00:00,4191.845,4192.355,4183.835,4186.555,0.049
2026-10-02 14:01:00+00:00,4186.585,4188.345,4183.465,4185.015,0.054
2026-10-02 14:02:00+00:00,4185.015,4191.005,4184.745,4190.155,0.054
2026-10-02 14:03:00+00:00,4190.175,4193.765,4190.045,4192.655,0.047
2026-10-02 14:04:00+00:00,4192.625,4197.195,4192.495,4194.275,0.051
2026-10-02 14:05:00+00:00,4194.145,4195.735,4190.545,4192.455,0.052
2026-10-02 14:06:00+00:00,4192.615,4192.615,4183.675,4184.125,0.052
2026-10-02 14:07:00+00:00,4183.975,4187.745,4183.135,4185.855,0.049
2026-10-02 14:08:00+00:00,4185.855,4186.805,4183.775,4184.535,0.052
2026-10-02 14:09:00+00:00,4184.595,4187.685,4182.835,4182.835,0.056
2026-10-02 14:10:00+00:00,4182.725,4185.985,4181.285,4185.555,0.053
2026-10-02 14:11:00+00:00,4185.625,4185.625,4180.035,4180.595,0.056
2026-10-02 14:12:00+00:00,4180.745,4184.385,4179.905,4183.945,0.05
2026-10-02 14:13:00+00:00,4183.945,4185.815,4183.385,4184.545,0.048
2026-10-02 14:14:00+00:00,4184.545,4190.205,4184.025,4189.365,0.053
2026-10-02 14:15:00+00:00,4189.365,4190.795,4186.815,4187.065,0.052
2026-10-02 14:16:00+00:00,4187.065,4188.325,4185.915,4186.045,0.047
2026-10-02 14:17:00+00:00,4186.005,4188.455,4185.295,4186.295,0.042
2026-10-02 14:18:00+00:00,4186.405,4188.305,4186.405,4188.305,0.046
2026-10-02 14:19:00+00:00,4188.305,4192.115,4186.625,4192.115,0.044
2026-10-02 14:20:00+00:00,4192.095,4193.575,4187.495,4187.835,0.052
2026-10-02 14:21:00+00:00,4187.665,4188.145,4185.615,4186.065,0.047
2026-10-02 14:22:00+00:00,4186.095,4186.325,4181.875,4182.695,0.046
2026-10-02 14:23:00+00:00,4182.695,4183.665,4181.445,4182.235,0.048
2026-10-02 14:24:00+00:00,4182.195,4183.885,4181.995,4183.455,0.043
2026-10-02 14:25:00+00:00,4183.465,4183.465,4178.085,4178.515,0.044
2026-10-02 14:26:00+00:00,4178.375,4181.185,4177.815,4179.245,0.046
2026-10-02 14:27:00+00:00,4179.195,4180.235,4176.975,4177.275,0.047
2026-10-02 14:28:00+00:00,4177.505,4177.505,4174.085,4175.785,0.043
2026-10-02 14:29:00+00:00,4175.915,4177.135,4174.545,4174.705,0.038
2026-10-02 14:30:00+00:00,4174.665,4174.855,4169.495,4172.515,0.056
2026-10-02 14:31:00+00:00,4171.925,4172.685,4170.365,4171.875,0.049
2026-10-02 14:32:00+00:00,4171.795,4175.445,4171.795,4173.545,0.05
2026-10-02 14:33:00+00:00,4173.545,4174.185,4171.305,4173.535,0.046
2026-10-02 14:34:00+00:00,4173.605,4176.635,4170.345,4176.345,0.042
2026-10-02 14:35:00+00:00,4176.345,4179.275,4174.735,4177.495,0.05
2026-10-02 14:36:00+00:00,4177.385,4177.465,4175.045,4176.785,0.042
2026-10-02 14:37:00+00:00,4176.785,4177.695,4172.335,4172.505,0.05
2026-10-02 14:38:00+00:00,4172.555,4174.005,4171.995,4173.835,0.044
2026-10-02 14:39:00+00:00,4173.835,4177.635,4173.835,4175.755,0.045
2026-10-02 14:40:00+00:00,4175.665,4177.965,4175.355,4177.965,0.042
2026-10-02 14:41:00+00:00,4178.265,4179.675,4176.835,4179.595,0.042
2026-10-02 14:42:00+00:00,4179.595,4181.775,4178.705,4179.325,0.043
2026-10-02 14:43:00+00:00,4179.345,4179.875,4177.295,4177.965,0.047
2026-10-02 14:44:00+00:00,4178.075,4178.915,4175.275,4176.355,0.051
2026-10-02 14:45:00+00:00,4176.355,4176.355,4173.535,4173.885,0.048
2026-10-02 14:46:00+00:00,4174.005,4176.685,4173.925,4175.725,0.045
2026-10-02 14:47:00+00:00,4175.725,4177.075,4175.015,4175.995,0.037
2026-10-02 14:48:00+00:00,4176.125,4176.415,4172.705,4173.635,0.042
2026-10-02 14:49:00+00:00,4173.615,4174.405,4170.855,4171.195,0.037
2026-10-02 14:50:00+00:00,4171.215,4171.365,4167.175,4169.595,0.047
2026-10-02 14:51:00+00:00,4169.545,4171.075,4169.205,4171.075,0.037
2026-10-02 14:52:00+00:00,4170.945,4170.945,4163.775,4164.425,0.044
2026-10-02 14:53:00+00:00,4164.645,4165.575,4161.165,4162.835,0.051
2026-10-02 14:54:00+00:00,4162.985,4163.405,4158.055,4158.165,0.041
2026-10-02 14:55:00+00:00,4157.775,4158.365,4156.225,4157.865,0.038
2026-10-02 14:56:00+00:00,4157.715,4160.315,4156.575,4159.555,0.036
2026-10-02 14:57:00+00:00,4159.555,4159.765,4157.215,4158.205,0.032
2026-10-02 14:58:00+00:00,4157.985,4158.135,4155.675,4158.085,0.023
2026-10-02 14:59:00+00:00,4157.935,4159.305,4156.855,4159.165,0.018
2026-10-02 15:00:00+00:00,4159.305,4160.345,4156.725,4156.725,0.028
2026-10-02 15:01:00+00:00,4156.775,4156.895,4151.885,4152.995,0.043
2026-10-02 15:02:00+00:00,4152.745,4155.895,4150.855,4153.915,0.049
2026-10-02 15:03:00+00:00,4153.915,4154.725,4150.245,4151.665,0.05
2026-10-02 15:04:00+00:00,4151.665,4153.115,4150.745,4152.055,0.047
2026-10-02 15:05:00+00:00,4152.055,4154.375,4152.055,4153.055,0.045
2026-10-02 15:06:00+00:00,4152.905,4152.905,4145.825,4148.035,0.05
2026-10-02 15:07:00+00:00,4148.035,4148.035,4145.165,4147.435,0.047
2026-10-02 15:08:00+00:00,4147.395,4149.485,4145.725,4148.805,0.049
2026-10-02 15:09:00+00:00,4148.805,4149.245,4144.675,4147.465,0.05
2026-10-02 15:10:00+00:00,4147.465,4149.345,4144.815,4146.745,0.05
2026-10-02 15:11:00+00:00,4146.745,4146.865,4143.165,4144.125,0.05
2026-10-02 15:12:00+00:00,4144.375,4145.305,4142.625,4144.415,0.049
2026-10-02 15:13:00+00:00,4144.285,4145.845,4143.775,4145.085,0.049
2026-10-02 15:14:00+00:00,4145.165,4147.225,4143.815,4145.845,0.045
2026-10-02 15:15:00+00:00,4145.595,4147.315,4141.365,4142.765,0.049
2026-10-02 15:16:00+00:00,4142.765,4143.815,4140.005,4140.055,0.046
2026-10-02 15:17:00+00:00,4140.055,4143.545,4139.635,4142.325,0.044
2026-10-02 15:18:00+00:00,4142.295,4145.175,4141.525,4143.635,0.047
2026-10-02 15:19:00+00:00,4143.635,4144.805,4141.115,4143.085,0.046
2026-10-02 15:20:00+00:00,4143.255,4144.555,4140.705,4142.455,0.045
2026-10-02 15:21:00+00:00,4142.425,4145.415,4140.105,4142.835,0.049
2026-10-02 15:22:00+00:00,4142.745,4144.795,4142.375,4142.555,0.05
2026-10-02 15:23:00+00:00,4142.455,4144.115,4141.135,4143.045,0.052
2026-10-02 15:24:00+00:00,4143.165,4143.435,4137.115,4137.455,0.049
2026-10-02 15:25:00+00:00,4137.385,4138.225,4133.775,4137.855,0.058
2026-10-02 15:26:00+00:00,4137.965,4142.315,4137.625,4142.315,0.047
2026-10-02 15:27:00+00:00,4142.245,4145.075,4141.935,4144.155,0.05
2026-10-02 15:28:00+00:00,4144.025,4144.425,4141.925,4142.695,0.051
2026-10-02 15:29:00+00:00,4142.795,4143.845,4141.215,4142.705,0.047
2026-10-02 15:30:00+00:00,4142.915,4142.915,4139.925,4142.155,0.048
2026-10-02 15:31:00+00:00,4142.055,4143.085,4140.155,4141.855,0.046
2026-10-02 15:32:00+00:00,4141.855,4146.235,4141.585,4144.295,0.048
2026-10-02 15:33:00+00:00,4144.205,4147.305,4143.195,4147.015,0.045
2026-10-02 15:34:00+00:00,4146.915,4147.865,4146.055,4146.925,0.049
2026-10-02 15:35:00+00:00,4146.935,4147.845,4145.025,4145.455,0.045
2026-10-02 15:36:00+00:00,4145.455,4147.805,4144.905,4145.205,0.046
2026-10-02 15:37:00+00:00,4145.205,4146.495,4143.595,4144.505,0.042
2026-10-02 15:38:00+00:00,4144.445,4144.485,4141.735,4143.365,0.046
2026-10-02 15:39:00+00:00,4143.395,4143.765,4139.015,4139.455,0.042
2026-10-02 15:40:00+00:00,4139.505,4141.485,4138.975,4139.235,0.049
2026-10-02 15:41:00+00:00,4139.315,4139.545,4137.335,4139.415,0.052
2026-10-02 15:42:00+00:00,4139.475,4139.545,4136.535,4138.815,0.039
2026-10-02 15:43:00+00:00,4138.635,4140.185,4138.135,4140.105,0.039
2026-10-02 15:44:00+00:00,4140.075,4140.105,4134.505,4135.175,0.046
2026-10-02 15:45:00+00:00,4135.015,4137.015,4132.445,4132.755,0.047
2026-10-02 15:46:00+00:00,4132.755,4134.665,4132.005,4132.805,0.048
2026-10-02 15:47:00+00:00,4132.805,4135.275,4132.615,4134.345,0.039
2026-10-02 15:48:00+00:00,4134.375,4138.725,4133.965,4137.895,0.046
2026-10-02 15:49:00+00:00,4137.935,4137.935,4134.665,4135.585,0.045
2026-10-02 15:50:00+00:00,4135.485,4137.375,4132.365,4133.515,0.042
2026-10-02 15:51:00+00:00,4133.525,4135.145,4132.595,4133.435,0.045
2026-10-02 15:52:00+00:00,4133.435,4133.435,4129.905,4132.265,0.044
2026-10-02 15:53:00+00:00,4132.215,4133.255,4129.135,4129.315,0.049
2026-10-02 15:54:00+00:00,4129.325,4131.385,4129.245,4130.505,0.045
2026-10-02 15:55:00+00:00,4130.325,4131.355,4129.335,4130.835,0.046
2026-10-02 15:56:00+00:00,4130.735,4131.975,4129.025,4129.025,0.04
2026-10-02 15:57:00+00:00,4129.345,4129.545,4125.645,4127.335,0.045
2026-10-02 15:58:00+00:00,4127.265,4127.855,4126.205,4126.335,0.042
2026-10-02 15:59:00+00:00,4126.375,4127.975,4126.075,4127.665,0.04
2026-10-02 16:00:00+00:00,4127.805,4130.535,4127.375,4128.735,0.05
2026-10-02 16:01:00+00:00,4128.725,4130.855,4127.825,4130.725,0.039
2026-10-02 16:02:00+00:00,4130.595,4130.945,4126.414,4130.045,0.046
2026-10-02 16:03:00+00:00,4130.005,4131.895,4128.565,4129.835,0.042
2026-10-02 16:04:00+00:00,4129.695,4131.525,4128.215,4130.505,0.049
2026-10-02 16:05:00+00:00,4130.635,4131.215,4127.965,4130.385,0.046
2026-10-02 16:06:00+00:00,4130.325,4132.565,4130.225,4131.585,0.04
2026-10-02 16:07:00+00:00,4131.585,4134.475,4131.365,4133.135,0.039
2026-10-02 16:08:00+00:00,4133.135,4134.745,4130.795,4134.495,0.038
2026-10-02 16:09:00+00:00,4134.285,4135.895,4133.965,4135.205,0.023
2026-10-02 16:10:00+00:00,4135.205,4135.755,4133.445,4135.265,0.038
2026-10-02 16:11:00+00:00,4135.265,4135.515,4133.975,4133.975,0.033
2026-10-02 16:12:00+00:00,4133.975,4135.395,4132.715,4133.015,0.041
2026-10-02 16:13:00+00:00,4133.025,4137.095,4132.975,4136.445,0.036
2026-10-02 16:14:00+00:00,4136.315,4136.875,4135.155,4135.155,0.029
2026-10-02 16:15:00+00:00,4135.155,4136.855,4134.485,4136.605,0.029
2026-10-02 16:16:00+00:00,4136.535,4137.375,4134.955,4137.285,0.036
2026-10-02 16:17:00+00:00,4137.285,4138.555,4137.285,4138.275,0.025
2026-10-02 16:18:00+00:00,4138.265,4139.315,4137.775,4138.765,0.025
2026-10-02 16:19:00+00:00,4138.765,4139.125,4137.485,4137.955,0.028
2026-10-02 16:20:00+00:00,4137.775,4140.365,4137.065,4140.125,0.028
2026-10-02 16:21:00+00:00,4140.125,4141.375,4139.505,4140.455,0.034
2026-10-02 16:22:00+00:00,4140.575,4140.635,4137.715,4139.695,0.038
2026-10-02 16:23:00+00:00,4139.845,4140.885,4137.875,4138.355,0.038
2026-10-02 16:24:00+00:00,4138.345,4139.875,4135.285,4135.685,0.052
2026-10-02 16:25:00+00:00,4135.685,4137.865,4133.805,4133.805,0.046
2026-10-02 16:26:00+00:00,4133.845,4136.215,4133.705,4135.315,0.038
2026-10-02 16:27:00+00:00,4135.205,4136.695,4133.695,4136.265,0.043
2026-10-02 16:28:00+00:00,4136.315,4136.545,4134.215,4134.805,0.042
2026-10-02 16:29:00+00:00,4134.895,4136.515,4134.305,4136.465,0.036
2026-10-02 16:30:00+00:00,4136.445,4139.005,4136.215,4138.395,0.036
2026-10-02 16:31:00+00:00,4138.395,4138.835,4136.155,4136.375,0.037
2026-10-02 16:32:00+00:00,4136.375,4137.725,4136.005,4137.605,0.031
2026-10-02 16:33:00+00:00,4137.575,4139.405,4137.535,4138.945,0.033
2026-10-02 16:34:00+00:00,4138.965,4139.965,4137.705,4139.075,0.033
2026-10-02 16:35:00+00:00,4139.075,4140.955,4138.825,4140.545,0.025
2026-10-02 16:36:00+00:00,4140.675,4141.425,4139.695,4141.425,0.023
2026-10-02 16:37:00+00:00,4141.315,4141.345,4138.275,4138.715,0.028
2026-10-02 16:38:00+00:00,4138.795,4139.685,4137.695,4139.685,0.032
2026-10-02 16:39:00+00:00,4139.635,4140.565,4139.635,4140.235,0.027
2026-10-02 16:40:00+00:00,4140.155,4140.405,4137.785,4137.785,0.029
2026-10-02 16:41:00+00:00,4137.905,4138.045,4135.145,4135.145,0.034
2026-10-02 16:42:00+00:00,4135.115,4137.075,4134.585,4136.855,0.028
2026-10-02 16:43:00+00:00,4136.825,4137.375,4134.625,4134.625,0.026
2026-10-02 16:44:00+00:00,4134.675,4136.155,4134.525,4135.715,0.028
2026-10-02 16:45:00+00:00,4135.715,4137.625,4135.535,4137.485,0.026
2026-10-02 16:46:00+00:00,4137.505,4139.875,4137.335,4138.205,0.03
2026-10-02 16:47:00+00:00,4138.205,4139.075,4137.855,4137.925,0.028
2026-10-02 16:48:00+00:00,4137.875,4138.485,4137.525,4138.225,0.025
2026-10-02 16:49:00+00:00,4138.225,4138.335,4137.415,4137.975,0.024
2026-10-02 16:50:00+00:00,4137.815,4139.365,4136.845,4139.095,0.031
2026-10-02 16:51:00+00:00,4139.095,4139.615,4137.195,4137.935,0.032
2026-10-02 16:52:00+00:00,4137.935,4139.455,4137.875,4137.935,0.024
2026-10-02 16:53:00+00:00,4137.935,4140.115,4137.755,4138.835,0.024
2026-10-02 16:54:00+00:00,4138.835,4139.545,4138.385,4138.925,0.021
2026-10-02 16:55:00+00:00,4138.925,4140.295,4138.745,4139.025,0.022
2026-10-02 16:56:00+00:00,4139.025,4139.415,4138.185,4139.065,0.022
2026-10-02 16:57:00+00:00,4139.065,4139.925,4138.905,4139.305,0.021
2026-10-02 16:58:00+00:00,4139.445,4140.355,4139.265,4139.495,0.017
2026-10-02 16:59:00+00:00,4139.435,4139.435,4137.485,4139.335,0.022
2026-10-02 17:00:00+00:00,4139.325,4140.325,4139.025,4140.315,0.03
2026-10-02 17:01:00+00:00,4140.465,4142.145,4140.095,4141.575,0.028
2026-10-02 17:02:00+00:00,4141.575,4143.575,4140.765,4142.905,0.027
2026-10-02 17:03:00+00:00,4142.765,4142.945,4141.215,4142.145,0.023
2026-10-02 17:04:00+00:00,4142.095,4142.715,4141.685,4142.055,0.023
2026-10-02 17:05:00+00:00,4142.175,4142.735,4141.445,4142.025,0.018
2026-10-02 17:06:00+00:00,4142.025,4142.025,4138.885,4139.375,0.025
2026-10-02 17:07:00+00:00,4139.355,4139.495,4138.385,4138.615,0.019
2026-10-02 17:08:00+00:00,4138.635,4138.915,4138.185,4138.185,0.019
2026-10-02 17:09:00+00:00,4138.245,4138.825,4137.805,4138.465,0.02
2026-10-02 17:10:00+00:00,4138.375,4139.505,4138.345,4139.145,0.016
2026-10-02 17:11:00+00:00,4139.055,4139.305,4138.315,4138.365,0.018
2026-10-02 17:12:00+00:00,4138.415,4139.065,4137.845,4138.005,0.017
2026-10-02 17:13:00+00:00,4138.005,4138.145,4136.315,4138.045,0.02
2026-10-02 17:14:00+00:00,4138.035,4138.245,4134.315,4136.405,0.027
2026-10-02 17:15:00+00:00,4136.505,4136.815,4135.155,4135.405,0.03
2026-10-02 17:16:00+00:00,4135.405,4137.675,4135.235,4137.175,0.024
2026-10-02 17:17:00+00:00,4137.185,4137.625,4136.475,4136.875,0.017
2026-10-02 17:18:00+00:00,4136.875,4137.925,4136.475,4137.925,0.023
2026-10-02 17:19:00+00:00,4137.925,4139.145,4137.555,4138.425,0.018
2026-10-02 17:20:00+00:00,4138.395,4139.515,4137.965,4138.505,0.026
2026-10-02 17:21:00+00:00,4138.415,4138.575,4136.145,4137.015,0.034
2026-10-02 17:22:00+00:00,4137.015,4138.205,4136.775,4137.295,0.026
2026-10-02 17:23:00+00:00,4137.025,4137.055,4135.075,4135.075,0.026
2026-10-02 17:24:00+00:00,4135.015,4135.195,4132.975,4133.735,0.041
2026-10-02 17:25:00+00:00,4133.725,4135.485,4133.725,4135.125,0.023
2026-10-02 17:26:00+00:00,4135.125,4135.505,4131.725,4131.815,0.035
2026-10-02 17:27:00+00:00,4131.945,4131.945,4130.425,4131.135,0.034
2026-10-02 17:28:00+00:00,4131.105,4134.065,4131.105,4133.935,0.045
2026-10-02 17:29:00+00:00,4133.485,4134.745,4132.635,4134.255,0.042
2026-10-02 17:30:00+00:00,4134.255,4135.045,4132.665,4134.165,0.042
2026-10-02 17:31:00+00:00,4134.315,4135.355,4134.045,4134.585,0.034
2026-10-02 17:32:00+00:00,4134.835,4136.885,4134.085,4136.685,0.032
2026-10-02 17:33:00+00:00,4136.585,4138.075,4136.585,4137.635,0.027
2026-10-02 17:34:00+00:00,4137.435,4140.285,4137.225,4139.485,0.028
2026-10-02 17:35:00+00:00,4139.485,4139.765,4138.105,4138.295,0.029
2026-10-02 17:36:00+00:00,4138.295,4138.485,4136.915,4137.975,0.033
2026-10-02 17:37:00+00:00,4138.115,4138.725,4137.155,4137.275,0.028
2026-10-02 17:38:00+00:00,4137.305,4137.805,4136.765,4137.365,0.024
2026-10-02 17:39:00+00:00,4137.325,4137.575,4136.615,4136.965,0.019
2026-10-02 17:40:00+00:00,4136.905,4137.305,4136.365,4136.725,0.022
2026-10-02 17:41:00+00:00,4136.725,4137.255,4136.565,4136.735,0.018
2026-10-02 17:42:00+00:00,4136.645,4137.905,4136.645,4137.355,0.018
2026-10-02 17:43:00+00:00,4137.335,4138.005,4137.255,4137.865,0.015
2026-10-02 17:44:00+00:00,4137.865,4139.155,4137.195,4138.135,0.022
2026-10-02 17:45:00+00:00,4138.085,4139.045,4137.845,4138.065,0.017
2026-10-02 17:46:00+00:00,4137.785,4137.805,4136.185,4137.395,0.017
2026-10-02 17:47:00+00:00,4137.415,4137.915,4137.195,4137.455,0.018
2026-10-02 17:48:00+00:00,4137.375,4138.435,4137.235,4138.435,0.018
2026-10-02 17:49:00+00:00,4138.305,4139.205,4137.845,4139.065,0.017
2026-10-02 17:50:00+00:00,4139.065,4140.215,4135.835,4138.875,0.033
2026-10-02 17:51:00+00:00,4139.025,4140.015,4138.455,4139.345,0.026
2026-10-02 17:52:00+00:00,4139.345,4140.385,4139.305,4140.315,0.02
2026-10-02 17:53:00+00:00,4140.315,4140.355,4139.635,4140.205,0.017
2026-10-02 17:54:00+00:00,4140.185,4140.505,4139.245,4140.315,0.017
2026-10-02 17:55:00+00:00,4140.345,4140.505,4139.435,4139.445,0.018
2026-10-02 17:56:00+00:00,4139.525,4139.535,4137.875,4137.875,0.02
2026-10-02 17:57:00+00:00,4137.595,4137.595,4134.595,4134.665,0.021
2026-10-02 17:58:00+00:00,4134.665,4137.285,4133.505,4137.165,0.033
2026-10-02 17:59:00+00:00,4137.095,4137.725,4136.115,4137.725,0.026
2026-10-02 18:00:00+00:00,4137.615,4139.255,4136.145,4136.415,0.035
2026-10-02 18:01:00+00:00,4136.545,4137.905,4135.485,4136.355,0.028
2026-10-02 18:02:00+00:00,4136.415,4136.835,4135.825,4136.355,0.023
2026-10-02 18:03:00+00:00,4136.355,4137.255,4135.615,4136.855,0.021
2026-10-02 18:04:00+00:00,4136.855,4138.935,4136.855,4138.475,0.022
2026-10-02 18:05:00+00:00,4138.395,4138.595,4137.695,4138.265,0.025
2026-10-02 18:06:00+00:00,4138.265,4138.775,4137.725,4138.775,0.02
2026-10-02 18:07:00+00:00,4138.775,4139.485,4138.395,4138.655,0.02
2026-10-02 18:08:00+00:00,4138.705,4138.715,4137.865,4138.575,0.02
2026-10-02 18:09:00+00:00,4138.575,4139.105,4138.175,4138.695,0.02
2026-10-02 18:10:00+00:00,4138.845,4138.865,4138.015,4138.425,0.015
2026-10-02 18:11:00+00:00,4138.455,4138.555,4137.565,4137.835,0.019
2026-10-02 18:12:00+00:00,4137.995,4139.425,4137.965,4139.425,0.018
2026-10-02 18:13:00+00:00,4139.425,4141.325,4139.345,4140.895,0.02
2026-10-02 18:14:00+00:00,4140.895,4141.445,4140.055,4140.445,0.016
2026-10-02 18:15:00+00:00,4140.375,4140.405,4139.215,4139.305,0.022
2026-10-02 18:16:00+00:00,4139.175,4139.415,4138.135,4138.565,0.025
2026-10-02 18:17:00+00:00,4138.585,4138.775,4136.955,4137.115,0.017
2026-10-02 18:18:00+00:00,4137.045,4137.555,4136.305,4136.545,0.024
2026-10-02 18:19:00+00:00,4136.545,4138.185,4136.435,4137.875,0.021
2026-10-02 18:20:00+00:00,4137.875,4138.905,4137.865,4138.455,0.019
2026-10-02 18:21:00+00:00,4138.455,4138.945,4138.015,4138.595,0.021
2026-10-02 18:22:00+00:00,4138.595,4138.595,4137.475,4137.595,0.018
2026-10-02 18:23:00+00:00,4137.605,4139.065,4137.075,4137.625,0.028
2026-10-02 18:24:00+00:00,4137.485,4137.845,4137.235,4137.725,0.018
2026-10-02 18:25:00+00:00,4137.705,4138.585,4137.415,4137.995,0.024
2026-10-02 18:26:00+00:00,4138.025,4138.315,4137.565,4137.585,0.014
2026-10-02 18:27:00+00:00,4137.395,4138.195,4137.345,4137.895,0.024
2026-10-02 18:28:00+00:00,4138.025,4141.105,4137.985,4140.705,0.039
2026-10-02 18:29:00+00:00,4140.775,4140.785,4139.895,4140.435,0.022
2026-10-02 18:30:00+00:00,4140.335,4140.485,4139.335,4139.755,0.021
2026-10-02 18:31:00+00:00,4139.485,4139.855,4138.085,4138.245,0.025
2026-10-02 18:32:00+00:00,4138.245,4140.365,4138.205,4140.365,0.022
2026-10-02 18:33:00+00:00,4140.495,4140.705,4138.655,4138.665,0.023
2026-10-02 18:34:00+00:00,4138.655,4140.295,4138.355,4139.595,0.024
2026-10-02 18:35:00+00:00,4139.685,4140.855,4139.135,4139.545,0.023
2026-10-02 18:36:00+00:00,4139.545,4141.825,4139.545,4141.825,0.021
2026-10-02 18:37:00+00:00,4141.825,4142.065,4141.245,4141.525,0.014
2026-10-02 18:38:00+00:00,4141.525,4141.865,4140.565,4140.985,0.019
2026-10-02 18:39:00+00:00,4140.985,4141.005,4139.935,4140.375,0.018
2026-10-02 18:40:00+00:00,4140.225,4140.225,4139.315,4140.175,0.018
2026-10-02 18:41:00+00:00,4140.175,4141.485,4139.995,4141.485,0.013
2026-10-02 18:42:00+00:00,4141.485,4142.935,4141.275,4142.645,0.017
2026-10-02 18:43:00+00:00,4142.645,4143.125,4141.555,4141.645,0.018
2026-10-02 18:44:00+00:00,4141.635,4142.675,4141.635,4142.515,0.017
2026-10-02 18:45:00+00:00,4142.515,4143.635,4142.515,4142.565,0.015
2026-10-02 18:46:00+00:00,4142.655,4142.805,4141.785,4142.805,0.011
2026-10-02 18:47:00+00:00,4142.805,4143.245,4142.535,4142.955,0.015
2026-10-02 18:48:00+00:00,4143.045,4143.165,4142.485,4142.525,0.018
2026-10-02 18:49:00+00:00,4142.525,4143.625,4142.525,4143.365,0.012
2026-10-02 18:50:00+00:00,4143.365,4143.695,4142.975,4143.695,0.016
2026-10-02 18:51:00+00:00,4143.695,4144.115,4143.285,4143.285,0.016
2026-10-02 18:52:00+00:00,4143.285,4143.375,4142.235,4142.345,0.011
2026-10-02 18:53:00+00:00,4142.495,4143.505,4142.495,4143.395,0.012
2026-10-02 18:54:00+00:00,4143.395,4143.395,4142.815,4143.225,0.018
2026-10-02 18:55:00+00:00,4142.945,4143.635,4142.805,4143.365,0.014
2026-10-02 18:56:00+00:00,4143.365,4143.555,4142.605,4142.695,0.018
2026-10-02 18:57:00+00:00,4142.795,4143.445,4142.795,4143.215,0.017
2026-10-02 18:58:00+00:00,4143.355,4145.945,4143.355,4145.945,0.014
2026-10-02 18:59:00+00:00,4146.235,4146.855,4145.475,4146.735,0.024
2026-10-02 19:00:00+00:00,4146.875,4148.045,4145.995,4146.785,0.031
2026-10-02 19:01:00+00:00,4146.785,4148.095,4146.175,4148.095,0.023
2026-10-02 19:02:00+00:00,4148.095,4148.095,4144.805,4145.355,0.022
2026-10-02 19:03:00+00:00,4145.355,4145.355,4144.015,4144.865,0.018
2026-10-02 19:04:00+00:00,4144.835,4145.935,4144.405,4145.485,0.018
2026-10-02 19:05:00+00:00,4145.485,4146.315,4145.285,4146.125,0.022
2026-10-02 19:06:00+00:00,4146.125,4146.205,4145.035,4145.135,0.008
2026-10-02 19:07:00+00:00,4144.965,4145.705,4144.705,4145.005,0.016
2026-10-02 19:08:00+00:00,4145.295,4146.235,4145.165,4145.905,0.013
2026-10-02 19:09:00+00:00,4145.905,4146.955,4145.905,4146.365,0.014
2026-10-02 19:10:00+00:00,4146.225,4148.125,4146.095,4147.565,0.027
2026-10-02 19:11:00+00:00,4147.565,4147.915,4147.025,4147.915,0.028
2026-10-02 19:12:00+00:00,4147.915,4148.445,4147.415,4147.595,0.022
2026-10-02 19:13:00+00:00,4147.595,4148.265,4146.955,4148.265,0.024
2026-10-02 19:14:00+00:00,4148.265,4149.655,4148.065,4149.265,0.026
2026-10-02 19:15:00+00:00,4149.405,4149.405,4148.445,4148.455,0.021
2026-10-02 19:16:00+00:00,4148.325,4148.325,4145.505,4145.725,0.031
2026-10-02 19:17:00+00:00,4145.725,4145.885,4145.125,4145.445,0.026
2026-10-02 19:18:00+00:00,4145.445,4147.385,4145.055,4147.145,0.026
2026-10-02 19:19:00+00:00,4147.145,4147.365,4146.535,4146.945,0.022
2026-10-02 19:20:00+00:00,4146.945,4147.745,4146.945,4147.735,0.024
2026-10-02 19:21:00+00:00,4147.845,4148.115,4147.325,4147.365,0.019
2026-10-02 19:22:00+00:00,4147.215,4148.285,4146.765,4147.825,0.023
2026-10-02 19:23:00+00:00,4147.825,4148.615,4147.675,4148.395,0.017
2026-10-02 19:24:00+00:00,4148.335,4149.285,4148.195,4148.535,0.011
2026-10-02 19:25:00+00:00,4148.465,4149.455,4148.385,4148.875,0.007
2026-10-02 19:26:00+00:00,4148.865,4148.875,4147.455,4147.945,0.008
2026-10-02 19:27:00+00:00,4147.945,4148.205,4147.445,4148.065,0.007
2026-10-02 19:28:00+00:00,4148.235,4149.135,4147.855,4149.135,0.007
2026-10-02 19:29:00+00:00,4148.975,4149.075,4148.405,4148.835,0.008
2026-10-02 19:30:00+00:00,4148.815,4150.215,4148.505,4149.675,0.015
2026-10-02 19:31:00+00:00,4149.605,4149.845,4148.955,4149.665,0.015
2026-10-02 19:32:00+00:00,4149.625,4149.625,4148.395,4149.415,0.012
2026-10-02 19:33:00+00:00,4149.305,4149.555,4147.595,4147.595,0.009
2026-10-02 19:34:00+00:00,4147.735,4149.325,4147.735,4149.065,0.011
2026-10-02 19:35:00+00:00,4149.195,4149.195,4148.475,4149.055,0.01
2026-10-02 19:36:00+00:00,4149.165,4149.935,4149.025,4149.865,0.007
2026-10-02 19:37:00+00:00,4149.735,4149.875,4148.975,4148.975,0.005
2026-10-02 19:38:00+00:00,4149.085,4149.095,4147.095,4147.095,0.008
2026-10-02 19:39:00+00:00,4147.235,4147.875,4146.755,4147.105,0.007
2026-10-02 19:40:00+00:00,4147.095,4147.235,4146.685,4146.965,0.007
2026-10-02 19:41:00+00:00,4146.905,4147.315,4146.745,4146.785,0.007
2026-10-02 19:42:00+00:00,4146.945,4146.945,4144.985,4145.455,0.01
2026-10-02 19:43:00+00:00,4145.455,4145.875,4143.895,4144.035,0.007
2026-10-02 19:44:00+00:00,4144.035,4144.725,4143.145,4143.145,0.008
2026-10-02 19:45:00+00:00,4143.115,4144.505,4142.905,4142.985,0.012
2026-10-02 19:46:00+00:00,4143.025,4143.855,4142.825,4143.005,0.007
2026-10-02 19:47:00+00:00,4143.015,4143.565,4141.535,4142.265,0.007
2026-10-02 19:48:00+00:00,4142.145,4143.015,4142.115,4142.685,0.006
2026-10-02 19:49:00+00:00,4142.575,4142.575,4141.285,4141.715,0.005
2026-10-02 19:50:00+00:00,4141.775,4142.655,4141.775,4142.425,0.008
2026-10-02 19:51:00+00:00,4142.315,4142.315,4141.645,4141.735,0.007
2026-10-02 19:52:00+00:00,4141.265,4142.685,4140.935,4142.445,0.006
2026-10-02 19:53:00+00:00,4142.425,4143.535,4142.385,4143.165,0.008
2026-10-02 19:54:00+00:00,4143.025,4143.565,4142.885,4143.035,0.007
2026-10-02 19:55:00+00:00,4143.115,4144.105,4142.645,4143.825,0.008
2026-10-02 19:56:00+00:00,4143.795,4144.865,4143.645,4144.095,0.008
2026-10-02 19:57:00+00:00,4144.275,4145.295,4144.205,4145.295,0.007
2026-10-02 19:58:00+00:00,4145.295,4146.245,4145.295,4145.875,0.008
2026-10-02 19:59:00+00:00,4145.735,4148.384,4145.575,4148.045,0.011
2026-10-02 20:00:00+00:00,4147.895,4148.825,4146.115,4146.385,0.016
2026-10-02 20:01:00+00:00,4146.105,4146.705,4145.615,4146.195,0.01
2026-10-02 20:02:00+00:00,4146.205,4147.215,4145.775,4145.775,0.007
2026-10-02 20:03:00+00:00,4145.745,4145.745,4144.565,4144.915,0.011
2026-10-02 20:04:00+00:00,4144.805,4145.555,4144.485,4144.555,0.008
2026-10-02 20:05:00+00:00,4144.585,4144.835,4143.145,4144.285,0.011
2026-10-02 20:06:00+00:00,4144.395,4144.665,4143.315,4143.645,0.004
2026-10-02 20:07:00+00:00,4143.775,4143.925,4143.215,4143.245,0.002
2026-10-02 20:08:00+00:00,4143.175,4143.495,4142.535,4143.335,0.004
2026-10-02 20:09:00+00:00,4143.185,4143.765,4142.965,4143.615,0.004
2026-10-02 20:10:00+00:00,4143.765,4144.015,4140.675,4141.915,0.008
2026-10-02 20:11:00+00:00,4142.015,4143.145,4142.015,4142.505,0.008
2026-10-02 20:12:00+00:00,4142.645,4143.175,4142.505,4143.015,0.007
2026-10-02 20:13:00+00:00,4142.905,4143.505,4142.655,4143.165,0.007
2026-10-02 20:14:00+00:00,4143.265,4144.035,4143.265,4143.775,0.006
2026-10-02 20:15:00+00:00,4143.385,4144.155,4142.725,4143.455,0.006
2026-10-02 20:16:00+00:00,4143.305,4143.305,4142.255,4142.895,0.004
2026-10-02 20:17:00+00:00,4142.645,4143.035,4142.485,4142.695,0.005
2026-10-02 20:18:00+00:00,4142.805,4145.065,4142.785,4144.155,0.004
2026-10-02 20:19:00+00:00,4144.035,4144.165,4143.155,4143.935,0.005
2026-10-02 20:20:00+00:00,4143.775,4143.875,4142.665,4143.685,0.006
2026-10-02 20:21:00+00:00,4143.585,4144.035,4143.085,4143.325,0.006
2026-10-02 20:22:00+00:00,4143.215,4143.615,4142.945,4143.515,0.005
2026-10-02 20:23:00+00:00,4143.425,4143.715,4143.425,4143.495,0.002
2026-10-02 20:24:00+00:00,4143.495,4145.075,4143.495,4144.665,0.004
2026-10-02 20:25:00+00:00,4144.775,4144.975,4144.465,4144.765,0.003
2026-10-02 20:26:00+00:00,4144.585,4144.605,4143.655,4143.655,0.003
2026-10-02 20:27:00+00:00,4143.755,4143.915,4143.285,4143.735,0.005
2026-10-02 20:28:00+00:00,4143.705,4143.955,4143.075,4143.195,0.005
2026-10-02 20:29:00+00:00,4143.295,4143.935,4143.245,4143.935,0.003
2026-10-02 20:30:00+00:00,4143.825,4143.955,4142.545,4142.895,0.006
2026-10-02 20:31:00+00:00,4143.025,4143.025,4142.565,4142.655,0.003
2026-10-02 20:32:00+00:00,4142.475,4142.775,4141.885,4142.225,0.003
2026-10-02 20:33:00+00:00,4142.335,4142.555,4141.585,4142.555,0.004
2026-10-02 20:34:00+00:00,4142.425,4142.465,4141.975,4142.165,0.003
2026-10-02 20:35:00+00:00,4142.005,4142.295,4140.915,4141.065,0.005
2026-10-02 20:36:00+00:00,4141.295,4141.765,4140.575,4141.665,0.008
2026-10-02 20:37:00+00:00,4141.555,4142.015,4140.135,4140.135,0.006
2026-10-02 20:38:00+00:00,4140.435,4140.575,4139.645,4140.045,0.005
2026-10-02 20:39:00+00:00,4140.215,4140.355,4139.325,4139.625,0.005
2026-10-02 20:40:00+00:00,4139.475,4140.315,4138.895,4140.195,0.007
2026-10-02 20:41:00+00:00,4140.095,4140.195,4139.055,4139.615,0.005
2026-10-02 20:42:00+00:00,4139.615,4139.955,4139.275,4139.495,0.004
2026-10-02 20:43:00+00:00,4139.595,4139.675,4139.015,4139.275,0.005
2026-10-02 20:44:00+00:00,4139.155,4139.625,4139.055,4139.055,0.004
2026-10-02 20:45:00+00:00,4138.945,4139.285,4137.565,4138.075,0.008
2026-10-02 20:46:00+00:00,4138.065,4138.745,4137.755,4138.305,0.005
2026-10-02 20:47:00+00:00,4138.195,4138.365,4137.445,4137.905,0.005
2026-10-02 20:48:00+00:00,4137.795,4137.925,4137.135,4137.275,0.005
2026-10-02 20:49:00+00:00,4137.195,4138.425,4136.485,4138.185,0.005
2026-10-02 20:50:00+00:00,4137.755,4138.135,4137.735,4138.075,0.005
2026-10-02 20:51:00+00:00,4137.955,4138.855,4137.285,4138.245,0.006
2026-10-02 20:52:00+00:00,4138.135,4138.515,4137.445,4138.205,0.004
2026-10-02 20:53:00+00:00,4138.325,4139.615,4138.325,4139.375,0.004
2026-10-02 20:54:00+00:00,4139.485,4140.255,4138.735,4139.825,0.006
2026-10-02 20:55:00+00:00,4139.875,4140.71,4139.305,4140.435,0.013
2026-10-02 20:56:00+00:00,4140.385,4141.345,4139.535,4140.515,0.01
2026-10-02 20:57:00+00:00,4140.515,4142.115,4140.115,4141.315,0.008
2026-10-02 20:58:00+00:00,4143.355,4144.005,4142.825,4143.215,0.01
2026-10-02 20:59:00+00:00,4143.085,4143.505,4142.735,4143.505,0.001
2026-10-04 22:00:00+00:00,4142.535,4143.035,4136.135,4137.395,0.037
2026-10-04 22:01:00+00:00,4137.475,4142.415,4133.495,4139.725,0.028
2026-10-04 22:02:00+00:00,4139.605,4146.945,4138.835,4143.565,0.028
2026-10-04 22:03:00+00:00,4143.645,4144.215,4140.145,4141.945,0.019
2026-10-04 22:04:00+00:00,4141.935,4142.835,4139.465,4142.625,0.015
2026-10-04 22:05:00+00:00,4142.705,4147.025,4142.705,4145.005,0.019
2026-10-04 22:06:00+00:00,4145.165,4145.415,4142.335,4142.875,0.008
2026-10-04 22:07:00+00:00,4142.805,4144.085,4142.435,4142.695,0.009
2026-10-04 22:08:00+00:00,4142.855,4143.245,4142.575,4142.865,0.006
2026-10-04 22:09:00+00:00,4142.705,4143.665,4142.575,4143.095,0.005
2026-10-04 22:10:00+00:00,4143.205,4144.195,4143.025,4143.355,0.014
2026-10-04 22:11:00+00:00,4143.535,4143.955,4142.645,4143.775,0.009
2026-10-04 22:12:00+00:00,4143.625,4144.215,4143.235,4143.325,0.01
2026-10-04 22:13:00+00:00,4143.645,4143.645,4142.465,4142.695,0.008
2026-10-04 22:14:00+00:00,4142.455,4143.485,4141.285,4141.445,0.011
2026-10-04 22:15:00+00:00,4141.665,4142.795,4141.175,4141.895,0.009
2026-10-04 22:16:00+00:00,4141.795,4142.075,4139.475,4139.625,0.01
2026-10-04 22:17:00+00:00,4139.845,4140.145,4138.955,4139.775,0.01
2026-10-04 22:18:00+00:00,4139.895,4140.805,4139.305,4139.475,0.008
2026-10-04 22:19:00+00:00,4139.485,4140.905,4139.265,4140.145,0.01
2026-10-04 22:20:00+00:00,4140.315,4140.815,4139.835,4140.365,0.008
2026-10-04 22:21:00+00:00,4140.215,4140.455,4139.545,4140.025,0.007
2026-10-04 22:22:00+00:00,4140.025,4140.985,4139.735,4140.865,0.008
2026-10-04 22:23:00+00:00,4140.765,4140.795,4139.715,4140.445,0.008
2026-10-04 22:24:00+00:00,4140.305,4140.765,4139.695,4139.775,0.008
2026-10-04 22:25:00+00:00,4139.875,4140.705,4139.405,4139.565,0.006
2026-10-04 22:26:00+00:00,4139.755,4140.325,4138.975,4140.165,0.007
2026-10-04 22:27:00+00:00,4140.045,4141.095,4140.045,4140.845,0.007
2026-10-04 22:28:00+00:00,4140.845,4141.585,4140.745,4141.065,0.006
2026-10-04 22:29:00+00:00,4141.215,4142.235,4141.055,4141.525,0.007
2026-10-04 22:30:00+00:00,4141.665,4142.725,4141.085,4142.515,0.011
2026-10-04 22:31:00+00:00,4142.545,4142.775,4141.895,4142.145,0.01
2026-10-04 22:32:00+00:00,4142.255,4142.365,4141.705,4141.925,0.006
2026-10-04 22:33:00+00:00,4141.865,4142.925,4141.745,4141.885,0.005
2026-10-04 22:34:00+00:00,4141.845,4143.945,4141.825,4143.655,0.007
2026-10-04 22:35:00+00:00,4143.815,4144.045,4143.375,4143.675,0.008
2026-10-04 22:36:00+00:00,4143.855,4144.025,4143.535,4143.895,0.003
2026-10-04 22:37:00+00:00,4143.805,4143.995,4143.165,4143.375,0.004
2026-10-04 22:38:00+00:00,4143.255,4143.955,4143.125,4143.315,0.004
2026-10-04 22:39:00+00:00,4143.455,4143.865,4142.835,4143.145,0.004
2026-10-04 22:40:00+00:00,4143.265,4143.385,4142.825,4143.185,0.005
2026-10-04 22:41:00+00:00,4143.035,4143.215,4142.505,4142.635,0.004
2026-10-04 22:42:00+00:00,4142.795,4142.875,4142.205,4142.675,0.005
2026-10-04 22:43:00+00:00,4142.575,4143.375,4142.315,4143.065,0.007
2026-10-04 22:44:00+00:00,4142.825,4143.755,4142.715,4143.555,0.004
2026-10-04 22:45:00+00:00,4143.725,4145.215,4143.445,4144.685,0.007
2026-10-04 22:46:00+00:00,4144.585,4145.375,4144.375,4144.825,0.006
2026-10-04 22:47:00+00:00,4144.965,4145.635,4144.665,4145.535,0.004
2026-10-04 22:48:00+00:00,4145.515,4148.405,4145.185,4148.355,0.008
2026-10-04 22:49:00+00:00,4148.455,4148.695,4147.945,4148.445,0.006
2026-10-04 22:50:00+00:00,4148.555,4149.395,4147.825,4148.145,0.006
2026-10-04 22:51:00+00:00,4148.055,4148.875,4147.365,4148.185,0.008
2026-10-04 22:52:00+00:00,4148.285,4148.355,4147.755,4147.855,0.005
2026-10-04 22:53:00+00:00,4147.665,4148.285,4147.465,4148.105,0.003
2026-10-04 22:54:00+00:00,4148.215,4148.415,4147.755,4148.135,0.002
2026-10-04 22:55:00+00:00,4148.165,4148.765,4147.905,4148.575,0.004
2026-10-04 22:56:00+00:00,4148.765,4148.975,4148.035,4148.325,0.004
2026-10-04 22:57:00+00:00,4148.415,4148.785,4148.015,4148.785,0.003
2026-10-04 22:58:00+00:00,4148.585,4149.425,4148.585,4149.035,0.001
2026-10-04 22:59:00+00:00,4149.125,4149.475,4148.945,4149.275,0.002
2026-10-04 23:00:00+00:00,4149.185,4149.265,4148.085,4148.085,0.004
2026-10-04 23:01:00+00:00,4148.165,4149.165,4147.755,4148.365,0.005
2026-10-04 23:02:00+00:00,4148.445,4148.545,4146.055,4146.065,0.006
2026-10-04 23:03:00+00:00,4146.185,4147.265,4146.035,4146.385,0.007
2026-10-04 23:04:00+00:00,4146.305,4146.485,4145.425,4146.065,0.004
2026-10-04 23:05:00+00:00,4146.455,4146.745,4145.675,4145.975,0.004
2026-10-04 23:06:00+00:00,4146.075,4146.165,4145.415,4145.765,0.003
2026-10-04 23:07:00+00:00,4145.785,4145.895,4145.445,4145.715,0.003
2026-10-04 23:08:00+00:00,4145.705,4146.415,4145.705,4145.995,0.003
2026-10-04 23:09:00+00:00,4145.875,4146.115,4145.745,4145.925,0.002
2026-10-04 23:10:00+00:00,4145.825,4145.925,4144.415,4145.225,0.005
2026-10-04 23:11:00+00:00,4145.105,4145.215,4144.115,4144.245,0.003
2026-10-04 23:12:00+00:00,4144.345,4144.425,4142.825,4144.425,0.006
2026-10-04 23:13:00+00:00,4144.265,4146.535,4144.155,4146.005,0.005
2026-10-04 23:14:00+00:00,4146.105,4146.365,4145.305,4145.475,0.004
2026-10-04 23:15:00+00:00,4145.335,4145.425,4143.885,4144.345,0.005
2026-10-04 23:16:00+00:00,4144.235,4145.075,4143.865,4144.975,0.003
2026-10-04 23:17:00+00:00,4145.095,4145.305,4144.185,4144.765,0.002
2026-10-04 23:18:00+00:00,4144.875,4146.305,4144.865,4146.155,0.003
2026-10-04 23:19:00+00:00,4146.165,4146.905,4146.165,4146.835,0.004
2026-10-04 23:20:00+00:00,4146.695,4146.925,4145.635,4145.975,0.003
2026-10-04 23:21:00+00:00,4146.185,4146.625,4145.985,4146.125,0.001
2026-10-04 23:22:00+00:00,4146.005,4146.005,4145.345,4145.455,0.003
2026-10-04 23:23:00+00:00,4145.355,4146.035,4145.145,4145.145,0.003
2026-10-04 23:24:00+00:00,4145.225,4146.185,4144.875,4145.915,0.003
2026-10-04 23:25:00+00:00,4145.765,4146.495,4145.165,4146.405,0.003
2026-10-04 23:26:00+00:00,4146.305,4146.405,4145.455,4145.455,0.002
2026-10-04 23:27:00+00:00,4145.305,4145.965,4145.125,4145.795,0.003
2026-10-04 23:28:00+00:00,4145.665,4146.355,4145.665,4146.185,0.003
2026-10-04 23:29:00+00:00,4146.085,4146.345,4145.915,4145.915,0.001
2026-10-04 23:30:00+00:00,4146.035,4146.385,4145.435,4145.435,0.002
2026-10-04 23:31:00+00:00,4145.545,4145.815,4144.955,4145.145,0.002
2026-10-04 23:32:00+00:00,4145.045,4145.325,4144.005,4144.275,0.003
2026-10-04 23:33:00+00:00,4144.125,4145.175,4144.115,4144.995,0.003
2026-10-04 23:34:00+00:00,4145.225,4145.365,4144.615,4144.865,0.002
2026-10-04 23:35:00+00:00,4145.015,4146.075,4144.715,4145.335,0.003
2026-10-04 23:36:00+00:00,4145.345,4145.475,4144.795,4145.015,0.002
2026-10-04 23:37:00+00:00,4144.905,4145.155,4144.695,4144.795,0.001
2026-10-04 23:38:00+00:00,4144.685,4145.375,4144.685,4145.295,0.002
2026-10-04 23:39:00+00:00,4145.155,4145.635,4144.945,4145.635,0.002
2026-10-04 23:40:00+00:00,4145.485,4146.125,4145.355,4145.625,0.004
2026-10-04 23:41:00+00:00,4145.455,4145.835,4145.415,4145.555,0.003
2026-10-04 23:42:00+00:00,4145.395,4145.875,4145.335,4145.585,0.002
2026-10-04 23:43:00+00:00,4145.575,4145.585,4144.725,4145.035,0.003
2026-10-04 23:44:00+00:00,4144.925,4145.085,4144.495,4144.795,0.002
2026-10-04 23:45:00+00:00,4144.945,4144.945,4142.745,4142.965,0.006
2026-10-04 23:46:00+00:00,4143.105,4143.935,4142.925,4143.255,0.005
2026-10-04 23:47:00+00:00,4143.355,4143.355,4141.675,4142.875,0.006
2026-10-04 23:48:00+00:00,4142.995,4143.095,4141.865,4142.425,0.004
2026-10-04 23:49:00+00:00,4142.285,4142.285,4140.815,4141.845,0.008
2026-10-04 23:50:00+00:00,4141.725,4141.925,4141.055,4141.345,0.005
2026-10-04 23:51:00+00:00,4141.455,4142.695,4141.455,4142.025,0.006
2026-10-04 23:52:00+00:00,4141.905,4142.405,4141.685,4142.165,0.003
2026-10-04 23:53:00+00:00,4142.275,4142.955,4141.675,4142.915,0.004
2026-10-04 23:54:00+00:00,4143.015,4143.225,4141.855,4142.095,0.004
2026-10-04 23:55:00+00:00,4141.985,4142.225,4141.175,4141.885,0.006
2026-10-04 23:56:00+00:00,4141.785,4143.025,4141.425,4142.915,0.007
2026-10-04 23:57:00+00:00,4142.805,4143.055,4141.875,4142.955,0.004
2026-10-04 23:58:00+00:00,4142.845,4143.065,4142.105,4142.355,0.004
2026-10-04 23:59:00+00:00,4142.255,4143.965,4142.255,4143.185,0.009
2026-10-05 00:00:00+00:00,4143.075,4146.655,4143.075,4146.465,0.022
2026-10-05 00:01:00+00:00,4146.445,4146.965,4145.215,4146.145,0.011
2026-10-05 00:02:00+00:00,4146.275,4149.035,4146.165,4148.345,0.012
2026-10-05 00:03:00+00:00,4148.095,4149.195,4147.565,4148.665,0.008
2026-10-05 00:04:00+00:00,4148.565,4150.755,4148.565,4150.615,0.012
2026-10-05 00:05:00+00:00,4150.465,4151.025,4149.695,4150.315,0.009
2026-10-05 00:06:00+00:00,4150.095,4150.585,4149.165,4150.425,0.01
2026-10-05 00:07:00+00:00,4150.275,4150.385,4148.735,4149.455,0.009
2026-10-05 00:08:00+00:00,4149.345,4150.255,4148.525,4149.745,0.012
2026-10-05 00:09:00+00:00,4149.905,4150.355,4149.415,4150.055,0.007
2026-10-05 00:10:00+00:00,4149.935,4151.205,4149.065,4151.195,0.008
2026-10-05 00:11:00+00:00,4151.015,4153.635,4150.515,4152.205,0.011
2026-10-05 00:12:00+00:00,4152.095,4152.095,4150.295,4150.465,0.008
2026-10-05 00:13:00+00:00,4150.565,4150.565,4149.225,4149.375,0.008
2026-10-05 00:14:00+00:00,4149.475,4149.765,4148.275,4149.505,0.01
2026-10-05 00:15:00+00:00,4149.705,4153.135,4149.185,4152.765,0.018
2026-10-05 00:16:00+00:00,4152.605,4153.905,4149.995,4150.105,0.016
2026-10-05 00:17:00+00:00,4150.005,4150.195,4148.275,4149.545,0.014
2026-10-05 00:18:00+00:00,4149.435,4150.235,4148.455,4150.105,0.013
2026-10-05 00:19:00+00:00,4150.235,4152.435,4150.175,4152.245,0.013
2026-10-05 00:20:00+00:00,4152.135,4153.045,4151.695,4152.605,0.008
2026-10-05 00:21:00+00:00,4152.485,4153.715,4152.385,4153.415,0.01
2026-10-05 00:22:00+00:00,4153.275,4155.815,4152.825,4155.735,0.01
2026-10-05 00:23:00+00:00,4155.855,4157.645,4155.525,4157.535,0.009
2026-10-05 00:24:00+00:00,4157.695,4158.355,4156.005,4157.615,0.011
2026-10-05 00:25:00+00:00,4157.575,4158.225,4156.425,4157.905,0.013
2026-10-05 00:26:00+00:00,4158.015,4158.695,4155.575,4155.745,0.014
2026-10-05 00:27:00+00:00,4155.835,4157.485,4155.285,4157.075,0.008
2026-10-05 00:28:00+00:00,4157.225,4157.555,4155.085,4155.285,0.01
2026-10-05 00:29:00+00:00,4155.275,4155.975,4154.845,4155.945,0.01
2026-10-05 00:30:00+00:00,4155.845,4156.515,4154.195,4154.895,0.009
2026-10-05 00:31:00+00:00,4154.725,4155.715,4154.495,4155.075,0.009
2026-10-05 00:32:00+00:00,4154.965,4155.075,4153.455,4153.645,0.006
2026-10-05 00:33:00+00:00,4153.815,4154.165,4152.955,4153.965,0.006
2026-10-05 00:34:00+00:00,4153.845,4154.685,4153.235,4153.725,0.012
2026-10-05 00:35:00+00:00,4153.705,4153.835,4152.685,4153.465,0.011
2026-10-05 00:36:00+00:00,4153.355,4153.775,4152.555,4153.435,0.009
2026-10-05 00:37:00+00:00,4153.335,4153.795,4152.595,4153.315,0.011
2026-10-05 00:38:00+00:00,4153.435,4154.265,4153.215,4153.805,0.011
2026-10-05 00:39:00+00:00,4153.675,4154.495,4153.455,4154.115,0.01
2026-10-05 00:40:00+00:00,4153.995,4154.115,4152.395,4152.825,0.008
2026-10-05 00:41:00+00:00,4152.745,4153.165,4152.535,4152.795,0.005
2026-10-05 00:42:00+00:00,4152.685,4153.245,4151.935,4153.205,0.006
2026-10-05 00:43:00+00:00,4153.105,4153.455,4152.585,4152.795,0.006
2026-10-05 00:44:00+00:00,4152.905,4153.915,4152.895,4153.465,0.008
2026-10-05 00:45:00+00:00,4153.335,4153.775,4153.025,4153.745,0.007
2026-10-05 00:46:00+00:00,4153.565,4154.955,4152.775,4154.355,0.007
2026-10-05 00:47:00+00:00,4154.435,4156.025,4153.935,4155.475,0.01
2026-10-05 00:48:00+00:00,4155.375,4156.765,4154.865,4156.615,0.007
2026-10-05 00:49:00+00:00,4156.745,4156.825,4156.005,4156.555,0.007
2026-10-05 00:50:00+00:00,4156.455,4156.965,4156.035,4156.385,0.007
2026-10-05 00:51:00+00:00,4156.305,4156.625,4155.115,4155.315,0.008
2026-10-05 00:52:00+00:00,4155.305,4155.825,4155.035,4155.275,0.004
2026-10-05 00:53:00+00:00,4155.395,4156.595,4154.705,4155.995,0.01
2026-10-05 00:54:00+00:00,4155.875,4156.345,4155.235,4156.055,0.011
2026-10-05 00:55:00+00:00,4156.165,4156.745,4155.705,4156.475,0.008
2026-10-05 00:56:00+00:00,4156.505,4156.635,4154.475,4154.475,0.006
2026-10-05 00:57:00+00:00,4154.575,4155.745,4154.445,4155.305,0.008
2026-10-05 00:58:00+00:00,4155.315,4157.445,4155.195,4157.055,0.011
2026-10-05 00:59:00+00:00,4157.035,4157.455,4156.465,4157.105,0.008
2026-10-05 01:00:00+00:00,4156.965,4157.095,4153.755,4156.595,0.025
2026-10-05 01:01:00+00:00,4156.755,4158.535,4156.265,4158.495,0.033
2026-10-05 01:02:00+00:00,4158.355,4158.545,4157.005,4158.485,0.02
2026-10-05 01:03:00+00:00,4158.595,4159.245,4157.985,4159.005,0.023
2026-10-05 01:04:00+00:00,4158.935,4160.035,4158.425,4159.745,0.017
2026-10-05 01:05:00+00:00,4159.855,4161.255,4159.835,4160.235,0.022
2026-10-05 01:06:00+00:00,4160.355,4161.625,4160.255,4161.005,0.016
2026-10-05 01:07:00+00:00,4161.005,4161.835,4160.395,4161.295,0.017
2026-10-05 01:08:00+00:00,4161.295,4161.645,4159.115,4160.015,0.022
2026-10-05 01:09:00+00:00,4160.015,4160.345,4157.335,4157.615,0.015
2026-10-05 01:10:00+00:00,4157.725,4157.985,4156.395,4157.305,0.016
2026-10-05 01:11:00+00:00,4157.455,4158.515,4157.165,4157.915,0.016
2026-10-05 01:12:00+00:00,4157.915,4158.385,4156.965,4157.085,0.012
2026-10-05 01:13:00+00:00,4157.185,4158.635,4156.865,4158.135,0.014
2026-10-05 01:14:00+00:00,4158.005,4158.825,4157.925,4157.985,0.013
2026-10-05 01:15:00+00:00,4157.985,4158.195,4156.875,4157.755,0.02
2026-10-05 01:16:00+00:00,4157.645,4160.115,4157.565,4159.415,0.026
2026-10-05 01:17:00+00:00,4159.265,4159.265,4158.175,4158.465,0.016
2026-10-05 01:18:00+00:00,4158.465,4158.725,4157.515,4158.005,0.013
2026-10-05 01:19:00+00:00,4157.895,4158.855,4157.105,4158.495,0.015
2026-10-05 01:20:00+00:00,4158.505,4158.675,4154.445,4154.595,0.02
2026-10-05 01:21:00+00:00,4154.425,4155.065,4153.925,4154.195,0.018
2026-10-05 01:22:00+00:00,4154.265,4154.775,4153.715,4154.235,0.014
2026-10-05 01:23:00+00:00,4154.235,4155.065,4153.025,4153.875,0.022
2026-10-05 01:24:00+00:00,4153.685,4157.085,4153.685,4156.105,0.025
2026-10-05 01:25:00+00:00,4156.015,4158.085,4155.645,4157.125,0.02
2026-10-05 01:26:00+00:00,4157.015,4157.335,4155.625,4155.655,0.016
2026-10-05 01:27:00+00:00,4155.705,4156.775,4155.185,4155.295,0.015
2026-10-05 01:28:00+00:00,4155.415,4155.945,4155.145,4155.525,0.009
2026-10-05 01:29:00+00:00,4155.285,4156.985,4155.135,4156.765,0.019
2026-10-05 01:30:00+00:00,4156.575,4157.765,4155.205,4155.745,0.027
2026-10-05 01:31:00+00:00,4155.885,4156.525,4154.975,4156.425,0.014
2026-10-05 01:32:00+00:00,4156.625,4157.305,4155.645,4157.275,0.012
2026-10-05 01:33:00+00:00,4157.155,4157.155,4155.125,4155.625,0.016
2026-10-05 01:34:00+00:00,4155.735,4155.875,4154.005,4154.965,0.013
2026-10-05 01:35:00+00:00,4154.855,4154.855,4153.185,4154.245,0.016
2026-10-05 01:36:00+00:00,4154.275,4155.215,4154.095,4154.895,0.011
2026-10-05 01:37:00+00:00,4155.025,4155.235,4154.085,4154.125,0.012
2026-10-05 01:38:00+00:00,4154.025,4154.885,4153.425,4154.555,0.011
2026-10-05 01:39:00+00:00,4154.445,4155.365,4154.245,4155.315,0.013
2026-10-05 01:40:00+00:00,4155.155,4155.685,4154.825,4155.045,0.013
2026-10-05 01:41:00+00:00,4155.035,4155.195,4154.115,4155.005,0.009
2026-10-05 01:42:00+00:00,4155.125,4155.645,4154.025,4154.395,0.013
2026-10-05 01:43:00+00:00,4154.285,4154.645,4152.625,4154.005,0.018
2026-10-05 01:44:00+00:00,4154.005,4154.205,4152.815,4153.185,0.013
2026-10-05 01:45:00+00:00,4153.175,4155.695,4152.605,4155.415,0.024
2026-10-05 01:46:00+00:00,4155.415,4157.175,4154.415,4156.685,0.021
2026-10-05 01:47:00+00:00,4156.795,4159.355,4156.365,4158.065,0.018
2026-10-05 01:48:00+00:00,4158.045,4158.765,4157.505,4158.745,0.014
2026-10-05 01:49:00+00:00,4158.895,4159.075,4158.305,4158.825,0.011
2026-10-05 01:50:00+00:00,4158.835,4160.145,4158.645,4159.105,0.015
2026-10-05 01:51:00+00:00,4159.225,4160.325,4159.225,4159.435,0.015
2026-10-05 01:52:00+00:00,4159.525,4160.665,4159.335,4160.305,0.013
2026-10-05 01:53:00+00:00,4160.265,4161.095,4159.615,4160.715,0.017
2026-10-05 01:54:00+00:00,4160.595,4160.695,4159.505,4159.615,0.011
2026-10-05 01:55:00+00:00,4159.785,4160.795,4159.265,4159.995,0.015
2026-10-05 01:56:00+00:00,4159.895,4161.345,4159.755,4161.335,0.015
2026-10-05 01:57:00+00:00,4161.145,4161.585,4160.885,4161.325,0.015
2026-10-05 01:58:00+00:00,4161.085,4162.125,4160.885,4161.675,0.013
2026-10-05 01:59:00+00:00,4161.735,4161.835,4160.235,4160.585,0.019
2026-10-05 02:00:00+00:00,4160.705,4161.295,4159.835,4160.065,0.023
2026-10-05 02:01:00+00:00,4159.895,4161.255,4159.655,4160.925,0.02
2026-10-05 02:02:00+00:00,4160.815,4161.435,4160.155,4160.855,0.014
2026-10-05 02:03:00+00:00,4160.745,4160.885,4159.365,4160.125,0.019
2026-10-05 02:04:00+00:00,4160.125,4161.975,4160.065,4160.725,0.025
2026-10-05 02:05:00+00:00,4160.545,4161.165,4159.855,4160.875,0.021
2026-10-05 02:06:00+00:00,4160.865,4161.515,4160.295,4160.675,0.015
2026-10-05 02:07:00+00:00,4160.545,4161.155,4159.775,4160.595,0.016
2026-10-05 02:08:00+00:00,4160.595,4163.675,4160.545,4162.225,0.021
2026-10-05 02:09:00+00:00,4162.245,4162.785,4160.805,4161.165,0.019
2026-10-05 02:10:00+00:00,4161.385,4162.435,4160.915,4161.125,0.012
2026-10-05 02:11:00+00:00,4161.285,4161.705,4160.375,4160.625,0.015
2026-10-05 02:12:00+00:00,4160.735,4160.735,4159.235,4160.585,0.02
2026-10-05 02:13:00+00:00,4160.545,4162.115,4159.915,4162.115,0.017
2026-10-05 02:14:00+00:00,4162.175,4163.015,4160.475,4160.795,0.012
2026-10-05 02:15:00+00:00,4160.695,4160.825,4160.055,4160.565,0.015
2026-10-05 02:16:00+00:00,4160.555,4161.505,4160.055,4160.775,0.014
2026-10-05 02:17:00+00:00,4160.825,4160.875,4159.135,4159.785,0.018
2026-10-05 02:18:00+00:00,4159.755,4159.995,4159.205,4159.205,0.014
2026-10-05 02:19:00+00:00,4159.105,4159.895,4157.905,4159.015,0.028
2026-10-05 02:20:00+00:00,4159.175,4160.105,4158.505,4158.705,0.018
2026-10-05 02:21:00+00:00,4158.665,4158.675,4156.355,4158.505,0.027
2026-10-05 02:22:00+00:00,4158.385,4160.495,4158.225,4159.045,0.019
2026-10-05 02:23:00+00:00,4159.045,4161.575,4158.565,4160.485,0.02
2026-10-05 02:24:00+00:00,4160.735,4161.495,4160.055,4161.135,0.019
2026-10-05 02:25:00+00:00,4161.025,4161.575,4160.705,4161.575,0.013
2026-10-05 02:26:00+00:00,4161.595,4163.105,4161.595,4163.085,0.013
2026-10-05 02:27:00+00:00,4163.085,4163.215,4161.285,4161.455,0.011
2026-10-05 02:28:00+00:00,4161.455,4162.215,4159.735,4159.885,0.018
2026-10-05 02:29:00+00:00,4159.885,4160.855,4159.285,4159.885,0.023
2026-10-05 02:30:00+00:00,4159.765,4159.815,4158.265,4158.855,0.021
2026-10-05 02:31:00+00:00,4158.965,4159.995,4158.605,4159.515,0.019
2026-10-05 02:32:00+00:00,4159.555,4159.555,4157.125,4158.025,0.017
2026-10-05 02:33:00+00:00,4158.115,4158.515,4155.325,4156.165,0.016
2026-10-05 02:34:00+00:00,4156.215,4156.605,4154.735,4154.895,0.019
2026-10-05 02:35:00+00:00,4154.895,4155.425,4154.005,4155.365,0.023
2026-10-05 02:36:00+00:00,4155.395,4155.785,4154.665,4155.475,0.012
2026-10-05 02:37:00+00:00,4155.375,4155.935,4154.895,4155.355,0.016
2026-10-05 02:38:00+00:00,4155.355,4155.785,4153.975,4154.075,0.018
2026-10-05 02:39:00+00:00,4153.625,4155.475,4153.475,4155.045,0.02
2026-10-05 02:40:00+00:00,4154.885,4155.485,4154.475,4154.705,0.017
2026-10-05 02:41:00+00:00,4154.705,4155.395,4153.755,4155.335,0.017
2026-10-05 02:42:00+00:00,4155.115,4155.445,4154.735,4154.735,0.011
2026-10-05 02:43:00+00:00,4154.735,4155.085,4153.015,4154.215,0.024
2026-10-05 02:44:00+00:00,4154.085,4154.695,4153.275,4153.995,0.019
2026-10-05 02:45:00+00:00,4153.995,4155.965,4153.995,4154.465,0.017
2026-10-05 02:46:00+00:00,4154.595,4154.655,4152.965,4153.885,0.021
2026-10-05 02:47:00+00:00,4154.005,4154.005,4152.225,4152.335,0.026
2026-10-05 02:48:00+00:00,4152.215,4152.905,4150.545,4150.955,0.034
2026-10-05 02:49:00+00:00,4150.955,4150.955,4147.455,4147.685,0.042
2026-10-05 02:50:00+00:00,4147.825,4148.505,4146.575,4146.645,0.036
2026-10-05 02:51:00+00:00,4146.515,4148.105,4145.975,4146.395,0.032
2026-10-05 02:52:00+00:00,4146.285,4146.945,4145.615,4146.595,0.026
2026-10-05 02:53:00+00:00,4146.445,4146.575,4144.585,4144.855,0.023
2026-10-05 02:54:00+00:00,4145.005,4145.355,4144.405,4144.695,0.029
2026-10-05 02:55:00+00:00,4144.535,4144.885,4140.785,4142.495,0.049
2026-10-05 02:56:00+00:00,4142.355,4143.035,4140.675,4141.955,0.028
2026-10-05 02:57:00+00:00,4142.005,4143.075,4140.975,4142.745,0.034
2026-10-05 02:58:00+00:00,4142.805,4144.255,4140.785,4141.065,0.03
2026-10-05 02:59:00+00:00,4140.955,4143.685,4140.025,4143.355,0.035
2026-10-05 03:00:00+00:00,4143.355,4144.495,4142.695,4144.195,0.038
2026-10-05 03:01:00+00:00,4144.085,4144.645,4143.435,4144.005,0.028
2026-10-05 03:02:00+00:00,4143.995,4145.595,4142.485,4144.275,0.039
2026-10-05 03:03:00+00:00,4144.205,4144.205,4141.365,4142.505,0.026
2026-10-05 03:04:00+00:00,4142.615,4143.585,4141.565,4142.985,0.024
2026-10-05 03:05:00+00:00,4142.985,4143.625,4140.365,4140.955,0.027
2026-10-05 03:06:00+00:00,4140.955,4141.065,4137.585,4138.915,0.037
2026-10-05 03:07:00+00:00,4138.755,4139.305,4137.205,4137.355,0.039
2026-10-05 03:08:00+00:00,4137.485,4138.235,4136.945,4137.775,0.034
2026-10-05 03:09:00+00:00,4137.785,4138.695,4136.805,4137.965,0.028
2026-10-05 03:10:00+00:00,4137.825,4138.735,4137.375,4137.925,0.026
2026-10-05 03:11:00+00:00,4137.925,4139.345,4137.785,4139.095,0.022
2026-10-05 03:12:00+00:00,4138.985,4139.265,4137.735,4137.875,0.031
2026-10-05 03:13:00+00:00,4137.875,4139.075,4137.275,4137.625,0.024
2026-10-05 03:14:00+00:00,4137.625,4139.265,4137.515,4138.245,0.02
2026-10-05 03:15:00+00:00,4138.495,4138.895,4137.735,4137.955,0.016
2026-10-05 03:16:00+00:00,4137.825,4139.495,4137.275,4139.375,0.017
2026-10-05 03:17:00+00:00,4139.495,4141.155,4139.495,4140.205,0.02
2026-10-05 03:18:00+00:00,4140.105,4141.175,4140.105,4140.795,0.015
2026-10-05 03:19:00+00:00,4140.945,4142.055,4140.545,4142.055,0.017
2026-10-05 03:20:00+00:00,4141.945,4142.635,4141.625,4142.065,0.015
2026-10-05 03:21:00+00:00,4142.055,4142.475,4141.355,4142.025,0.009
2026-10-05 03:22:00+00:00,4142.025,4142.435,4141.285,4142.135,0.012
2026-10-05 03:23:00+00:00,4142.095,4142.105,4139.635,4139.915,0.018
2026-10-05 03:24:00+00:00,4139.805,4141.205,4139.495,4140.655,0.015
2026-10-05 03:25:00+00:00,4140.565,4142.065,4140.195,4141.975,0.018
2026-10-05 03:26:00+00:00,4141.985,4142.645,4140.995,4142.375,0.011
2026-10-05 03:27:00+00:00,4142.495,4144.165,4142.495,4143.845,0.015
2026-10-05 03:28:00+00:00,4143.945,4144.685,4143.575,4144.535,0.013
2026-10-05 03:29:00+00:00,4144.425,4144.425,4143.565,4143.905,0.012
2026-10-05 03:30:00+00:00,4143.755,4144.125,4142.785,4143.795,0.021
2026-10-05 03:31:00+00:00,4143.605,4145.305,4142.995,4143.785,0.017
2026-10-05 03:32:00+00:00,4143.825,4144.945,4143.455,4144.125,0.016
2026-10-05 03:33:00+00:00,4144.275,4146.885,4144.085,4146.885,0.015
2026-10-05 03:34:00+00:00,4146.635,4146.745,4145.095,4145.415,0.017
2026-10-05 03:35:00+00:00,4145.305,4145.305,4143.415,4144.465,0.016
2026-10-05 03:36:00+00:00,4144.595,4145.335,4144.035,4144.735,0.012
2026-10-05 03:37:00+00:00,4144.545,4145.205,4143.975,4143.975,0.009
2026-10-05 03:38:00+00:00,4144.125,4144.605,4143.135,4144.295,0.018
2026-10-05 03:39:00+00:00,4144.445,4145.215,4143.915,4145.135,0.015
2026-10-05 03:40:00+00:00,4145.235,4146.065,4144.955,4145.985,0.015
2026-10-05 03:41:00+00:00,4145.795,4146.075,4144.085,4144.695,0.012
2026-10-05 03:42:00+00:00,4144.825,4144.825,4143.225,4143.735,0.011
2026-10-05 03:43:00+00:00,4143.735,4143.875,4142.325,4142.565,0.012
2026-10-05 03:44:00+00:00,4142.685,4144.785,4142.335,4144.055,0.018
2026-10-05 03:45:00+00:00,4144.175,4147.065,4143.605,4147.065,0.016
2026-10-05 03:46:00+00:00,4146.985,4147.265,4146.525,4147.155,0.017
2026-10-05 03:47:00+00:00,4147.165,4147.265,4145.915,4146.355,0.015
2026-10-05 03:48:00+00:00,4146.355,4146.355,4145.135,4145.245,0.015
2026-10-05 03:49:00+00:00,4145.145,4145.515,4144.485,4145.105,0.017
2026-10-05 03:50:00+00:00,4145.055,4145.995,4145.035,4145.805,0.018
2026-10-05 03:51:00+00:00,4145.715,4146.475,4145.525,4146.005,0.011
2026-10-05 03:52:00+00:00,4146.125,4146.125,4144.555,4144.935,0.015
2026-10-05 03:53:00+00:00,4145.035,4145.295,4144.335,4144.515,0.015
2026-10-05 03:54:00+00:00,4144.625,4144.855,4144.175,4144.595,0.01
2026-10-05 03:55:00+00:00,4144.705,4146.345,4144.705,4145.585,0.021
2026-10-05 03:56:00+00:00,4145.655,4145.975,4144.225,4144.245,0.019
2026-10-05 03:57:00+00:00,4144.395,4145.265,4144.025,4144.825,0.014
2026-10-05 03:58:00+00:00,4144.825,4145.235,4144.235,4144.395,0.019
2026-10-05 03:59:00+00:00,4144.245,4144.505,4143.595,4143.845,0.016
2026-10-05 04:00:00+00:00,4143.705,4144.165,4143.005,4143.315,0.018
2026-10-05 04:01:00+00:00,4143.435,4144.155,4142.435,4143.455,0.021
2026-10-05 04:02:00+00:00,4143.575,4143.825,4142.865,4142.905,0.012
2026-10-05 04:03:00+00:00,4142.945,4143.745,4141.525,4143.385,0.019
2026-10-05 04:04:00+00:00,4143.475,4143.495,4140.165,4140.285,0.022
2026-10-05 04:05:00+00:00,4140.295,4140.825,4139.595,4140.405,0.022
2026-10-05 04:06:00+00:00,4140.385,4140.965,4139.815,4140.555,0.017
2026-10-05 04:07:00+00:00,4140.555,4141.665,4139.175,4139.215,0.016
2026-10-05 04:08:00+00:00,4139.075,4141.215,4138.945,4139.855,0.019
2026-10-05 04:09:00+00:00,4140.015,4140.255,4139.485,4140.225,0.01
2026-10-05 04:10:00+00:00,4140.105,4140.165,4138.635,4139.375,0.015
2026-10-05 04:11:00+00:00,4139.145,4139.655,4137.535,4137.945,0.012
2026-10-05 04:12:00+00:00,4138.005,4138.295,4137.505,4137.635,0.013
2026-10-05 04:13:00+00:00,4137.745,4138.205,4137.225,4137.765,0.008
2026-10-05 04:14:00+00:00,4137.635,4137.805,4135.425,4135.475,0.019
2026-10-05 04:15:00+00:00,4135.595,4136.455,4134.325,4135.505,0.02
2026-10-05 04:16:00+00:00,4135.685,4136.035,4134.145,4134.145,0.016
2026-10-05 04:17:00+00:00,4134.165,4135.165,4132.525,4133.435,0.021
2026-10-05 04:18:00+00:00,4133.355,4133.355,4131.375,4131.575,0.021
2026-10-05 04:19:00+00:00,4131.575,4134.085,4131.425,4133.715,0.018
2026-10-05 04:20:00+00:00,4133.855,4133.975,4132.465,4132.705,0.016
2026-10-05 04:21:00+00:00,4132.855,4133.525,4131.905,4132.225,0.028
2026-10-05 04:22:00+00:00,4132.385,4133.205,4131.855,4132.465,0.02
2026-10-05 04:23:00+00:00,4132.575,4132.985,4130.785,4131.935,0.027
2026-10-05 04:24:00+00:00,4132.045,4133.355,4132.045,4132.645,0.013
2026-10-05 04:25:00+00:00,4132.645,4133.885,4132.455,4133.325,0.012
2026-10-05 04:26:00+00:00,4133.215,4133.535,4130.585,4131.105,0.021
2026-10-05 04:27:00+00:00,4130.975,4131.165,4129.645,4129.855,0.019
2026-10-05 04:28:00+00:00,4129.755,4129.955,4128.885,4129.115,0.019
2026-10-05 04:29:00+00:00,4129.215,4129.245,4125.245,4126.865,0.028
2026-10-05 04:30:00+00:00,4126.915,4127.935,4126.415,4127.775,0.027
2026-10-05 04:31:00+00:00,4128.255,4128.985,4126.445,4127.275,0.025
2026-10-05 04:32:00+00:00,4127.165,4128.715,4126.895,4127.225,0.026
2026-10-05 04:33:00+00:00,4127.085,4129.485,4126.605,4129.485,0.011
2026-10-05 04:34:00+00:00,4129.425,4130.225,4129.125,4130.215,0.013
2026-10-05 04:35:00+00:00,4130.065,4130.995,4128.015,4128.525,0.019
2026-10-05 04:36:00+00:00,4128.415,4132.355,4128.415,4131.345,0.024
2026-10-05 04:37:00+00:00,4131.345,4132.345,4130.885,4131.975,0.02
2026-10-05 04:38:00+00:00,4131.925,4132.505,4131.675,4131.675,0.011
2026-10-05 04:39:00+00:00,4131.575,4132.335,4130.595,4132.225,0.015
2026-10-05 04:40:00+00:00,4132.325,4133.675,4131.795,4133.275,0.019
2026-10-05 04:41:00+00:00,4133.255,4134.225,4132.585,4134.015,0.016
2026-10-05 04:42:00+00:00,4134.115,4134.245,4133.375,4133.965,0.013
2026-10-05 04:43:00+00:00,4134.075,4134.185,4133.005,4133.175,0.012
2026-10-05 04:44:00+00:00,4133.145,4134.155,4132.875,4133.895,0.015
2026-10-05 04:45:00+00:00,4133.995,4135.475,4133.475,4134.925,0.014
2026-10-05 04:46:00+00:00,4134.825,4134.975,4133.515,4134.095,0.017
2026-10-05 04:47:00+00:00,4134.215,4134.655,4133.865,4133.915,0.014
2026-10-05 04:48:00+00:00,4133.915,4134.865,4133.915,4134.865,0.012
2026-10-05 04:49:00+00:00,4134.975,4135.165,4134.075,4134.585,0.011
2026-10-05 04:50:00+00:00,4134.695,4134.885,4134.025,4134.025,0.013
2026-10-05 04:51:00+00:00,4134.165,4134.415,4133.485,4133.715,0.014
2026-10-05 04:52:00+00:00,4133.815,4133.915,4132.165,4132.685,0.016
2026-10-05 04:53:00+00:00,4132.935,4133.405,4132.535,4133.175,0.013
2026-10-05 04:54:00+00:00,4133.025,4133.335,4132.045,4132.795,0.016
2026-10-05 04:55:00+00:00,4133.015,4133.025,4131.705,4131.875,0.016
2026-10-05 04:56:00+00:00,4131.765,4131.765,4130.565,4131.485,0.021
2026-10-05 04:57:00+00:00,4131.485,4132.695,4131.385,4132.095,0.011
2026-10-05 04:58:00+00:00,4132.095,4132.575,4131.245,4131.945,0.012
2026-10-05 04:59:00+00:00,4131.945,4132.275,4131.435,4131.865,0.014
2026-10-05 05:00:00+00:00,4131.735,4133.095,4131.625,4132.155,0.022
2026-10-05 05:01:00+00:00,4132.045,4132.745,4131.755,4132.635,0.015
2026-10-05 05:02:00+00:00,4132.535,4133.655,4132.175,4132.595,0.02
2026-10-05 05:03:00+00:00,4132.795,4132.895,4131.455,4132.395,0.014
2026-10-05 05:04:00+00:00,4132.275,4132.715,4131.085,4132.595,0.02
2026-10-05 05:05:00+00:00,4132.595,4133.485,4132.595,4133.285,0.014
2026-10-05 05:06:00+00:00,4133.395,4135.775,4132.575,4135.435,0.02
2026-10-05 05:07:00+00:00,4135.435,4136.885,4134.785,4136.185,0.02
2026-10-05 05:08:00+00:00,4135.975,4137.755,4135.935,4136.795,0.023
2026-10-05 05:09:00+00:00,4136.795,4137.425,4136.475,4136.655,0.015
2026-10-05 05:10:00+00:00,4136.955,4137.015,4135.885,4136.005,0.016
2026-10-05 05:11:00+00:00,4136.005,4136.735,4135.765,4136.495,0.014
2026-10-05 05:12:00+00:00,4136.375,4137.185,4136.295,4137.065,0.018
2026-10-05 05:13:00+00:00,4136.935,4138.605,4136.795,4138.225,0.021
2026-10-05 05:14:00+00:00,4138.065,4140.725,4137.405,4139.145,0.025
2026-10-05 05:15:00+00:00,4139.045,4139.805,4137.275,4137.815,0.018
2026-10-05 05:16:00+00:00,4137.685,4138.475,4137.015,4138.045,0.012
2026-10-05 05:17:00+00:00,4138.025,4138.635,4137.735,4138.385,0.013
2026-10-05 05:18:00+00:00,4138.125,4138.565,4137.775,4138.255,0.008
2026-10-05 05:19:00+00:00,4138.115,4139.715,4137.825,4139.085,0.013
2026-10-05 05:20:00+00:00,4139.095,4139.945,4138.175,4138.925,0.017
2026-10-05 05:21:00+00:00,4139.015,4140.605,4138.765,4140.605,0.011
2026-10-05 05:22:00+00:00,4140.515,4140.645,4139.485,4139.715,0.016
2026-10-05 05:23:00+00:00,4139.825,4139.845,4136.395,4136.695,0.017
2026-10-05 05:24:00+00:00,4136.795,4138.085,4136.125,4138.085,0.013
2026-10-05 05:25:00+00:00,4138.165,4139.275,4137.855,4138.515,0.015
2026-10-05 05:26:00+00:00,4138.505,4138.985,4137.875,4138.245,0.016
2026-10-05 05:27:00+00:00,4138.135,4138.385,4137.175,4137.175,0.009
2026-10-05 05:28:00+00:00,4137.325,4138.525,4137.065,4137.695,0.017
2026-10-05 05:29:00+00:00,4137.675,4138.085,4137.095,4137.635,0.014
2026-10-05 05:30:00+00:00,4137.495,4137.595,4134.645,4135.935,0.027
2026-10-05 05:31:00+00:00,4136.055,4136.775,4135.135,4135.245,0.02
2026-10-05 05:32:00+00:00,4135.375,4136.115,4133.755,4133.945,0.023
2026-10-05 05:33:00+00:00,4134.035,4135.245,4133.815,4134.415,0.021
2026-10-05 05:34:00+00:00,4134.315,4135.505,4134.315,4134.985,0.015
2026-10-05 05:35:00+00:00,4135.025,4135.105,4133.605,4134.615,0.025
2026-10-05 05:36:00+00:00,4134.615,4137.745,4134.605,4137.685,0.033
2026-10-05 05:37:00+00:00,4137.735,4138.645,4137.445,4138.055,0.021
2026-10-05 05:38:00+00:00,4137.945,4138.365,4137.505,4137.935,0.014
2026-10-05 05:39:00+00:00,4138.045,4138.165,4137.325,4137.465,0.011
2026-10-05 05:40:00+00:00,4137.355,4137.855,4136.875,4137.175,0.013
2026-10-05 05:41:00+00:00,4137.285,4137.285,4135.835,4136.795,0.017
2026-10-05 05:42:00+00:00,4136.885,4137.925,4136.265,4137.925,0.011
2026-10-05 05:43:00+00:00,4137.955,4138.035,4137.345,4137.745,0.01
2026-10-05 05:44:00+00:00,4137.625,4141.125,4137.625,4141.085,0.016
2026-10-05 05:45:00+00:00,4140.945,4141.135,4138.985,4139.005,0.02
2026-10-05 05:46:00+00:00,4139.075,4140.725,4138.155,4140.575,0.021
2026-10-05 05:47:00+00:00,4140.675,4140.755,4139.655,4140.215,0.013
2026-10-05 05:48:00+00:00,4140.145,4141.285,4139.735,4140.625,0.017
2026-10-05 05:49:00+00:00,4140.535,4140.535,4138.895,4138.995,0.018
2026-10-05 05:50:00+00:00,4138.835,4139.195,4138.515,4138.545,0.015
2026-10-05 05:51:00+00:00,4138.875,4139.755,4138.495,4138.535,0.018
2026-10-05 05:52:00+00:00,4138.505,4138.535,4136.405,4137.095,0.014
2026-10-05 05:53:00+00:00,4136.985,4137.145,4135.405,4135.615,0.012
2026-10-05 05:54:00+00:00,4135.645,4135.645,4133.085,4133.735,0.017
2026-10-05 05:55:00+00:00,4133.625,4133.765,4132.085,4132.085,0.017
2026-10-05 05:56:00+00:00,4132.295,4132.695,4130.645,4132.475,0.018
2026-10-05 05:57:00+00:00,4132.285,4134.375,4132.285,4133.605,0.016
2026-10-05 05:58:00+00:00,4133.485,4134.935,4133.485,4134.565,0.015
2026-10-05 05:59:00+00:00,4134.515,4135.845,4134.515,4135.155,0.015
2026-10-05 06:00:00+00:00,4135.055,4140.215,4134.835,4139.995,0.031
2026-10-05 06:01:00+00:00,4140.195,4144.275,4140.185,4143.755,0.026
2026-10-05 06:02:00+00:00,4143.645,4144.335,4141.255,4143.985,0.026
2026-10-05 06:03:00+00:00,4143.865,4145.325,4143.285,4144.235,0.023
2026-10-05 06:04:00+00:00,4144.235,4145.395,4142.345,4142.785,0.022
2026-10-05 06:05:00+00:00,4142.605,4144.215,4141.855,4144.065,0.018
2026-10-05 06:06:00+00:00,4143.935,4147.865,4143.705,4146.765,0.021
2026-10-05 06:07:00+00:00,4146.865,4146.965,4145.465,4146.105,0.017
2026-10-05 06:08:00+00:00,4145.965,4147.125,4145.355,4146.405,0.014
2026-10-05 06:09:00+00:00,4146.275,4147.235,4145.595,4146.925,0.014
2026-10-05 06:10:00+00:00,4147.045,4147.595,4146.005,4147.595,0.014
2026-10-05 06:11:00+00:00,4147.375,4149.155,4147.375,4148.715,0.017
2026-10-05 06:12:00+00:00,4148.325,4149.775,4148.325,4149.225,0.017
2026-10-05 06:13:00+00:00,4149.355,4151.375,4149.095,4150.785,0.014
2026-10-05 06:14:00+00:00,4150.945,4154.095,4150.825,4151.965,0.02
2026-10-05 06:15:00+00:00,4152.015,4153.975,4151.645,4153.425,0.021
2026-10-05 06:16:00+00:00,4153.445,4154.445,4152.835,4153.415,0.021
2026-10-05 06:17:00+00:00,4153.515,4154.435,4153.165,4153.245,0.019
2026-10-05 06:18:00+00:00,4153.545,4153.545,4151.625,4152.635,0.013
2026-10-05 06:19:00+00:00,4152.775,4153.395,4151.465,4151.685,0.013
2026-10-05 06:20:00+00:00,4151.845,4152.185,4148.385,4148.485,0.022
2026-10-05 06:21:00+00:00,4148.365,4149.985,4147.215,4149.865,0.015
2026-10-05 06:22:00+00:00,4149.975,4154.875,4149.645,4153.855,0.017
2026-10-05 06:23:00+00:00,4153.745,4154.115,4152.845,4153.805,0.015
2026-10-05 06:24:00+00:00,4153.805,4155.515,4153.805,4154.495,0.02
2026-10-05 06:25:00+00:00,4154.625,4155.825,4153.185,4155.825,0.024
2026-10-05 06:26:00+00:00,4155.825,4155.895,4154.385,4154.765,0.024
2026-10-05 06:27:00+00:00,4154.655,4155.445,4153.055,4153.815,0.021
2026-10-05 06:28:00+00:00,4153.955,4156.055,4153.325,4155.895,0.024
2026-10-05 06:29:00+00:00,4155.895,4156.255,4154.575,4154.945,0.024
2026-10-05 06:30:00+00:00,4154.595,4154.685,4153.315,4154.235,0.034
2026-10-05 06:31:00+00:00,4153.865,4154.805,4153.535,4153.895,0.025
2026-10-05 06:32:00+00:00,4153.755,4155.635,4153.685,4154.175,0.03
2026-10-05 06:33:00+00:00,4154.305,4154.735,4150.655,4150.885,0.03
2026-10-05 06:34:00+00:00,4150.885,4151.485,4149.435,4150.225,0.033
2026-10-05 06:35:00+00:00,4150.385,4151.455,4149.375,4150.495,0.034
2026-10-05 06:36:00+00:00,4150.295,4151.365,4149.845,4150.265,0.031
2026-10-05 06:37:00+00:00,4150.135,4152.975,4150.135,4152.495,0.028
2026-10-05 06:38:00+00:00,4152.605,4152.955,4149.645,4149.855,0.028
2026-10-05 06:39:00+00:00,4149.975,4150.785,4149.025,4150.245,0.029
2026-10-05 06:40:00+00:00,4150.145,4150.635,4149.555,4150.635,0.028
2026-10-05 06:41:00+00:00,4150.635,4150.685,4149.545,4150.555,0.025
2026-10-05 06:42:00+00:00,4150.795,4152.565,4150.795,4152.565,0.021
2026-10-05 06:43:00+00:00,4152.335,4153.555,4151.465,4152.205,0.026
2026-10-05 06:44:00+00:00,4152.325,4152.765,4150.345,4152.565,0.024
2026-10-05 06:45:00+00:00,4152.715,4152.955,4151.285,4151.845,0.02
2026-10-05 06:46:00+00:00,4151.895,4152.845,4151.085,4151.395,0.021
2026-10-05 06:47:00+00:00,4151.395,4151.965,4150.845,4151.805,0.019
2026-10-05 06:48:00+00:00,4151.695,4151.815,4150.455,4150.775,0.023
2026-10-05 06:49:00+00:00,4150.675,4151.185,4148.935,4149.185,0.02
2026-10-05 06:50:00+00:00,4149.185,4149.925,4148.075,4148.335,0.022
2026-10-05 06:51:00+00:00,4148.475,4150.695,4148.365,4150.495,0.011
2026-10-05 06:52:00+00:00,4150.385,4150.685,4149.485,4150.655,0.009
2026-10-05 06:53:00+00:00,4150.525,4152.695,4150.395,4152.155,0.014
2026-10-05 06:54:00+00:00,4151.875,4152.135,4148.875,4150.555,0.019
2026-10-05 06:55:00+00:00,4150.445,4152.095,4150.195,4150.975,0.033
2026-10-05 06:56:00+00:00,4151.075,4152.415,4151.075,4151.375,0.027
2026-10-05 06:57:00+00:00,4151.445,4153.355,4151.225,4153.105,0.025
2026-10-05 06:58:00+00:00,4153.115,4154.865,4153.115,4154.655,0.023
2026-10-05 06:59:00+00:00,4154.785,4156.015,4154.315,4155.645,0.031
2026-10-05 07:00:00+00:00,4155.625,4156.165,4151.455,4152.285,0.047
2026-10-05 07:01:00+00:00,4152.175,4153.475,4150.125,4151.525,0.044
2026-10-05 07:02:00+00:00,4151.395,4151.805,4149.695,4150.875,0.042
2026-10-05 07:03:00+00:00,4150.875,4152.995,4150.635,4152.135,0.039
2026-10-05 07:04:00+00:00,4152.125,4154.265,4152.015,4152.745,0.036
2026-10-05 07:05:00+00:00,4152.745,4155.465,4152.425,4155.295,0.04
2026-10-05 07:06:00+00:00,4155.275,4157.635,4155.205,4156.865,0.032
2026-10-05 07:07:00+00:00,4156.865,4158.975,4156.685,4158.085,0.033
2026-10-05 07:08:00+00:00,4158.155,4158.585,4156.715,4157.465,0.029
2026-10-05 07:09:00+00:00,4157.375,4157.895,4155.705,4155.885,0.037
2026-10-05 07:10:00+00:00,4155.885,4156.485,4155.095,4155.945,0.036
2026-10-05 07:11:00+00:00,4155.815,4155.915,4153.475,4153.775,0.039
2026-10-05 07:12:00+00:00,4153.785,4157.015,4153.775,4156.695,0.032
2026-10-05 07:13:00+00:00,4156.675,4157.125,4154.895,4156.665,0.035
2026-10-05 07:14:00+00:00,4156.545,4156.805,4155.285,4156.125,0.024
2026-10-05 07:15:00+00:00,4156.145,4156.495,4154.855,4154.865,0.022
2026-10-05 07:16:00+00:00,4155.215,4155.385,4154.205,4154.485,0.028
2026-10-05 07:17:00+00:00,4154.665,4156.465,4154.395,4155.355,0.031
2026-10-05 07:18:00+00:00,4155.445,4157.215,4155.005,4155.015,0.027
2026-10-05 07:19:00+00:00,4154.885,4155.445,4154.025,4154.695,0.023
2026-10-05 07:20:00+00:00,4154.685,4154.905,4152.515,4153.615,0.032
2026-10-05 07:21:00+00:00,4153.665,4155.495,4153.065,4154.875,0.034
2026-10-05 07:22:00+00:00,4154.835,4155.055,4153.635,4153.875,0.032
2026-10-05 07:23:00+00:00,4153.855,4154.485,4152.125,4152.535,0.038
2026-10-05 07:24:00+00:00,4152.405,4152.785,4151.635,4152.675,0.04
2026-10-05 07:25:00+00:00,4152.715,4154.555,4152.405,4154.325,0.039
2026-10-05 07:26:00+00:00,4154.425,4154.635,4153.635,4154.075,0.032
2026-10-05 07:27:00+00:00,4154.075,4154.595,4151.015,4151.195,0.034
2026-10-05 07:28:00+00:00,4151.285,4152.175,4150.925,4151.785,0.03
2026-10-05 07:29:00+00:00,4151.785,4153.375,4151.785,4153.375,0.033
2026-10-05 07:30:00+00:00,4153.455,4153.705,4152.015,4152.495,0.039
2026-10-05 07:31:00+00:00,4152.495,4153.735,4151.625,4151.795,0.035
2026-10-05 07:32:00+00:00,4151.735,4153.585,4151.455,4152.705,0.034
2026-10-05 07:33:00+00:00,4152.605,4155.415,4152.205,4154.305,0.036
2026-10-05 07:34:00+00:00,4154.265,4154.595,4152.995,4153.055,0.035
2026-10-05 07:35:00+00:00,4153.055,4154.495,4152.725,4153.685,0.035
2026-10-05 07:36:00+00:00,4153.695,4155.095,4153.495,4154.405,0.034
2026-10-05 07:37:00+00:00,4154.605,4155.325,4154.165,4155.265,0.024
2026-10-05 07:38:00+00:00,4155.265,4155.805,4154.195,4154.405,0.031
2026-10-05 07:39:00+00:00,4154.315,4155.195,4153.525,4155.135,0.028
2026-10-05 07:40:00+00:00,4155.115,4156.385,4155.015,4156.385,0.025
2026-10-05 07:41:00+00:00,4156.475,4157.965,4155.125,4156.125,0.037
2026-10-05 07:42:00+00:00,4156.125,4158.465,4156.125,4158.335,0.03
2026-10-05 07:43:00+00:00,4158.335,4159.095,4158.045,4158.655,0.032
2026-10-05 07:44:00+00:00,4158.665,4159.665,4157.395,4159.475,0.031
2026-10-05 07:45:00+00:00,4159.955,4166.715,4159.505,4160.355,0.048
2026-10-05 07:46:00+00:00,4160.465,4162.565,4159.365,4160.475,0.042
2026-10-05 07:47:00+00:00,4160.345,4162.295,4160.065,4160.195,0.037
2026-10-05 07:48:00+00:00,4160.195,4160.305,4158.135,4158.135,0.028
2026-10-05 07:49:00+00:00,4158.155,4159.005,4158.105,4158.565,0.028
2026-10-05 07:50:00+00:00,4158.565,4159.545,4158.075,4158.295,0.028
2026-10-05 07:51:00+00:00,4158.295,4164.585,4158.295,4163.985,0.042
2026-10-05 07:52:00+00:00,4164.095,4164.475,4162.135,4162.315,0.036
2026-10-05 07:53:00+00:00,4162.345,4163.145,4162.305,4162.835,0.028
2026-10-05 07:54:00+00:00,4162.875,4163.115,4161.435,4161.465,0.029
2026-10-05 07:55:00+00:00,4161.065,4162.735,4160.985,4162.295,0.033
2026-10-05 07:56:00+00:00,4162.345,4162.485,4160.955,4161.575,0.03
2026-10-05 07:57:00+00:00,4161.385,4162.705,4161.265,4161.885,0.029
2026-10-05 07:58:00+00:00,4161.925,4162.655,4161.465,4161.875,0.027
2026-10-05 07:59:00+00:00,4161.875,4162.485,4160.655,4160.675,0.026
2026-10-05 08:00:00+00:00,4160.775,4162.015,4159.395,4161.005,0.062
2026-10-05 08:01:00+00:00,4161.075,4165.105,4160.945,4163.245,0.054
2026-10-05 08:02:00+00:00,4163.145,4164.675,4162.835,4163.645,0.039
2026-10-05 08:03:00+00:00,4163.645,4165.205,4162.905,4163.965,0.038
2026-10-05 08:04:00+00:00,4164.065,4165.075,4163.025,4163.885,0.031
2026-10-05 08:05:00+00:00,4163.915,4165.915,4163.835,4164.935,0.036
2026-10-05 08:06:00+00:00,4165.005,4166.365,4165.005,4165.885,0.034
2026-10-05 08:07:00+00:00,4165.695,4166.185,4164.125,4164.185,0.031
2026-10-05 08:08:00+00:00,4164.205,4164.285,4162.085,4164.035,0.035
2026-10-05 08:09:00+00:00,4164.285,4166.485,4163.965,4165.515,0.029
2026-10-05 08:10:00+00:00,4165.525,4166.385,4164.815,4166.205,0.029
2026-10-05 08:11:00+00:00,4166.305,4168.225,4166.235,4167.965,0.033
2026-10-05 08:12:00+00:00,4167.955,4169.575,4167.145,4167.865,0.042
2026-10-05 08:13:00+00:00,4167.865,4168.765,4167.725,4167.955,0.032
2026-10-05 08:14:00+00:00,4167.955,4169.365,4167.495,4168.805,0.031
2026-10-05 08:15:00+00:00,4168.795,4169.675,4167.905,4168.685,0.032
2026-10-05 08:16:00+00:00,4168.635,4170.705,4168.625,4170.475,0.034
2026-10-05 08:17:00+00:00,4170.425,4170.445,4167.465,4167.975,0.033
2026-10-05 08:18:00+00:00,4167.965,4169.185,4167.905,4168.225,0.026
2026-10-05 08:19:00+00:00,4168.215,4169.135,4167.755,4168.555,0.029
2026-10-05 08:20:00+00:00,4168.595,4168.595,4167.395,4168.355,0.029
2026-10-05 08:21:00+00:00,4168.325,4168.445,4165.865,4166.705,0.029
2026-10-05 08:22:00+00:00,4166.725,4169.175,4166.525,4168.025,0.04
2026-10-05 08:23:00+00:00,4167.985,4168.125,4166.945,4167.785,0.036
2026-10-05 08:24:00+00:00,4167.765,4168.695,4167.475,4167.685,0.029
2026-10-05 08:25:00+00:00,4167.665,4167.975,4166.045,4166.795,0.051
2026-10-05 08:26:00+00:00,4166.725,4168.305,4166.125,4167.755,0.049
2026-10-05 08:27:00+00:00,4167.755,4169.585,4167.095,4169.265,0.041
2026-10-05 08:28:00+00:00,4169.255,4170.435,4167.605,4167.785,0.043
2026-10-05 08:29:00+00:00,4167.795,4168.265,4166.145,4166.155,0.032
2026-10-05 08:30:00+00:00,4166.255,4166.855,4165.045,4165.535,0.036
2026-10-05 08:31:00+00:00,4165.545,4166.465,4165.285,4166.025,0.028
2026-10-05 08:32:00+00:00,4165.915,4167.705,4165.535,4167.415,0.032
2026-10-05 08:33:00+00:00,4167.365,4167.385,4165.635,4165.685,0.029
2026-10-05 08:34:00+00:00,4165.555,4166.435,4163.155,4163.165,0.047
2026-10-05 08:35:00+00:00,4163.175,4164.495,4162.765,4163.465,0.043
2026-10-05 08:36:00+00:00,4163.355,4163.775,4161.965,4162.955,0.046
2026-10-05 08:37:00+00:00,4162.955,4164.045,4162.245,4163.865,0.045
2026-10-05 08:38:00+00:00,4163.935,4166.555,4163.935,4166.175,0.046
2026-10-05 08:39:00+00:00,4166.175,4166.565,4164.425,4165.445,0.035
2026-10-05 08:40:00+00:00,4165.515,4166.355,4164.355,4164.365,0.029
2026-10-05 08:41:00+00:00,4164.425,4165.105,4163.315,4163.715,0.03
2026-10-05 08:42:00+00:00,4163.655,4164.135,4162.465,4162.745,0.033
2026-10-05 08:43:00+00:00,4162.735,4165.375,4162.295,4164.085,0.03
2026-10-05 08:44:00+00:00,4164.075,4164.095,4161.955,4162.415,0.032
2026-10-05 08:45:00+00:00,4162.555,4162.555,4160.185,4161.365,0.037
2026-10-05 08:46:00+00:00,4161.315,4162.155,4161.205,4161.835,0.03
2026-10-05 08:47:00+00:00,4161.765,4162.485,4161.335,4161.725,0.03
2026-10-05 08:48:00+00:00,4161.725,4165.735,4161.625,4165.424,0.03
2026-10-05 08:49:00+00:00,4165.66,4170.225,4164.525,4169.415,0.057
2026-10-05 08:50:00+00:00,4169.255,4169.255,4165.585,4167.365,0.054
2026-10-05 08:51:00+00:00,4167.265,4168.915,4166.845,4168.445,0.045
2026-10-05 08:52:00+00:00,4168.395,4169.385,4167.285,4168.175,0.036
2026-10-05 08:53:00+00:00,4168.175,4168.335,4165.545,4165.725,0.031
2026-10-05 08:54:00+00:00,4165.665,4165.825,4164.105,4164.105,0.03
2026-10-05 08:55:00+00:00,4164.205,4165.375,4163.745,4164.785,0.026
2026-10-05 08:56:00+00:00,4164.775,4165.415,4164.075,4164.665,0.023
2026-10-05 08:57:00+00:00,4164.665,4166.375,4164.545,4166.375,0.021
2026-10-05 08:58:00+00:00,4166.235,4167.695,4165.275,4167.645,0.029
2026-10-05 08:59:00+00:00,4167.595,4168.085,4166.495,4167.015,0.032
2026-10-05 09:00:00+00:00,4167.015,4167.365,4166.145,4166.365,0.029
2026-10-05 09:01:00+00:00,4166.365,4167.105,4165.565,4167.105,0.028
2026-10-05 09:02:00+00:00,4167.185,4168.805,4166.555,4168.175,0.025
2026-10-05 09:03:00+00:00,4168.165,4168.165,4166.775,4167.865,0.022
2026-10-05 09:04:00+00:00,4167.715,4168.345,4167.595,4168.305,0.024
2026-10-05 09:05:00+00:00,4168.305,4169.115,4168.105,4168.475,0.025
2026-10-05 09:06:00+00:00,4168.435,4169.445,4168.025,4169.195,0.029
2026-10-05 09:07:00+00:00,4169.145,4169.165,4168.025,4168.275,0.025
2026-10-05 09:08:00+00:00,4168.305,4169.795,4167.815,4167.815,0.024
2026-10-05 09:09:00+00:00,4167.605,4168.265,4167.605,4167.675,0.015
2026-10-05 09:10:00+00:00,4167.675,4168.065,4167.135,4167.715,0.023
2026-10-05 09:11:00+00:00,4167.655,4168.075,4167.305,4167.665,0.021
2026-10-05 09:12:00+00:00,4167.775,4167.825,4166.975,4167.325,0.019
2026-10-05 09:13:00+00:00,4167.275,4167.495,4166.795,4166.795,0.013
2026-10-05 09:14:00+00:00,4166.565,4167.325,4166.455,4166.865,0.021
2026-10-05 09:15:00+00:00,4167.025,4167.535,4166.265,4166.995,0.026
2026-10-05 09:16:00+00:00,4166.975,4168.105,4165.575,4166.175,0.029
2026-10-05 09:17:00+00:00,4166.205,4166.815,4165.875,4166.495,0.026
2026-10-05 09:18:00+00:00,4166.475,4167.115,4165.895,4166.495,0.029
2026-10-05 09:19:00+00:00,4166.505,4169.645,4166.465,4168.695,0.031
2026-10-05 09:20:00+00:00,4168.685,4168.975,4167.365,4167.465,0.02
2026-10-05 09:21:00+00:00,4167.545,4168.615,4167.105,4168.085,0.02
2026-10-05 09:22:00+00:00,4168.055,4169.585,4167.655,4169.585,0.022
2026-10-05 09:23:00+00:00,4169.585,4170.105,4167.795,4168.185,0.035
2026-10-05 09:24:00+00:00,4168.165,4168.695,4167.615,4168.085,0.025
2026-10-05 09:25:00+00:00,4168.015,4168.195,4166.845,4167.265,0.02
2026-10-05 09:26:00+00:00,4167.295,4167.865,4167.155,4167.155,0.02
2026-10-05 09:27:00+00:00,4167.155,4168.195,4167.085,4167.155,0.021
2026-10-05 09:28:00+00:00,4167.195,4167.945,4167.035,4167.465,0.024
2026-10-05 09:29:00+00:00,4167.465,4167.465,4166.185,4166.275,0.011
2026-10-05 09:30:00+00:00,4166.205,4166.955,4165.345,4165.445,0.013
2026-10-05 09:31:00+00:00,4165.255,4166.585,4165.255,4165.625,0.024
2026-10-05 09:32:00+00:00,4165.595,4165.645,4163.305,4163.825,0.027
2026-10-05 09:33:00+00:00,4163.875,4164.115,4162.135,4162.785,0.023
2026-10-05 09:34:00+00:00,4162.895,4163.665,4161.665,4161.805,0.02
2026-10-05 09:35:00+00:00,4161.955,4162.345,4161.165,4161.395,0.025
2026-10-05 09:36:00+00:00,4161.405,4162.105,4160.705,4160.725,0.02
2026-10-05 09:37:00+00:00,4160.705,4162.115,4160.485,4161.835,0.02
2026-10-05 09:38:00+00:00,4161.805,4161.835,4160.765,4161.335,0.023
2026-10-05 09:39:00+00:00,4161.255,4161.815,4160.705,4160.845,0.018
2026-10-05 09:40:00+00:00,4160.925,4161.355,4160.155,4160.995,0.022
2026-10-05 09:41:00+00:00,4160.965,4161.345,4160.385,4160.655,0.021
2026-10-05 09:42:00+00:00,4160.605,4160.645,4159.275,4159.305,0.02
2026-10-05 09:43:00+00:00,4159.525,4161.135,4159.505,4160.705,0.024
2026-10-05 09:44:00+00:00,4160.675,4160.865,4159.405,4159.635,0.025
2026-10-05 09:45:00+00:00,4159.545,4159.555,4156.575,4157.345,0.027
2026-10-05 09:46:00+00:00,4157.355,4157.745,4156.205,4157.565,0.024
2026-10-05 09:47:00+00:00,4157.575,4159.135,4157.555,4158.815,0.022
2026-10-05 09:48:00+00:00,4158.795,4159.585,4158.505,4159.215,0.017
2026-10-05 09:49:00+00:00,4159.225,4159.365,4158.735,4158.745,0.015
2026-10-05 09:50:00+00:00,4158.755,4159.635,4158.205,4158.235,0.016
2026-10-05 09:51:00+00:00,4158.275,4159.175,4158.235,4158.745,0.021
2026-10-05 09:52:00+00:00,4158.765,4159.335,4158.115,4158.525,0.015
2026-10-05 09:53:00+00:00,4158.535,4158.965,4158.345,4158.905,0.011
2026-10-05 09:54:00+00:00,4158.915,4160.015,4158.715,4158.715,0.017
2026-10-05 09:55:00+00:00,4158.735,4159.405,4158.675,4158.855,0.015
2026-10-05 09:56:00+00:00,4158.905,4159.755,4158.145,4159.625,0.018
2026-10-05 09:57:00+00:00,4159.605,4160.025,4159.335,4159.625,0.015
2026-10-05 09:58:00+00:00,4159.615,4159.845,4158.895,4159.705,0.02
2026-10-05 09:59:00+00:00,4159.705,4159.975,4158.835,4158.845,0.017
2026-10-05 10:00:00+00:00,4158.825,4159.225,4158.025,4158.695,0.023
2026-10-05 10:01:00+00:00,4158.695,4158.885,4158.035,4158.885,0.017
2026-10-05 10:02:00+00:00,4158.885,4159.395,4157.745,4157.745,0.021
2026-10-05 10:03:00+00:00,4157.835,4159.315,4157.605,4158.345,0.025
2026-10-05 10:04:00+00:00,4158.335,4158.635,4157.915,4158.315,0.017
2026-10-05 10:05:00+00:00,4158.335,4158.755,4157.285,4157.645,0.019
2026-10-05 10:06:00+00:00,4157.645,4159.205,4157.645,4158.735,0.019
2026-10-05 10:07:00+00:00,4158.735,4158.825,4156.995,4156.995,0.017
2026-10-05 10:08:00+00:00,4156.955,4159.425,4156.905,4158.975,0.019
2026-10-05 10:09:00+00:00,4159.005,4159.655,4157.305,4157.915,0.021
2026-10-05 10:10:00+00:00,4157.915,4159.682,4157.265,4157.945,0.024
2026-10-05 10:11:00+00:00,4157.925,4157.925,4157.005,4157.505,0.021
2026-10-05 10:12:00+00:00,4157.505,4157.915,4156.945,4157.105,0.021
2026-10-05 10:13:00+00:00,4157.035,4157.415,4156.425,4156.825,0.016
2026-10-05 10:14:00+00:00,4156.825,4159.135,4156.825,4159.075,0.024
2026-10-05 10:15:00+00:00,4158.925,4158.925,4156.815,4157.675,0.023
2026-10-05 10:16:00+00:00,4157.665,4157.715,4156.035,4156.155,0.018
2026-10-05 10:17:00+00:00,4156.095,4156.825,4155.905,4156.685,0.022
2026-10-05 10:18:00+00:00,4156.685,4157.165,4156.315,4156.545,0.017
2026-10-05 10:19:00+00:00,4156.435,4156.805,4155.965,4156.665,0.02
2026-10-05 10:20:00+00:00,4156.725,4157.545,4156.265,4156.985,0.022
2026-10-05 10:21:00+00:00,4156.875,4158.185,4156.515,4157.215,0.017
2026-10-05 10:22:00+00:00,4157.225,4157.825,4156.885,4157.025,0.017
2026-10-05 10:23:00+00:00,4156.925,4158.555,4156.925,4158.425,0.022
2026-10-05 10:24:00+00:00,4158.565,4159.135,4158.355,4158.605,0.023
2026-10-05 10:25:00+00:00,4158.545,4158.545,4157.345,4157.655,0.021
2026-10-05 10:26:00+00:00,4157.715,4158.995,4157.365,4158.785,0.02
2026-10-05 10:27:00+00:00,4158.745,4158.885,4157.905,4158.195,0.018
2026-10-05 10:28:00+00:00,4158.075,4159.525,4158.025,4158.735,0.02
2026-10-05 10:29:00+00:00,4158.735,4159.125,4158.005,4158.065,0.023
2026-10-05 10:30:00+00:00,4158.125,4158.745,4157.875,4158.695,0.017
2026-10-05 10:31:00+00:00,4158.615,4159.065,4158.155,4158.685,0.016
2026-10-05 10:32:00+00:00,4158.645,4158.885,4158.065,4158.705,0.021
2026-10-05 10:33:00+00:00,4158.685,4159.565,4158.585,4159.525,0.017
2026-10-05 10:34:00+00:00,4159.505,4159.505,4158.305,4158.605,0.017
2026-10-05 10:35:00+00:00,4158.605,4158.995,4158.455,4158.685,0.017
2026-10-05 10:36:00+00:00,4158.695,4159.065,4158.375,4158.745,0.019
2026-10-05 10:37:00+00:00,4158.825,4158.975,4158.365,4158.365,0.012
2026-10-05 10:38:00+00:00,4158.275,4158.895,4157.755,4158.005,0.016
2026-10-05 10:39:00+00:00,4158.005,4158.295,4157.465,4158.155,0.018
2026-10-05 10:40:00+00:00,4158.155,4158.815,4158.015,4158.265,0.014
2026-10-05 10:41:00+00:00,4158.265,4158.655,4157.155,4157.425,0.015
2026-10-05 10:42:00+00:00,4157.445,4158.535,4157.395,4158.035,0.019
2026-10-05 10:43:00+00:00,4157.985,4158.995,4157.925,4158.765,0.017
2026-10-05 10:44:00+00:00,4158.855,4158.905,4157.305,4157.305,0.017
2026-10-05 10:45:00+00:00,4157.305,4157.955,4157.025,4157.025,0.018
2026-10-05 10:46:00+00:00,4157.025,4157.645,4157.025,4157.275,0.017
2026-10-05 10:47:00+00:00,4157.395,4158.155,4157.145,4157.965,0.018
2026-10-05 10:48:00+00:00,4157.895,4159.075,4157.895,4158.605,0.019
2026-10-05 10:49:00+00:00,4158.565,4159.005,4158.195,4158.835,0.016
2026-10-05 10:50:00+00:00,4158.835,4159.495,4158.565,4158.825,0.016
2026-10-05 10:51:00+00:00,4158.775,4159.605,4158.355,4159.365,0.019
2026-10-05 10:52:00+00:00,4159.355,4160.145,4159.305,4159.875,0.013
2026-10-05 10:53:00+00:00,4159.865,4160.085,4159.265,4159.275,0.016
2026-10-05 10:54:00+00:00,4159.185,4163.385,4159.055,4161.005,0.027
2026-10-05 10:55:00+00:00,4161.075,4165.485,4160.855,4163.795,0.051
2026-10-05 10:56:00+00:00,4163.795,4164.405,4162.885,4163.075,0.045
2026-10-05 10:57:00+00:00,4163.065,4163.755,4162.335,4162.765,0.029
2026-10-05 10:58:00+00:00,4162.755,4163.105,4161.805,4162.835,0.025
2026-10-05 10:59:00+00:00,4162.825,4162.955,4162.115,4162.165,0.009
2026-10-05 11:00:00+00:00,4162.325,4162.395,4160.025,4161.405,0.025
2026-10-05 11:01:00+00:00,4161.525,4161.625,4159.915,4161.335,0.033
2026-10-05 11:02:00+00:00,4161.355,4161.355,4158.955,4159.485,0.031
2026-10-05 11:03:00+00:00,4159.485,4161.115,4159.375,4160.605,0.023
2026-10-05 11:04:00+00:00,4160.445,4161.215,4160.325,4160.655,0.017
2026-10-05 11:05:00+00:00,4160.655,4161.265,4160.335,4161.045,0.029
2026-10-05 11:06:00+00:00,4161.005,4161.815,4160.895,4161.375,0.021
2026-10-05 11:07:00+00:00,4161.405,4161.695,4159.805,4159.905,0.017
2026-10-05 11:08:00+00:00,4159.975,4160.835,4159.935,4160.645,0.018
2026-10-05 11:09:00+00:00,4160.685,4161.155,4160.525,4160.635,0.016
2026-10-05 11:10:00+00:00,4160.635,4160.635,4159.565,4160.115,0.019
2026-10-05 11:11:00+00:00,4160.145,4161.595,4159.625,4160.535,0.02
2026-10-05 11:12:00+00:00,4160.355,4160.575,4159.705,4160.465,0.022
2026-10-05 11:13:00+00:00,4160.425,4161.465,4160.335,4161.465,0.021
2026-10-05 11:14:00+00:00,4161.595,4161.975,4161.065,4161.195,0.021
2026-10-05 11:15:00+00:00,4161.195,4162.065,4160.575,4161.505,0.018
2026-10-05 11:16:00+00:00,4161.535,4162.125,4160.205,4162.125,0.032
2026-10-05 11:17:00+00:00,4162.045,4163.295,4161.755,4163.165,0.023
2026-10-05 11:18:00+00:00,4163.085,4163.085,4161.535,4161.635,0.021
2026-10-05 11:19:00+00:00,4161.515,4162.195,4161.045,4161.215,0.02
2026-10-05 11:20:00+00:00,4161.215,4161.395,4160.325,4160.915,0.02
2026-10-05 11:21:00+00:00,4160.925,4161.075,4160.545,4160.825,0.016
2026-10-05 11:22:00+00:00,4160.795,4160.825,4159.565,4160.515,0.022
2026-10-05 11:23:00+00:00,4160.425,4161.725,4160.425,4160.745,0.023
2026-10-05 11:24:00+00:00,4160.755,4161.915,4160.595,4161.365,0.017
2026-10-05 11:25:00+00:00,4161.295,4162.375,4161.025,4161.225,0.021
2026-10-05 11:26:00+00:00,4161.365,4161.805,4161.075,4161.145,0.02
2026-10-05 11:27:00+00:00,4161.095,4165.985,4160.945,4163.515,0.037
2026-10-05 11:28:00+00:00,4163.535,4166.375,4162.955,4166.295,0.048
2026-10-05 11:29:00+00:00,4166.285,4167.365,4165.435,4167.365,0.041
2026-10-05 11:30:00+00:00,4167.365,4169.005,4165.345,4165.445,0.042
2026-10-05 11:31:00+00:00,4165.485,4166.825,4165.075,4165.265,0.032
2026-10-05 11:32:00+00:00,4165.235,4166.235,4161.845,4162.015,0.031
2026-10-05 11:33:00+00:00,4162.095,4162.165,4159.755,4159.835,0.027
2026-10-05 11:34:00+00:00,4159.855,4160.735,4159.565,4160.465,0.024
2026-10-05 11:35:00+00:00,4160.465,4161.455,4160.355,4160.855,0.021
2026-10-05 11:36:00+00:00,4160.855,4161.735,4160.325,4161.605,0.024
2026-10-05 11:37:00+00:00,4161.685,4161.685,4160.445,4161.095,0.018
2026-10-05 11:38:00+00:00,4161.155,4161.155,4160.095,4160.225,0.019
2026-10-05 11:39:00+00:00,4160.235,4160.305,4158.625,4158.975,0.021
2026-10-05 11:40:00+00:00,4158.995,4159.755,4158.225,4159.265,0.023
2026-10-05 11:41:00+00:00,4159.265,4159.265,4157.875,4157.995,0.024
2026-10-05 11:42:00+00:00,4157.995,4158.395,4155.995,4156.135,0.03
2026-10-05 11:43:00+00:00,4156.175,4156.765,4155.615,4156.135,0.022
2026-10-05 11:44:00+00:00,4156.145,4156.145,4154.665,4154.785,0.028
2026-10-05 11:45:00+00:00,4154.785,4155.305,4153.675,4154.975,0.031
2026-10-05 11:46:00+00:00,4154.915,4155.105,4153.875,4154.495,0.027
2026-10-05 11:47:00+00:00,4154.495,4154.755,4153.335,4154.625,0.026
2026-10-05 11:48:00+00:00,4154.625,4155.045,4153.995,4154.045,0.022
2026-10-05 11:49:00+00:00,4154.035,4154.365,4152.775,4152.775,0.015
2026-10-05 11:50:00+00:00,4152.805,4153.285,4152.085,4152.815,0.02
2026-10-05 11:51:00+00:00,4152.855,4154.385,4152.185,4152.545,0.024
2026-10-05 11:52:00+00:00,4152.555,4153.755,4152.025,4153.065,0.027
2026-10-05 11:53:00+00:00,4153.065,4153.305,4151.385,4151.855,0.023
2026-10-05 11:54:00+00:00,4151.885,4153.145,4151.555,4153.145,0.025
2026-10-05 11:55:00+00:00,4153.045,4155.105,4152.765,4155.075,0.022
2026-10-05 11:56:00+00:00,4155.055,4155.395,4154.275,4154.645,0.021
2026-10-05 11:57:00+00:00,4154.635,4155.075,4154.065,4154.795,0.021
2026-10-05 11:58:00+00:00,4154.775,4156.005,4154.735,4155.675,0.024
2026-10-05 11:59:00+00:00,4155.745,4156.885,4155.265,4156.465,0.024
2026-10-05 12:00:00+00:00,4156.505,4157.715,4155.345,4156.195,0.035
2026-10-05 12:01:00+00:00,4156.195,4157.465,4156.195,4157.465,0.03
2026-10-05 12:02:00+00:00,4157.485,4157.775,4154.415,4156.585,0.028
2026-10-05 12:03:00+00:00,4156.555,4157.985,4156.555,4157.955,0.025
2026-10-05 12:04:00+00:00,4158.055,4158.615,4157.455,4157.605,0.026
2026-10-05 12:05:00+00:00,4157.675,4158.965,4157.255,4158.965,0.023
2026-10-05 12:06:00+00:00,4159.105,4159.355,4157.965,4158.075,0.023
2026-10-05 12:07:00+00:00,4158.085,4158.295,4157.315,4157.875,0.023
2026-10-05 12:08:00+00:00,4157.875,4158.525,4156.695,4158.485,0.029
2026-10-05 12:09:00+00:00,4158.675,4158.935,4157.175,4157.315,0.028
2026-10-05 12:10:00+00:00,4157.315,4159.085,4156.515,4158.115,0.037
2026-10-05 12:11:00+00:00,4158.025,4158.525,4157.275,4157.815,0.024
2026-10-05 12:12:00+00:00,4157.835,4158.435,4157.185,4158.435,0.025
2026-10-05 12:13:00+00:00,4158.355,4158.935,4158.005,4158.845,0.022
2026-10-05 12:14:00+00:00,4158.875,4158.885,4157.175,4157.285,0.024
2026-10-05 12:15:00+00:00,4157.315,4157.615,4155.715,4155.885,0.025
2026-10-05 12:16:00+00:00,4155.885,4157.975,4155.885,4156.715,0.025
2026-10-05 12:17:00+00:00,4156.725,4156.875,4156.025,4156.175,0.025
2026-10-05 12:18:00+00:00,4156.155,4156.625,4155.525,4155.715,0.024
2026-10-05 12:19:00+00:00,4155.785,4156.665,4154.465,4154.545,0.031
2026-10-05 12:20:00+00:00,4154.545,4156.185,4154.045,4155.815,0.034
2026-10-05 12:21:00+00:00,4155.815,4156.655,4155.275,4155.455,0.031
2026-10-05 12:22:00+00:00,4155.505,4156.625,4155.375,4155.865,0.031
2026-10-05 12:23:00+00:00,4155.935,4158.155,4155.705,4157.025,0.031
2026-10-05 12:24:00+00:00,4157.035,4157.975,4156.725,4157.945,0.033
2026-10-05 12:25:00+00:00,4158.095,4159.535,4157.815,4159.495,0.035
2026-10-05 12:26:00+00:00,4159.095,4160.785,4157.965,4160.785,0.029
2026-10-05 12:27:00+00:00,4160.915,4161.665,4160.545,4160.785,0.027
2026-10-05 12:28:00+00:00,4160.665,4161.985,4160.205,4160.205,0.02
2026-10-05 12:29:00+00:00,4160.205,4163.915,4159.865,4163.745,0.027
2026-10-05 12:30:00+00:00,4163.745,4164.155,4162.555,4163.995,0.045
2026-10-05 12:31:00+00:00,4163.975,4164.785,4162.065,4162.745,0.034
2026-10-05 12:32:00+00:00,4162.645,4164.255,4162.185,4163.185,0.028
2026-10-05 12:33:00+00:00,4163.105,4164.845,4162.705,4164.585,0.026
2026-10-05 12:34:00+00:00,4164.565,4166.185,4164.385,4164.745,0.028
2026-10-05 12:35:00+00:00,4164.655,4166.365,4164.465,4166.125,0.035
2026-10-05 12:36:00+00:00,4166.135,4166.595,4164.965,4165.515,0.03
2026-10-05 12:37:00+00:00,4165.555,4166.045,4163.285,4164.195,0.033
2026-10-05 12:38:00+00:00,4164.195,4164.245,4162.545,4163.755,0.035
2026-10-05 12:39:00+00:00,4163.825,4164.265,4162.455,4162.505,0.033
2026-10-05 12:40:00+00:00,4162.495,4162.615,4160.915,4161.965,0.037
2026-10-05 12:41:00+00:00,4161.985,4163.015,4161.445,4162.015,0.027
2026-10-05 12:42:00+00:00,4162.175,4163.055,4161.785,4162.585,0.028
2026-10-05 12:43:00+00:00,4162.585,4163.115,4160.585,4161.285,0.022
2026-10-05 12:44:00+00:00,4161.285,4162.185,4160.665,4161.125,0.028
2026-10-05 12:45:00+00:00,4161.225,4162.955,4160.455,4162.795,0.032
2026-10-05 12:46:00+00:00,4162.895,4163.145,4159.915,4160.055,0.034
2026-10-05 12:47:00+00:00,4159.945,4160.585,4158.855,4159.795,0.04
2026-10-05 12:48:00+00:00,4159.685,4160.205,4157.085,4157.445,0.035
2026-10-05 12:49:00+00:00,4157.065,4157.625,4156.455,4156.705,0.032
2026-10-05 12:50:00+00:00,4156.705,4156.715,4155.045,4155.485,0.03
2026-10-05 12:51:00+00:00,4155.485,4157.175,4155.395,4156.235,0.029
2026-10-05 12:52:00+00:00,4156.325,4160.937,4155.405,4156.515,0.04
2026-10-05 12:53:00+00:00,4156.355,4157.365,4155.655,4157.105,0.031
2026-10-05 12:54:00+00:00,4157.115,4157.615,4156.185,4156.435,0.026
2026-10-05 12:55:00+00:00,4156.435,4156.435,4154.835,4155.625,0.027
2026-10-05 12:56:00+00:00,4155.775,4156.605,4155.015,4156.205,0.027
2026-10-05 12:57:00+00:00,4156.205,4158.485,4156.055,4157.205,0.036
2026-10-05 12:58:00+00:00,4157.215,4157.675,4156.795,4156.795,0.027
2026-10-05 12:59:00+00:00,4156.905,4157.275,4155.965,4156.835,0.024
2026-10-05 13:00:00+00:00,4156.835,4158.165,4155.995,4157.335,0.04
2026-10-05 13:01:00+00:00,4157.335,4158.305,4156.445,4157.165,0.032
2026-10-05 13:02:00+00:00,4157.035,4157.165,4155.555,4155.825,0.031
2026-10-05 13:03:00+00:00,4155.695,4156.075,4155.005,4155.465,0.026
2026-10-05 13:04:00+00:00,4155.465,4156.705,4154.105,4154.145,0.029
2026-10-05 13:05:00+00:00,4154.145,4154.235,4151.415,4151.615,0.04
2026-10-05 13:06:00+00:00,4151.625,4151.875,4148.625,4148.775,0.04
2026-10-05 13:07:00+00:00,4148.995,4149.835,4147.285,4148.775,0.033
2026-10-05 13:08:00+00:00,4148.775,4151.765,4148.115,4151.455,0.039
2026-10-05 13:09:00+00:00,4151.355,4152.995,4151.235,4152.935,0.034
2026-10-05 13:10:00+00:00,4153.055,4153.905,4151.965,4152.275,0.04
2026-10-05 13:11:00+00:00,4152.325,4152.775,4151.265,4152.165,0.035
2026-10-05 13:12:00+00:00,4152.255,4152.755,4150.765,4151.675,0.037
2026-10-05 13:13:00+00:00,4151.555,4152.235,4150.755,4151.765,0.035
2026-10-05 13:14:00+00:00,4151.745,4153.005,4150.445,4152.435,0.041
2026-10-05 13:15:00+00:00,4152.475,4153.815,4152.165,4153.545,0.029
2026-10-05 13:16:00+00:00,4153.395,4154.635,4152.975,4153.495,0.031
2026-10-05 13:17:00+00:00,4153.565,4154.615,4152.185,4153.655,0.037
2026-10-05 13:18:00+00:00,4153.655,4154.205,4153.375,4153.735,0.033
2026-10-05 13:19:00+00:00,4153.735,4153.735,4151.425,4151.675,0.031
2026-10-05 13:20:00+00:00,4151.445,4152.395,4150.365,4150.955,0.032
2026-10-05 13:21:00+00:00,4150.755,4151.735,4150.425,4151.415,0.028
2026-10-05 13:22:00+00:00,4151.415,4152.785,4150.785,4151.225,0.032
2026-10-05 13:23:00+00:00,4151.225,4152.825,4150.895,4152.695,0.028
2026-10-05 13:24:00+00:00,4152.695,4153.845,4150.755,4153.535,0.047
2026-10-05 13:25:00+00:00,4153.215,4154.185,4152.425,4153.025,0.038
2026-10-05 13:26:00+00:00,4153.055,4153.495,4151.945,4152.625,0.037
2026-10-05 13:27:00+00:00,4152.645,4153.705,4152.115,4152.855,0.027
2026-10-05 13:28:00+00:00,4152.855,4153.435,4151.475,4152.125,0.033
2026-10-05 13:29:00+00:00,4152.135,4153.545,4151.595,4153.155,0.038
2026-10-05 13:30:00+00:00,4153.135,4154.165,4151.935,4152.655,0.05
2026-10-05 13:31:00+00:00,4152.655,4153.095,4150.075,4150.235,0.048
2026-10-05 13:32:00+00:00,4150.195,4150.425,4148.545,4149.095,0.049
2026-10-05 13:33:00+00:00,4148.975,4149.965,4148.495,4148.715,0.049
2026-10-05 13:34:00+00:00,4148.855,4150.555,4148.085,4149.765,0.044
2026-10-05 13:35:00+00:00,4149.675,4149.785,4146.105,4146.145,0.047
2026-10-05 13:36:00+00:00,4146.145,4146.875,4145.755,4145.755,0.046
2026-10-05 13:37:00+00:00,4145.715,4146.935,4145.025,4145.125,0.044
2026-10-05 13:38:00+00:00,4145.195,4146.305,4144.575,4145.265,0.044
2026-10-05 13:39:00+00:00,4145.155,4145.615,4142.565,4144.785,0.049
2026-10-05 13:40:00+00:00,4144.775,4144.865,4140.765,4141.905,0.048
2026-10-05 13:41:00+00:00,4141.905,4142.785,4140.795,4142.235,0.043
2026-10-05 13:42:00+00:00,4142.135,4143.795,4141.075,4143.465,0.033
2026-10-05 13:43:00+00:00,4143.605,4143.605,4140.025,4140.565,0.014
2026-10-05 13:44:00+00:00,4140.415,4140.775,4137.965,4138.735,0.015
2026-10-05 13:45:00+00:00,4138.735,4139.685,4135.445,4135.685,0.02
2026-10-05 13:46:00+00:00,4135.535,4135.535,4131.775,4133.955,0.03
2026-10-05 13:47:00+00:00,4134.105,4138.715,4134.095,4137.435,0.036
2026-10-05 13:48:00+00:00,4137.445,4139.645,4137.405,4138.405,0.048
2026-10-05 13:49:00+00:00,4138.395,4139.795,4137.285,4139.345,0.048
2026-10-05 13:50:00+00:00,4139.495,4142.765,4138.895,4141.535,0.048
2026-10-05 13:51:00+00:00,4141.645,4143.815,4140.625,4142.775,0.047
2026-10-05 13:52:00+00:00,4142.845,4143.495,4142.025,4142.205,0.041
2026-10-05 13:53:00+00:00,4142.235,4142.745,4141.165,4142.265,0.042
2026-10-05 13:54:00+00:00,4142.225,4145.385,4140.265,4140.275,0.049
2026-10-05 13:55:00+00:00,4140.335,4140.415,4138.465,4138.495,0.043
2026-10-05 13:56:00+00:00,4138.505,4139.455,4136.215,4136.455,0.042
2026-10-05 13:57:00+00:00,4136.455,4136.725,4134.955,4136.285,0.024
2026-10-05 13:58:00+00:00,4136.165,4136.765,4134.785,4135.095,0.011
2026-10-05 13:59:00+00:00,4135.095,4137.374,4134.965,4136.535,0.025
2026-10-05 14:00:00+00:00,4137.74,4139.955,4135.985,4139.955,0.042
2026-10-05 14:01:00+00:00,4139.905,4145.145,4138.595,4144.135,0.046
2026-10-05 14:02:00+00:00,4144.345,4145.005,4143.025,4144.155,0.047
2026-10-05 14:03:00+00:00,4144.125,4146.745,4143.975,4146.555,0.046
2026-10-05 14:04:00+00:00,4146.555,4146.765,4139.145,4139.305,0.047
2026-10-05 14:05:00+00:00,4139.305,4143.145,4139.305,4142.805,0.043
2026-10-05 14:06:00+00:00,4142.675,4143.765,4141.025,4141.665,0.049
2026-10-05 14:07:00+00:00,4141.835,4142.725,4140.495,4140.635,0.043
2026-10-05 14:08:00+00:00,4140.645,4147.925,4139.365,4145.565,0.051
2026-10-05 14:09:00+00:00,4145.525,4146.345,4141.835,4146.345,0.046
2026-10-05 14:10:00+00:00,4145.365,4147.025,4141.425,4142.045,0.048
2026-10-05 14:11:00+00:00,4142.045,4143.685,4141.035,4143.075,0.044
2026-10-05 14:12:00+00:00,4143.005,4143.525,4140.845,4141.525,0.047
2026-10-05 14:13:00+00:00,4141.525,4143.825,4141.525,4143.825,0.045
2026-10-05 14:14:00+00:00,4143.785,4143.815,4142.515,4142.835,0.041
2026-10-05 14:15:00+00:00,4142.865,4143.215,4141.835,4142.155,0.044
2026-10-05 14:16:00+00:00,4142.185,4142.185,4139.585,4139.875,0.042
2026-10-05 14:17:00+00:00,4139.785,4142.395,4139.325,4142.075,0.036
2026-10-05 14:18:00+00:00,4142.105,4142.185,4140.605,4140.885,0.035
2026-10-05 14:19:00+00:00,4140.955,4141.845,4139.705,4139.705,0.034
2026-10-05 14:20:00+00:00,4139.785,4142.035,4139.665,4141.555,0.04
2026-10-05 14:21:00+00:00,4141.585,4141.975,4139.495,4140.935,0.043
2026-10-05 14:22:00+00:00,4140.895,4142.695,4140.565,4141.855,0.044
2026-10-05 14:23:00+00:00,4141.765,4142.765,4139.945,4140.925,0.04
2026-10-05 14:24:00+00:00,4140.925,4142.335,4140.725,4140.855,0.031
2026-10-05 14:25:00+00:00,4140.835,4140.835,4138.625,4140.535,0.043
2026-10-05 14:26:00+00:00,4140.535,4142.595,4140.345,4141.905,0.04
2026-10-05 14:27:00+00:00,4141.825,4141.905,4139.805,4140.125,0.036
2026-10-05 14:28:00+00:00,4140.165,4141.045,4138.505,4138.635,0.039
2026-10-05 14:29:00+00:00,4138.685,4138.905,4137.405,4138.095,0.039
2026-10-05 14:30:00+00:00,4138.055,4138.225,4135.995,4136.545,0.048
2026-10-05 14:31:00+00:00,4136.645,4137.125,4134.025,4136.375,0.041
2026-10-05 14:32:00+00:00,4136.315,4137.315,4134.765,4135.555,0.047
2026-10-05 14:33:00+00:00,4135.555,4135.715,4133.755,4133.875,0.043
2026-10-05 14:34:00+00:00,4133.845,4135.475,4133.075,4134.725,0.044
2026-10-05 14:35:00+00:00,4134.725,4136.865,4134.145,4135.405,0.039
2026-10-05 14:36:00+00:00,4135.395,4136.645,4135.025,4135.945,0.041
2026-10-05 14:37:00+00:00,4135.965,4137.145,4135.545,4136.525,0.037
2026-10-05 14:38:00+00:00,4136.525,4137.325,4136.125,4136.535,0.033
2026-10-05 14:39:00+00:00,4136.535,4138.595,4135.275,4138.065,0.036
2026-10-05 14:40:00+00:00,4138.055,4139.935,4137.325,4139.855,0.035
2026-10-05 14:41:00+00:00,4139.875,4142.055,4139.835,4141.965,0.042
2026-10-05 14:42:00+00:00,4141.965,4142.745,4140.795,4141.005,0.041
2026-10-05 14:43:00+00:00,4140.985,4142.905,4140.245,4141.345,0.038
2026-10-05 14:44:00+00:00,4141.275,4142.005,4140.635,4141.135,0.031
2026-10-05 14:45:00+00:00,4141.185,4141.585,4138.105,4138.595,0.038
2026-10-05 14:46:00+00:00,4138.525,4139.195,4137.405,4139.075,0.038
2026-10-05 14:47:00+00:00,4139.075,4141.605,4138.655,4141.485,0.038
2026-10-05 14:48:00+00:00,4141.595,4142.065,4139.905,4140.885,0.037
2026-10-05 14:49:00+00:00,4140.875,4142.565,4140.705,4141.685,0.034
2026-10-05 14:50:00+00:00,4141.645,4143.485,4141.485,4142.935,0.036
2026-10-05 14:51:00+00:00,4142.995,4144.705,4142.355,4144.215,0.037
2026-10-05 14:52:00+00:00,4144.155,4144.675,4142.885,4143.635,0.038
2026-10-05 14:53:00+00:00,4143.705,4145.615,4143.615,4145.585,0.034
2026-10-05 14:54:00+00:00,4145.545,4147.445,4145.465,4146.785,0.033
2026-10-05 14:55:00+00:00,4146.765,4146.845,4143.955,4145.045,0.038
2026-10-05 14:56:00+00:00,4145.005,4146.635,4144.765,4146.275,0.034
2026-10-05 14:57:00+00:00,4146.335,4148.135,4145.895,4147.565,0.039
2026-10-05 14:58:00+00:00,4147.595,4148.175,4147.355,4147.815,0.031
2026-10-05 14:59:00+00:00,4147.875,4148.705,4146.955,4147.345,0.027
2026-10-05 15:00:00+00:00,4147.355,4148.555,4146.915,4147.545,0.04
2026-10-05 15:01:00+00:00,4147.445,4147.525,4144.925,4145.845,0.033
2026-10-05 15:02:00+00:00,4145.845,4145.905,4144.305,4144.845,0.038
2026-10-05 15:03:00+00:00,4144.965,4145.335,4143.435,4143.765,0.039
2026-10-05 15:04:00+00:00,4143.755,4144.415,4143.175,4144.195,0.031
2026-10-05 15:05:00+00:00,4144.225,4144.225,4142.545,4142.555,0.034
2026-10-05 15:06:00+00:00,4142.545,4143.345,4142.165,4143.195,0.038
2026-10-05 15:07:00+00:00,4143.175,4143.175,4141.415,4141.995,0.032
2026-10-05 15:08:00+00:00,4142.925,4143.705,4142.925,4143.215,0.032
2026-10-05 15:09:00+00:00,4143.305,4143.835,4141.105,4141.275,0.032
2026-10-05 15:10:00+00:00,4141.185,4141.185,4139.575,4141.045,0.038
2026-10-05 15:11:00+00:00,4141.045,4141.075,4139.585,4140.635,0.033
2026-10-05 15:12:00+00:00,4140.625,4141.985,4139.855,4140.085,0.032
2026-10-05 15:13:00+00:00,4140.235,4140.685,4139.685,4140.105,0.03
2026-10-05 15:14:00+00:00,4140.105,4140.105,4138.315,4138.565,0.031
2026-10-05 15:15:00+00:00,4138.655,4139.105,4136.435,4137.245,0.033
2026-10-05 15:16:00+00:00,4137.245,4137.615,4135.065,4136.705,0.037
2026-10-05 15:17:00+00:00,4136.705,4137.185,4135.255,4136.855,0.033
2026-10-05 15:18:00+00:00,4136.765,4137.345,4135.875,4137.345,0.027
2026-10-05 15:19:00+00:00,4137.405,4137.655,4136.835,4137.175,0.024
2026-10-05 15:20:00+00:00,4137.105,4137.575,4133.625,4133.855,0.033
2026-10-05 15:21:00+00:00,4133.685,4133.755,4129.415,4129.415,0.042
2026-10-05 15:22:00+00:00,4129.405,4130.145,4123.844,4127.935,0.047
2026-10-05 15:23:00+00:00,4127.835,4131.115,4127.835,4130.275,0.047
2026-10-05 15:24:00+00:00,4130.275,4133.945,4130.265,4133.215,0.041
2026-10-05 15:25:00+00:00,4133.225,4135.625,4132.635,4135.385,0.04
2026-10-05 15:26:00+00:00,4135.385,4136.635,4135.245,4136.565,0.034
2026-10-05 15:27:00+00:00,4136.715,4138.045,4135.945,4137.735,0.034
2026-10-05 15:28:00+00:00,4137.685,4140.655,4137.305,4139.565,0.035
2026-10-05 15:29:00+00:00,4139.525,4141.355,4139.195,4139.725,0.044
2026-10-05 15:30:00+00:00,4139.715,4140.385,4138.345,4138.345,0.04
2026-10-05 15:31:00+00:00,4138.345,4138.845,4136.385,4136.815,0.032
2026-10-05 15:32:00+00:00,4136.795,4138.495,4136.375,4138.405,0.029
2026-10-05 15:33:00+00:00,4138.475,4138.615,4136.945,4137.875,0.03
2026-10-05 15:34:00+00:00,4137.775,4138.545,4136.985,4138.465,0.03
2026-10-05 15:35:00+00:00,4138.455,4138.885,4137.345,4137.835,0.03
2026-10-05 15:36:00+00:00,4137.775,4138.195,4136.375,4137.555,0.029
2026-10-05 15:37:00+00:00,4137.565,4138.185,4137.415,4137.795,0.026
2026-10-05 15:38:00+00:00,4137.895,4138.865,4137.765,4138.475,0.03
2026-10-05 15:39:00+00:00,4138.495,4138.695,4137.995,4138.315,0.021
2026-10-05 15:40:00+00:00,4138.355,4138.925,4137.515,4138.685,0.021
2026-10-05 15:41:00+00:00,4138.705,4139.405,4137.765,4138.625,0.024
2026-10-05 15:42:00+00:00,4138.615,4139.335,4137.835,4138.085,0.018
2026-10-05 15:43:00+00:00,4138.055,4138.765,4138.005,4138.505,0.018
2026-10-05 15:44:00+00:00,4138.655,4138.745,4136.195,4136.775,0.021
2026-10-05 15:45:00+00:00,4136.615,4136.725,4134.275,4134.305,0.031
2026-10-05 15:46:00+00:00,4134.435,4135.305,4134.045,4135.205,0.026
2026-10-05 15:47:00+00:00,4135.205,4135.255,4134.165,4135.065,0.019
2026-10-05 15:48:00+00:00,4135.065,4136.925,4135.065,4136.355,0.022
2026-10-05 15:49:00+00:00,4136.355,4137.665,4135.515,4137.505,0.028
2026-10-05 15:50:00+00:00,4137.645,4138.265,4136.775,4137.355,0.026
2026-10-05 15:51:00+00:00,4137.505,4138.805,4136.705,4138.685,0.028
2026-10-05 15:52:00+00:00,4138.685,4138.815,4137.405,4138.815,0.025
2026-10-05 15:53:00+00:00,4138.705,4138.905,4137.195,4137.245,0.021
2026-10-05 15:54:00+00:00,4137.235,4138.915,4137.235,4137.965,0.031
2026-10-05 15:55:00+00:00,4137.925,4138.335,4136.865,4138.335,0.029
2026-10-05 15:56:00+00:00,4138.305,4139.655,4137.285,4139.565,0.034
2026-10-05 15:57:00+00:00,4139.575,4139.855,4138.155,4138.205,0.02
2026-10-05 15:58:00+00:00,4138.315,4138.355,4136.805,4137.175,0.021
2026-10-05 15:59:00+00:00,4137.055,4137.555,4136.785,4137.065,0.019
2026-10-05 16:00:00+00:00,4137.055,4137.215,4135.215,4135.215,0.03
2026-10-05 16:01:00+00:00,4135.295,4135.575,4134.125,4134.655,0.026
2026-10-05 16:02:00+00:00,4134.655,4134.715,4133.685,4133.895,0.026
2026-10-05 16:03:00+00:00,4133.995,4134.075,4132.115,4132.175,0.026
2026-10-05 16:04:00+00:00,4132.175,4133.485,4132.175,4133.015,0.026
2026-10-05 16:05:00+00:00,4132.875,4132.975,4132.155,4132.505,0.025
2026-10-05 16:06:00+00:00,4132.505,4132.945,4131.805,4132.005,0.027
2026-10-05 16:07:00+00:00,4132.085,4133.015,4131.665,4132.485,0.023
2026-10-05 16:08:00+00:00,4132.485,4133.175,4132.385,4132.995,0.015
2026-10-05 16:09:00+00:00,4132.995,4133.945,4132.815,4133.915,0.014
2026-10-05 16:10:00+00:00,4133.945,4134.275,4133.305,4133.885,0.022
2026-10-05 16:11:00+00:00,4134.045,4134.185,4131.465,4131.505,0.025
2026-10-05 16:12:00+00:00,4131.505,4132.495,4131.425,4132.105,0.021
2026-10-05 16:13:00+00:00,4132.115,4132.155,4129.645,4129.955,0.02
2026-10-05 16:14:00+00:00,4129.955,4130.605,4129.915,4130.165,0.019
2026-10-05 16:15:00+00:00,4130.135,4130.765,4128.505,4128.735,0.023
2026-10-05 16:16:00+00:00,4128.705,4128.705,4127.525,4128.325,0.027
2026-10-05 16:17:00+00:00,4128.375,4129.335,4128.315,4129.175,0.019
2026-10-05 16:18:00+00:00,4129.295,4129.995,4128.865,4129.305,0.021
2026-10-05 16:19:00+00:00,4129.205,4129.505,4128.005,4129.165,0.023
2026-10-05 16:20:00+00:00,4129.155,4129.685,4128.585,4129.465,0.02
2026-10-05 16:21:00+00:00,4129.375,4129.795,4128.285,4129.695,0.026
2026-10-05 16:22:00+00:00,4129.685,4130.405,4129.325,4129.695,0.022
2026-10-05 16:23:00+00:00,4129.645,4130.225,4129.395,4129.865,0.017
2026-10-05 16:24:00+00:00,4129.865,4130.405,4129.035,4129.385,0.019
2026-10-05 16:25:00+00:00,4129.465,4129.745,4127.835,4128.125,0.031
2026-10-05 16:26:00+00:00,4128.125,4128.335,4127.325,4127.825,0.022
2026-10-05 16:27:00+00:00,4127.825,4128.185,4126.525,4127.465,0.021
2026-10-05 16:28:00+00:00,4127.425,4129.205,4127.305,4128.275,0.027
2026-10-05 16:29:00+00:00,4128.275,4129.005,4127.595,4128.095,0.023
2026-10-05 16:30:00+00:00,4128.095,4129.745,4127.845,4129.535,0.026
2026-10-05 16:31:00+00:00,4129.585,4129.595,4128.485,4129.385,0.026
2026-10-05 16:32:00+00:00,4129.285,4130.365,4128.715,4128.715,0.025
2026-10-05 16:33:00+00:00,4128.755,4129.995,4128.755,4129.545,0.023
2026-10-05 16:34:00+00:00,4129.775,4130.445,4128.935,4128.995,0.022
2026-10-05 16:35:00+00:00,4129.095,4130.375,4129.055,4129.415,0.023
2026-10-05 16:36:00+00:00,4129.425,4130.395,4129.105,4129.575,0.024
2026-10-05 16:37:00+00:00,4129.555,4130.025,4128.745,4129.185,0.019
2026-10-05 16:38:00+00:00,4129.125,4129.615,4128.865,4129.615,0.016
2026-10-05 16:39:00+00:00,4129.595,4131.325,4129.245,4130.795,0.018
2026-10-05 16:40:00+00:00,4130.795,4131.065,4129.985,4130.375,0.016
2026-10-05 16:41:00+00:00,4130.275,4130.465,4129.475,4129.615,0.018
2026-10-05 16:42:00+00:00,4129.615,4130.605,4129.555,4130.605,0.017
2026-10-05 16:43:00+00:00,4130.605,4131.405,4130.585,4130.965,0.02
2026-10-05 16:44:00+00:00,4130.955,4131.685,4130.905,4131.345,0.013
2026-10-05 16:45:00+00:00,4131.275,4131.525,4130.385,4130.845,0.017
2026-10-05 16:46:00+00:00,4130.885,4130.885,4128.875,4128.975,0.018
2026-10-05 16:47:00+00:00,4128.955,4129.645,4128.955,4129.305,0.016
2026-10-05 16:48:00+00:00,4129.255,4130.585,4129.255,4130.585,0.017
2026-10-05 16:49:00+00:00,4130.565,4130.565,4129.265,4129.315,0.014
2026-10-05 16:50:00+00:00,4129.335,4130.255,4129.275,4130.255,0.012
2026-10-05 16:51:00+00:00,4130.255,4131.615,4130.255,4130.825,0.016
2026-10-05 16:52:00+00:00,4130.815,4132.545,4130.815,4132.525,0.016
2026-10-05 16:53:00+00:00,4132.505,4132.675,4131.495,4131.655,0.019
2026-10-05 16:54:00+00:00,4131.655,4132.335,4131.365,4132.075,0.013
2026-10-05 16:55:00+00:00,4132.105,4132.165,4131.215,4131.535,0.013
2026-10-05 16:56:00+00:00,4131.545,4133.425,4131.265,4132.325,0.023
2026-10-05 16:57:00+00:00,4132.315,4132.575,4131.545,4131.875,0.02
2026-10-05 16:58:00+00:00,4131.965,4132.555,4131.825,4132.045,0.014
2026-10-05 16:59:00+00:00,4132.185,4132.195,4130.405,4130.665,0.031
2026-10-05 17:00:00+00:00,4130.735,4132.045,4130.735,4132.045,0.027
2026-10-05 17:01:00+00:00,4132.065,4132.495,4131.575,4131.625,0.024
2026-10-05 17:02:00+00:00,4131.765,4132.055,4129.965,4130.125,0.021
2026-10-05 17:03:00+00:00,4130.025,4130.605,4129.555,4130.475,0.015
2026-10-05 17:04:00+00:00,4130.475,4131.565,4130.385,4130.795,0.024
2026-10-05 17:05:00+00:00,4130.775,4130.775,4129.645,4129.845,0.017
2026-10-05 17:06:00+00:00,4129.835,4130.945,4129.835,4130.095,0.017
2026-10-05 17:07:00+00:00,4130.225,4130.685,4130.015,4130.155,0.014
2026-10-05 17:08:00+00:00,4130.245,4130.245,4128.795,4128.815,0.014
2026-10-05 17:09:00+00:00,4128.815,4128.855,4127.315,4127.315,0.018
2026-10-05 17:10:00+00:00,4127.315,4127.805,4126.665,4126.975,0.021
2026-10-05 17:11:00+00:00,4126.885,4127.495,4125.845,4127.235,0.027
2026-10-05 17:12:00+00:00,4127.145,4127.365,4126.455,4126.515,0.021
2026-10-05 17:13:00+00:00,4126.555,4126.975,4126.415,4126.665,0.015
2026-10-05 17:14:00+00:00,4126.685,4129.055,4126.545,4128.915,0.019
2026-10-05 17:15:00+00:00,4128.905,4130.775,4128.805,4130.185,0.027
2026-10-05 17:16:00+00:00,4130.165,4130.165,4127.965,4127.965,0.021
2026-10-05 17:17:00+00:00,4127.955,4128.125,4126.925,4127.335,0.024
2026-10-05 17:18:00+00:00,4127.335,4127.705,4126.395,4127.185,0.026
2026-10-05 17:19:00+00:00,4127.285,4127.785,4126.915,4127.785,0.017
2026-10-05 17:20:00+00:00,4127.685,4129.135,4127.685,4128.765,0.017
2026-10-05 17:21:00+00:00,4128.775,4129.735,4128.445,4129.425,0.016
2026-10-05 17:22:00+00:00,4129.425,4130.685,4129.425,4130.595,0.018
2026-10-05 17:23:00+00:00,4130.525,4131.435,4130.525,4130.545,0.022
2026-10-05 17:24:00+00:00,4130.545,4131.095,4130.435,4131.015,0.023
2026-10-05 17:25:00+00:00,4131.125,4131.425,4130.575,4130.735,0.019
2026-10-05 17:26:00+00:00,4130.735,4130.735,4129.325,4129.895,0.017
2026-10-05 17:27:00+00:00,4129.895,4129.895,4129.315,4129.735,0.017
2026-10-05 17:28:00+00:00,4129.795,4131.115,4129.535,4129.605,0.018
2026-10-05 17:29:00+00:00,4129.295,4130.445,4128.855,4130.115,0.034
2026-10-05 17:30:00+00:00,4130.145,4131.255,4128.685,4129.015,0.023
2026-10-05 17:31:00+00:00,4129.015,4129.985,4128.995,4129.555,0.016
2026-10-05 17:32:00+00:00,4129.775,4130.155,4128.645,4128.775,0.018
2026-10-05 17:33:00+00:00,4128.725,4129.525,4128.475,4129.345,0.018
2026-10-05 17:34:00+00:00,4129.325,4129.665,4129.205,4129.505,0.014
2026-10-05 17:35:00+00:00,4129.465,4129.945,4129.225,4129.345,0.013
2026-10-05 17:36:00+00:00,4128.965,4129.045,4128.335,4128.375,0.015
2026-10-05 17:37:00+00:00,4128.495,4128.705,4127.655,4128.705,0.016
2026-10-05 17:38:00+00:00,4128.575,4130.225,4128.565,4130.225,0.015
2026-10-05 17:39:00+00:00,4130.225,4130.645,4129.805,4130.065,0.015
2026-10-05 17:40:00+00:00,4130.065,4130.465,4129.875,4130.295,0.013
2026-10-05 17:41:00+00:00,4130.295,4132.045,4130.115,4131.765,0.013
2026-10-05 17:42:00+00:00,4131.765,4132.855,4131.715,4131.965,0.019
2026-10-05 17:43:00+00:00,4131.995,4133.525,4131.995,4133.085,0.017
2026-10-05 17:44:00+00:00,4133.085,4133.085,4132.285,4132.765,0.018
2026-10-05 17:45:00+00:00,4132.775,4133.225,4132.125,4132.335,0.021
2026-10-05 17:46:00+00:00,4132.315,4132.615,4131.915,4132.345,0.014
2026-10-05 17:47:00+00:00,4132.375,4132.585,4132.155,4132.465,0.011
2026-10-05 17:48:00+00:00,4132.495,4133.935,4132.495,4133.935,0.013
2026-10-05 17:49:00+00:00,4133.915,4134.445,4133.635,4134.445,0.015
2026-10-05 17:50:00+00:00,4134.495,4136.325,4134.495,4136.175,0.019
2026-10-05 17:51:00+00:00,4136.195,4136.445,4136.125,4136.175,0.012
2026-10-05 17:52:00+00:00,4136.215,4137.025,4135.695,4135.735,0.018
2026-10-05 17:53:00+00:00,4135.725,4136.665,4135.715,4136.495,0.015
2026-10-05 17:54:00+00:00,4136.505,4136.655,4135.625,4135.785,0.013
2026-10-05 17:55:00+00:00,4135.835,4136.565,4135.835,4136.065,0.014
2026-10-05 17:56:00+00:00,4136.075,4136.255,4135.715,4136.165,0.009
2026-10-05 17:57:00+00:00,4136.225,4136.975,4135.805,4136.565,0.015
2026-10-05 17:58:00+00:00,4136.595,4136.605,4135.865,4136.135,0.012
2026-10-05 17:59:00+00:00,4136.125,4137.215,4136.125,4137.095,0.015
2026-10-05 18:00:00+00:00,4137.175,4138.905,4137.175,4138.805,0.027
2026-10-05 18:01:00+00:00,4138.815,4139.795,4138.705,4139.455,0.018
2026-10-05 18:02:00+00:00,4139.425,4139.935,4139.025,4139.775,0.016
2026-10-05 18:03:00+00:00,4139.775,4140.745,4139.625,4140.385,0.016
2026-10-05 18:04:00+00:00,4140.375,4140.655,4140.005,4140.515,0.013
2026-10-05 18:05:00+00:00,4140.475,4142.045,4139.265,4141.485,0.027
2026-10-05 18:06:00+00:00,4141.435,4141.655,4140.245,4140.545,0.02
2026-10-05 18:07:00+00:00,4140.525,4140.535,4139.725,4140.405,0.017
2026-10-05 18:08:00+00:00,4140.405,4140.625,4139.505,4139.575,0.016
2026-10-05 18:09:00+00:00,4139.635,4139.865,4139.285,4139.625,0.012
2026-10-05 18:10:00+00:00,4139.625,4139.725,4138.715,4139.075,0.014
2026-10-05 18:11:00+00:00,4139.015,4139.095,4136.805,4136.805,0.017
2026-10-05 18:12:00+00:00,4136.855,4137.095,4135.705,4136.515,0.025
2026-10-05 18:13:00+00:00,4136.505,4136.995,4136.025,4136.645,0.018
2026-10-05 18:14:00+00:00,4136.645,4136.815,4136.315,4136.505,0.013
2026-10-05 18:15:00+00:00,4136.675,4136.815,4135.865,4136.435,0.015
2026-10-05 18:16:00+00:00,4136.445,4136.595,4135.895,4136.165,0.016
2026-10-05 18:17:00+00:00,4136.095,4137.005,4136.095,4136.715,0.015
2026-10-05 18:18:00+00:00,4136.735,4137.195,4136.395,4137.185,0.016
2026-10-05 18:19:00+00:00,4137.325,4137.465,4135.805,4135.805,0.017
2026-10-05 18:20:00+00:00,4135.815,4136.225,4135.235,4135.325,0.018
2026-10-05 18:21:00+00:00,4135.365,4136.565,4135.255,4135.605,0.019
2026-10-05 18:22:00+00:00,4135.595,4135.745,4135.035,4135.495,0.011
2026-10-05 18:23:00+00:00,4135.505,4135.915,4135.455,4135.745,0.013
2026-10-05 18:24:00+00:00,4135.775,4135.775,4134.025,4134.105,0.016
2026-10-05 18:25:00+00:00,4134.065,4134.855,4133.945,4134.195,0.017
2026-10-05 18:26:00+00:00,4134.165,4134.485,4134.005,4134.055,0.013
2026-10-05 18:27:00+00:00,4134.025,4134.685,4134.025,4134.215,0.011
2026-10-05 18:28:00+00:00,4134.215,4138.845,4134.215,4138.115,0.045
2026-10-05 18:29:00+00:00,4138.105,4138.905,4137.375,4137.435,0.032
2026-10-05 18:30:00+00:00,4137.485,4140.165,4137.485,4140.095,0.04
2026-10-05 18:31:00+00:00,4140.045,4140.565,4138.935,4139.745,0.03
2026-10-05 18:32:00+00:00,4139.685,4139.745,4138.155,4138.175,0.022
2026-10-05 18:33:00+00:00,4138.175,4138.175,4136.155,4136.585,0.02
2026-10-05 18:34:00+00:00,4136.515,4137.725,4136.245,4137.545,0.021
2026-10-05 18:35:00+00:00,4137.615,4138.935,4137.615,4138.785,0.02
2026-10-05 18:36:00+00:00,4138.785,4138.785,4138.235,4138.315,0.017
2026-10-05 18:37:00+00:00,4138.315,4138.455,4136.865,4136.985,0.019
2026-10-05 18:38:00+00:00,4136.985,4137.325,4136.285,4137.325,0.017
2026-10-05 18:39:00+00:00,4137.325,4137.935,4137.135,4137.325,0.016
2026-10-05 18:40:00+00:00,4137.165,4138.145,4136.875,4138.145,0.016
2026-10-05 18:41:00+00:00,4138.135,4138.565,4138.025,4138.165,0.015
2026-10-05 18:42:00+00:00,4138.165,4139.115,4138.015,4138.955,0.015
2026-10-05 18:43:00+00:00,4138.965,4139.235,4137.795,4138.005,0.016
2026-10-05 18:44:00+00:00,4137.995,4138.205,4137.795,4137.985,0.01
2026-10-05 18:45:00+00:00,4137.965,4138.775,4137.845,4138.615,0.018
2026-10-05 18:46:00+00:00,4138.615,4139.615,4138.615,4139.405,0.016
2026-10-05 18:47:00+00:00,4139.425,4140.055,4139.325,4139.805,0.015
2026-10-05 18:48:00+00:00,4139.825,4140.445,4139.825,4139.905,0.014
2026-10-05 18:49:00+00:00,4139.875,4140.785,4139.735,4140.375,0.014
2026-10-05 18:50:00+00:00,4140.285,4140.405,4139.725,4140.405,0.013
2026-10-05 18:51:00+00:00,4140.315,4141.025,4139.855,4140.745,0.014
2026-10-05 18:52:00+00:00,4140.745,4141.825,4140.735,4141.365,0.016
2026-10-05 18:53:00+00:00,4141.365,4142.025,4141.195,4141.745,0.012
2026-10-05 18:54:00+00:00,4141.745,4142.375,4141.695,4142.115,0.016
2026-10-05 18:55:00+00:00,4142.115,4142.945,4141.685,4141.995,0.019
2026-10-05 18:56:00+00:00,4141.915,4142.025,4141.505,4141.915,0.012
2026-10-05 18:57:00+00:00,4142.035,4142.965,4142.035,4142.755,0.014
2026-10-05 18:58:00+00:00,4142.755,4143.335,4142.415,4142.625,0.022
2026-10-05 18:59:00+00:00,4142.545,4143.355,4142.015,4143.355,0.027
2026-10-05 19:00:00+00:00,4143.455,4144.165,4142.515,4144.015,0.021
2026-10-05 19:01:00+00:00,4143.965,4144.145,4143.105,4143.175,0.025
2026-10-05 19:02:00+00:00,4143.175,4143.475,4142.215,4143.095,0.025
2026-10-05 19:03:00+00:00,4143.055,4143.545,4142.805,4143.115,0.018
2026-10-05 19:04:00+00:00,4143.275,4143.545,4142.745,4142.875,0.018
2026-10-05 19:05:00+00:00,4142.875,4143.355,4141.605,4142.135,0.028
2026-10-05 19:06:00+00:00,4142.215,4142.325,4141.135,4141.365,0.019
2026-10-05 19:07:00+00:00,4141.415,4141.495,4140.685,4140.875,0.016
2026-10-05 19:08:00+00:00,4140.875,4141.315,4140.335,4140.345,0.017
2026-10-05 19:09:00+00:00,4140.385,4141.115,4139.945,4140.475,0.015
2026-10-05 19:10:00+00:00,4140.475,4141.035,4140.475,4140.775,0.015
2026-10-05 19:11:00+00:00,4140.765,4141.165,4140.575,4141.095,0.013
2026-10-05 19:12:00+00:00,4141.095,4142.375,4140.825,4141.875,0.018
2026-10-05 19:13:00+00:00,4141.765,4142.185,4141.605,4141.865,0.012
2026-10-05 19:14:00+00:00,4141.685,4142.625,4141.075,4141.235,0.016
2026-10-05 19:15:00+00:00,4141.195,4141.985,4140.975,4141.715,0.015
2026-10-05 19:16:00+00:00,4141.655,4141.665,4140.285,4140.605,0.014
2026-10-05 19:17:00+00:00,4140.655,4140.655,4139.495,4139.985,0.014
2026-10-05 19:18:00+00:00,4140.085,4140.605,4139.715,4140.555,0.014
2026-10-05 19:19:00+00:00,4140.605,4141.425,4140.605,4140.765,0.018
2026-10-05 19:20:00+00:00,4140.775,4141.365,4140.625,4141.115,0.016
2026-10-05 19:21:00+00:00,4140.995,4141.755,4140.365,4141.385,0.02
2026-10-05 19:22:00+00:00,4141.435,4141.645,4140.755,4140.825,0.022
2026-10-05 19:23:00+00:00,4140.785,4141.755,4140.765,4141.435,0.017
2026-10-05 19:24:00+00:00,4141.325,4141.725,4140.795,4141.385,0.017
2026-10-05 19:25:00+00:00,4141.455,4142.595,4141.295,4142.595,0.017
2026-10-05 19:26:00+00:00,4142.595,4142.795,4141.905,4142.095,0.015
2026-10-05 19:27:00+00:00,4142.125,4142.325,4141.275,4142.245,0.017
2026-10-05 19:28:00+00:00,4142.265,4143.555,4142.065,4143.425,0.021
2026-10-05 19:29:00+00:00,4143.365,4143.425,4142.265,4142.525,0.017
2026-10-05 19:30:00+00:00,4142.415,4142.515,4142.035,4142.375,0.021
2026-10-05 19:31:00+00:00,4142.375,4143.725,4142.375,4143.295,0.022
2026-10-05 19:32:00+00:00,4143.175,4143.195,4142.575,4143.035,0.019
2026-10-05 19:33:00+00:00,4143.035,4143.835,4142.745,4143.775,0.013
2026-10-05 19:34:00+00:00,4143.835,4144.235,4143.685,4143.975,0.017
2026-10-05 19:35:00+00:00,4143.975,4144.245,4142.735,4142.765,0.021
2026-10-05 19:36:00+00:00,4142.805,4143.595,4142.275,4143.125,0.02
2026-10-05 19:37:00+00:00,4143.105,4143.265,4142.435,4143.165,0.014
2026-10-05 19:38:00+00:00,4143.185,4143.835,4143.135,4143.455,0.016
2026-10-05 19:39:00+00:00,4143.455,4144.015,4143.415,4143.475,0.012
2026-10-05 19:40:00+00:00,4143.475,4144.125,4143.475,4144.125,0.013
2026-10-05 19:41:00+00:00,4144.135,4144.455,4143.315,4143.395,0.015
2026-10-05 19:42:00+00:00,4143.435,4143.565,4142.915,4143.145,0.013
2026-10-05 19:43:00+00:00,4143.145,4143.345,4142.995,4143.065,0.016
2026-10-05 19:44:00+00:00,4143.065,4143.255,4142.465,4142.625,0.016
2026-10-05 19:45:00+00:00,4142.685,4142.835,4142.135,4142.135,0.031
2026-10-05 19:46:00+00:00,4142.255,4142.745,4141.685,4141.685,0.018
2026-10-05 19:47:00+00:00,4141.685,4141.735,4141.305,4141.585,0.014
2026-10-05 19:48:00+00:00,4141.585,4141.775,4141.115,4141.665,0.013
2026-10-05 19:49:00+00:00,4141.665,4141.925,4141.385,4141.625,0.018
2026-10-05 19:50:00+00:00,4141.625,4141.735,4140.735,4141.065,0.028
2026-10-05 19:51:00+00:00,4141.055,4141.055,4140.505,4140.845,0.015
2026-10-05 19:52:00+00:00,4140.885,4141.215,4139.895,4140.025,0.015
2026-10-05 19:53:00+00:00,4140.025,4140.495,4139.675,4139.995,0.016
2026-10-05 19:54:00+00:00,4140.055,4140.215,4139.335,4139.485,0.014
2026-10-05 19:55:00+00:00,4139.585,4140.855,4138.985,4140.785,0.023
2026-10-05 19:56:00+00:00,4140.665,4140.735,4139.675,4140.595,0.021
2026-10-05 19:57:00+00:00,4140.495,4141.185,4140.255,4141.035,0.023
2026-10-05 19:58:00+00:00,4141.155,4141.555,4140.505,4141.275,0.025
2026-10-05 19:59:00+00:00,4141.195,4141.275,4140.425,4141.105,0.035
2026-10-05 20:00:00+00:00,4141.105,4141.685,4140.605,4141.265,0.027
2026-10-05 20:01:00+00:00,4141.275,4141.275,4139.355,4139.545,0.014
2026-10-05 20:02:00+00:00,4139.475,4139.795,4137.995,4138.095,0.012
2026-10-05 20:03:00+00:00,4138.075,4138.825,4137.755,4138.795,0.013
2026-10-05 20:04:00+00:00,4138.825,4139.035,4138.075,4138.745,0.016
2026-10-05 20:05:00+00:00,4138.745,4138.965,4138.235,4138.235,0.014
2026-10-05 20:06:00+00:00,4138.135,4139.205,4138.135,4138.825,0.011
2026-10-05 20:07:00+00:00,4138.765,4139.305,4138.525,4139.305,0.008
2026-10-05 20:08:00+00:00,4139.305,4139.665,4139.025,4139.035,0.009
2026-10-05 20:09:00+00:00,4139.155,4139.735,4139.035,4139.045,0.009
2026-10-05 20:10:00+00:00,4138.995,4139.015,4138.775,4139.015,0.009
2026-10-05 20:11:00+00:00,4139.035,4139.625,4138.955,4139.305,0.009
2026-10-05 20:12:00+00:00,4139.315,4139.435,4139.065,4139.195,0.007
2026-10-05 20:13:00+00:00,4139.345,4139.345,4139.135,4139.215,0.005
2026-10-05 20:14:00+00:00,4139.215,4139.395,4139.065,4139.165,0.006
2026-10-05 20:15:00+00:00,4139.085,4139.845,4138.845,4139.745,0.011
2026-10-05 20:16:00+00:00,4139.715,4139.715,4138.845,4139.085,0.007
2026-10-05 20:17:00+00:00,4138.975,4139.625,4138.975,4139.475,0.008
2026-10-05 20:18:00+00:00,4139.425,4139.485,4139.245,4139.335,0.005
2026-10-05 20:19:00+00:00,4139.345,4139.385,4139.045,4139.325,0.007
2026-10-05 20:20:00+00:00,4139.265,4139.735,4138.985,4139.735,0.009
2026-10-05 20:21:00+00:00,4139.735,4141.305,4139.735,4141.305,0.01
2026-10-05 20:22:00+00:00,4141.305,4142.345,4141.175,4141.315,0.01
2026-10-05 20:23:00+00:00,4141.315,4141.665,4141.175,4141.275,0.006
2026-10-05 20:24:00+00:00,4141.275,4141.495,4140.785,4141.225,0.009
2026-10-05 20:25:00+00:00,4141.225,4141.655,4141.055,4141.655,0.007
2026-10-05 20:26:00+00:00,4141.795,4141.795,4141.265,4141.265,0.006
2026-10-05 20:27:00+00:00,4141.245,4141.305,4140.765,4140.785,0.005
2026-10-05 20:28:00+00:00,4140.825,4141.505,4140.745,4141.465,0.004
2026-10-05 20:29:00+00:00,4141.465,4142.085,4141.285,4141.335,0.006
2026-10-05 20:30:00+00:00,4141.365,4141.395,4140.805,4140.865,0.006
2026-10-05 20:31:00+00:00,4140.875,4141.275,4140.505,4140.755,0.008
2026-10-05 20:32:00+00:00,4140.755,4141.045,4140.425,4140.535,0.007
2026-10-05 20:33:00+00:00,4140.435,4140.435,4139.825,4139.885,0.006
2026-10-05 20:34:00+00:00,4140.035,4140.295,4139.565,4139.925,0.005
2026-10-05 20:35:00+00:00,4139.925,4140.175,4139.325,4139.325,0.007
2026-10-05 20:36:00+00:00,4139.315,4139.525,4139.125,4139.345,0.007
2026-10-05 20:37:00+00:00,4139.305,4139.755,4139.235,4139.645,0.006
2026-10-05 20:38:00+00:00,4139.705,4139.965,4139.605,4139.805,0.006
2026-10-05 20:39:00+00:00,4139.765,4139.885,4139.495,4139.655,0.008
2026-10-05 20:40:00+00:00,4139.505,4140.945,4139.505,4140.775,0.008
2026-10-05 20:41:00+00:00,4140.725,4140.745,4140.465,4140.745,0.008
2026-10-05 20:42:00+00:00,4140.735,4140.735,4140.475,4140.555,0.005
2026-10-05 20:43:00+00:00,4140.555,4140.565,4140.095,4140.205,0.006
2026-10-05 20:44:00+00:00,4140.205,4140.645,4140.095,4140.485,0.005
2026-10-05 20:45:00+00:00,4140.445,4141.155,4140.425,4141.155,0.008
2026-10-05 20:46:00+00:00,4141.455,4142.255,4141.455,4142.105,0.002
2026-10-05 20:47:00+00:00,4141.945,4141.945,4141.645,4141.815,0.001
2026-10-05 20:48:00+00:00,4141.915,4143.615,4141.915,4143.615,0.002
2026-10-05 20:49:00+00:00,4143.545,4143.545,4142.935,4143.045,0.002
2026-10-05 20:50:00+00:00,4142.905,4143.155,4142.355,4142.355,0.003
2026-10-05 20:51:00+00:00,4142.065,4142.425,4141.965,4142.425,0.002
2026-10-05 20:52:00+00:00,4142.565,4142.715,4142.175,4142.175,0.002
2026-10-05 20:53:00+00:00,4142.095,4142.375,4141.665,4141.795,0.002
2026-10-05 20:54:00+00:00,4141.695,4141.875,4141.545,4141.875,0.003
2026-10-05 20:55:00+00:00,4141.875,4142.575,4141.835,4142.195,0.003
2026-10-05 20:56:00+00:00,4142.195,4142.335,4141.865,4141.955,0.004
2026-10-05 20:57:00+00:00,4142.085,4142.315,4140.955,4140.955,0.003
2026-10-05 20:58:00+00:00,4140.955,4141.155,4140.805,4140.815,0.003
2026-10-05 20:59:00+00:00,4140.925,4140.925,4140.085,4140.345,0.005
2026-10-05 22:00:00+00:00,4143.345,4144.985,4142.435,4143.875,0.01
2026-10-05 22:01:00+00:00,4144.055,4144.605,4142.135,4142.835,0.009
2026-10-05 22:02:00+00:00,4142.545,4143.805,4142.395,4143.275,0.007
2026-10-05 22:03:00+00:00,4143.455,4145.625,4143.025,4145.015,0.005
2026-10-05 22:04:00+00:00,4145.025,4145.185,4143.835,4144.145,0.007
2026-10-05 22:05:00+00:00,4144.275,4144.675,4144.045,4144.505,0.005
2026-10-05 22:06:00+00:00,4144.345,4144.905,4143.835,4143.835,0.004
2026-10-05 22:07:00+00:00,4143.615,4144.095,4143.185,4143.445,0.003
2026-10-05 22:08:00+00:00,4143.485,4144.105,4143.185,4143.765,0.004
2026-10-05 22:09:00+00:00,4143.865,4143.865,4143.035,4143.645,0.004
2026-10-05 22:10:00+00:00,4143.325,4143.575,4142.875,4143.055,0.006
2026-10-05 22:11:00+00:00,4143.155,4143.265,4142.215,4143.075,0.005
2026-10-05 22:12:00+00:00,4142.965,4143.325,4142.635,4143.185,0.004
2026-10-05 22:13:00+00:00,4143.285,4143.355,4143.015,4143.105,0.001
2026-10-05 22:14:00+00:00,4143.205,4143.625,4143.075,4143.395,0.003
2026-10-05 22:15:00+00:00,4143.245,4143.485,4142.945,4143.335,0.005
2026-10-05 22:16:00+00:00,4143.445,4143.655,4142.935,4143.295,0.003
2026-10-05 22:17:00+00:00,4143.415,4143.785,4143.305,4143.605,0.004
2026-10-05 22:18:00+00:00,4143.545,4144.075,4143.435,4143.705,0.003
2026-10-05 22:19:00+00:00,4143.585,4143.895,4143.235,4143.475,0.004
2026-10-05 22:20:00+00:00,4143.255,4143.365,4142.745,4143.045,0.004
2026-10-05 22:21:00+00:00,4143.155,4143.305,4142.435,4143.225,0.003
2026-10-05 22:22:00+00:00,4143.115,4143.665,4142.885,4143.265,0.003
2026-10-05 22:23:00+00:00,4143.115,4143.555,4143.025,4143.515,0.004
2026-10-05 22:24:00+00:00,4143.345,4144.005,4143.225,4143.725,0.005
2026-10-05 22:25:00+00:00,4143.585,4143.965,4143.445,4143.525,0.003
2026-10-05 22:26:00+00:00,4143.625,4143.895,4143.455,4143.455,0.003
2026-10-05 22:27:00+00:00,4143.615,4143.615,4142.895,4142.895,0.003
2026-10-05 22:28:00+00:00,4142.895,4143.315,4142.895,4143.185,0.004
2026-10-05 22:29:00+00:00,4143.185,4143.385,4143.025,4143.115,0.003
2026-10-05 22:30:00+00:00,4143.305,4143.905,4143.205,4143.655,0.008
2026-10-05 22:31:00+00:00,4143.655,4143.925,4143.515,4143.755,0.004
2026-10-05 22:32:00+00:00,4143.975,4144.795,4143.625,4144.705,0.008
2026-10-05 22:33:00+00:00,4144.685,4144.715,4143.955,4144.115,0.003
2026-10-05 22:34:00+00:00,4144.275,4144.345,4143.965,4144.345,0.003
2026-10-05 22:35:00+00:00,4144.345,4144.865,4144.125,4144.245,0.005
2026-10-05 22:36:00+00:00,4144.315,4144.395,4144.125,4144.365,0.006
2026-10-05 22:37:00+00:00,4144.435,4144.825,4144.205,4144.825,0.005
2026-10-05 22:38:00+00:00,4144.805,4144.805,4144.295,4144.515,0.002
2026-10-05 22:39:00+00:00,4144.535,4144.605,4144.375,4144.605,0.002
2026-10-05 22:40:00+00:00,4144.715,4145.555,4144.715,4145.555,0.003
2026-10-05 22:41:00+00:00,4145.525,4145.815,4145.385,4145.655,0.003
2026-10-05 22:42:00+00:00,4145.585,4145.585,4144.825,4144.855,0.003
2026-10-05 22:43:00+00:00,4144.935,4145.055,4144.545,4144.705,0.001
2026-10-05 22:44:00+00:00,4144.395,4144.745,4144.395,4144.665,0.002
2026-10-05 22:45:00+00:00,4144.515,4144.515,4144.235,4144.245,0.002
2026-10-05 22:46:00+00:00,4143.775,4143.775,4141.955,4141.975,0.005
2026-10-05 22:47:00+00:00,4141.935,4142.695,4141.935,4142.105,0.002
2026-10-05 22:48:00+00:00,4141.955,4142.445,4141.955,4142.415,0.004
2026-10-05 22:49:00+00:00,4142.565,4142.715,4142.285,4142.325,0.002
2026-10-05 22:50:00+00:00,4142.345,4142.345,4142.195,4142.255,0.001
2026-10-05 22:51:00+00:00,4142.335,4142.335,4141.575,4141.665,0.002
2026-10-05 22:52:00+00:00,4141.695,4141.855,4141.695,4141.855,0.001
2026-10-05 22:53:00+00:00,4141.805,4141.805,4141.225,4141.455,0.001
2026-10-05 22:54:00+00:00,4141.485,4141.885,4141.485,4141.785,0.002
2026-10-05 22:55:00+00:00,4141.595,4142.175,4141.495,4141.495,0.003
2026-10-05 22:56:00+00:00,4141.345,4141.955,4141.345,4141.685,0.002
2026-10-05 22:57:00+00:00,4141.845,4141.845,4141.425,4141.425,0.002
2026-10-05 22:58:00+00:00,4141.575,4141.575,4141.225,4141.375,0.001
2026-10-05 22:59:00+00:00,4141.455,4141.455,4141.265,4141.265,0.0
2026-10-05 23:00:00+00:00,4141.165,4142.345,4141.035,4141.035,0.003
2026-10-05 23:01:00+00:00,4141.115,4141.635,4141.045,4141.415,0.001
2026-10-05 23:02:00+00:00,4141.255,4141.435,4141.255,4141.315,0.001
2026-10-05 23:03:00+00:00,4141.315,4141.315,4140.535,4141.135,0.001
2026-10-05 23:04:00+00:00,4141.075,4141.415,4140.945,4141.085,0.001
2026-10-05 23:05:00+00:00,4140.915,4141.175,4140.915,4141.035,0.001
2026-10-05 23:06:00+00:00,4140.975,4141.075,4140.005,4140.245,0.001
2026-10-05 23:07:00+00:00,4140.105,4140.115,4139.285,4139.705,0.002
2026-10-05 23:08:00+00:00,4140.005,4140.005,4139.735,4139.995,0.001
2026-10-05 23:09:00+00:00,4140.015,4140.195,4139.915,4139.935,0.001
2026-10-05 23:10:00+00:00,4139.805,4139.805,4139.245,4139.485,0.002
2026-10-05 23:11:00+00:00,4139.635,4139.635,4139.305,4139.425,0.002
2026-10-05 23:12:00+00:00,4139.325,4139.425,4138.895,4139.225,0.002
2026-10-05 23:13:00+00:00,4139.075,4139.155,4139.055,4139.085,0.001
2026-10-05 23:14:00+00:00,4139.045,4139.045,4138.715,4138.975,0.001
2026-10-05 23:15:00+00:00,4138.845,4139.255,4138.845,4138.945,0.001
2026-10-05 23:16:00+00:00,4139.025,4139.035,4138.405,4138.405,0.002
2026-10-05 23:17:00+00:00,4138.555,4139.205,4138.415,4139.205,0.003
2026-10-05 23:18:00+00:00,4139.145,4139.865,4139.145,4139.765,0.001
2026-10-05 23:19:00+00:00,4139.755,4140.065,4139.465,4139.755,0.002
2026-10-05 23:20:00+00:00,4139.855,4140.055,4139.755,4139.925,0.001
2026-10-05 23:21:00+00:00,4139.915,4140.095,4139.915,4140.025,0.001
2026-10-05 23:22:00+00:00,4139.975,4140.435,4139.785,4139.855,0.002
2026-10-05 23:23:00+00:00,4139.985,4140.865,4139.985,4140.455,0.002
2026-10-05 23:24:00+00:00,4140.495,4141.215,4140.345,4141.215,0.002
2026-10-05 23:25:00+00:00,4141.225,4141.225,4140.895,4141.045,0.001
2026-10-05 23:26:00+00:00,4141.145,4141.305,4141.065,4141.275,0.001
2026-10-05 23:27:00+00:00,4141.235,4141.235,4140.185,4140.665,0.002
2026-10-05 23:28:00+00:00,4140.815,4141.195,4140.565,4141.075,0.003
2026-10-05 23:29:00+00:00,4140.945,4141.275,4140.675,4140.715,0.004
2026-10-05 23:30:00+00:00,4140.585,4140.585,4139.325,4139.615,0.002
2026-10-05 23:31:00+00:00,4139.755,4139.855,4139.055,4139.855,0.003
2026-10-05 23:32:00+00:00,4139.715,4140.625,4139.715,4140.365,0.002
2026-10-05 23:33:00+00:00,4140.495,4140.865,4140.325,4140.765,0.002
2026-10-05 23:34:00+00:00,4140.845,4140.955,4140.145,4140.295,0.002
2026-10-05 23:35:00+00:00,4140.245,4141.055,4140.245,4141.055,0.003
2026-10-05 23:36:00+00:00,4140.965,4140.965,4140.585,4140.615,0.002
2026-10-05 23:37:00+00:00,4140.605,4140.755,4139.425,4139.425,0.002
2026-10-05 23:38:00+00:00,4139.305,4139.405,4138.855,4139.355,0.002
2026-10-05 23:39:00+00:00,4139.485,4139.635,4139.225,4139.325,0.002
2026-10-05 23:40:00+00:00,4139.275,4139.375,4138.775,4138.825,0.002
2026-10-05 23:41:00+00:00,4138.655,4138.655,4137.995,4138.145,0.002
2026-10-05 23:42:00+00:00,4138.105,4138.145,4137.655,4137.655,0.003
2026-10-05 23:43:00+00:00,4137.655,4137.835,4137.495,4137.495,0.001
2026-10-05 23:44:00+00:00,4137.505,4137.785,4137.195,4137.385,0.003
2026-10-05 23:45:00+00:00,4137.235,4137.525,4136.985,4137.155,0.003
2026-10-05 23:46:00+00:00,4137.285,4137.315,4136.645,4136.785,0.002
2026-10-05 23:47:00+00:00,4136.945,4137.085,4135.685,4136.025,0.004
2026-10-05 23:48:00+00:00,4135.975,4136.415,4135.975,4136.075,0.003
2026-10-05 23:49:00+00:00,4136.025,4136.095,4135.355,4135.445,0.007
2026-10-05 23:50:00+00:00,4135.415,4135.415,4133.855,4134.485,0.004
2026-10-05 23:51:00+00:00,4134.635,4135.145,4134.595,4135.145,0.001
2026-10-05 23:52:00+00:00,4135.095,4135.275,4134.225,4134.665,0.004
2026-10-05 23:53:00+00:00,4134.655,4134.795,4134.495,4134.605,0.002
2026-10-05 23:54:00+00:00,4134.635,4135.705,4134.635,4135.445,0.004
2026-10-05 23:55:00+00:00,4135.415,4135.955,4135.195,4135.495,0.002
2026-10-05 23:56:00+00:00,4135.435,4135.435,4134.535,4134.535,0.003
2026-10-05 23:57:00+00:00,4134.515,4135.125,4134.255,4135.125,0.003
2026-10-05 23:58:00+00:00,4135.045,4135.045,4134.175,4134.705,0.004
2026-10-05 23:59:00+00:00,4134.715,4135.405,4134.685,4134.685,0.004
2026-10-06 00:00:00+00:00,4134.595,4137.505,4134.235,4136.855,0.021
2026-10-06 00:01:00+00:00,4136.705,4137.005,4135.735,4136.465,0.01
2026-10-06 00:02:00+00:00,4136.465,4137.985,4135.905,4137.335,0.009
2026-10-06 00:03:00+00:00,4137.275,4137.275,4135.455,4135.625,0.012
2026-10-06 00:04:00+00:00,4135.515,4135.835,4135.095,4135.295,0.007
2026-10-06 00:05:00+00:00,4135.395,4135.525,4134.195,4134.615,0.008
2026-10-06 00:06:00+00:00,4134.395,4134.875,4133.595,4133.755,0.012
2026-10-06 00:07:00+00:00,4133.755,4135.235,4133.755,4135.175,0.009
2026-10-06 00:08:00+00:00,4135.175,4135.355,4134.485,4134.755,0.01
2026-10-06 00:09:00+00:00,4134.685,4134.935,4133.965,4134.255,0.006
2026-10-06 00:10:00+00:00,4134.255,4135.655,4133.825,4134.765,0.011
2026-10-06 00:11:00+00:00,4134.945,4135.285,4134.585,4135.285,0.005
2026-10-06 00:12:00+00:00,4135.445,4136.705,4135.405,4136.555,0.008
2026-10-06 00:13:00+00:00,4136.475,4136.815,4136.105,4136.815,0.005
2026-10-06 00:14:00+00:00,4136.835,4136.835,4135.925,4136.495,0.004
2026-10-06 00:15:00+00:00,4136.495,4137.715,4136.235,4136.755,0.015
2026-10-06 00:16:00+00:00,4136.695,4137.095,4135.925,4136.675,0.008
2026-10-06 00:17:00+00:00,4136.545,4138.625,4136.545,4138.625,0.009
2026-10-06 00:18:00+00:00,4138.665,4141.325,4138.665,4140.975,0.009
2026-10-06 00:19:00+00:00,4141.105,4141.695,4140.485,4140.655,0.008
2026-10-06 00:20:00+00:00,4140.765,4140.765,4138.855,4139.745,0.01
2026-10-06 00:21:00+00:00,4139.825,4140.575,4139.825,4140.165,0.004
2026-10-06 00:22:00+00:00,4140.165,4141.355,4140.115,4141.195,0.005
2026-10-06 00:23:00+00:00,4141.345,4141.745,4141.345,4141.675,0.006
2026-10-06 00:24:00+00:00,4141.675,4141.835,4140.805,4141.105,0.007
2026-10-06 00:25:00+00:00,4141.105,4141.375,4140.495,4141.075,0.008
2026-10-06 00:26:00+00:00,4141.135,4141.505,4140.335,4140.705,0.008
2026-10-06 00:27:00+00:00,4140.585,4141.775,4140.445,4141.775,0.008
2026-10-06 00:28:00+00:00,4141.905,4141.935,4140.695,4140.705,0.006
2026-10-06 00:29:00+00:00,4140.625,4141.665,4140.595,4141.205,0.007
2026-10-06 00:30:00+00:00,4141.175,4141.175,4138.475,4139.605,0.015
2026-10-06 00:31:00+00:00,4139.605,4142.535,4139.605,4141.655,0.013
2026-10-06 00:32:00+00:00,4141.655,4142.985,4141.655,4142.705,0.008
2026-10-06 00:33:00+00:00,4142.795,4145.365,4142.025,4142.025,0.014
2026-10-06 00:34:00+00:00,4142.045,4143.165,4141.245,4141.455,0.017
2026-10-06 00:35:00+00:00,4141.585,4142.965,4139.725,4139.985,0.016
2026-10-06 00:36:00+00:00,4139.755,4140.425,4138.385,4138.385,0.014
2026-10-06 00:37:00+00:00,4138.235,4138.235,4136.265,4136.505,0.016
2026-10-06 00:38:00+00:00,4136.505,4138.895,4136.505,4137.635,0.01
2026-10-06 00:39:00+00:00,4137.705,4137.915,4136.785,4137.165,0.008
2026-10-06 00:40:00+00:00,4137.055,4137.985,4137.045,4137.565,0.006
2026-10-06 00:41:00+00:00,4137.655,4137.695,4136.395,4137.445,0.006
2026-10-06 00:42:00+00:00,4137.405,4138.045,4136.385,4136.385,0.008
2026-10-06 00:43:00+00:00,4136.325,4138.585,4136.075,4138.585,0.008
2026-10-06 00:44:00+00:00,4138.535,4138.765,4138.285,4138.605,0.005
2026-10-06 00:45:00+00:00,4138.895,4140.755,4138.895,4140.605,0.007
2026-10-06 00:46:00+00:00,4140.915,4142.435,4140.515,4142.435,0.009
2026-10-06 00:47:00+00:00,4142.525,4143.765,4142.235,4143.145,0.014
2026-10-06 00:48:00+00:00,4143.035,4143.145,4141.845,4142.695,0.01
2026-10-06 00:49:00+00:00,4142.825,4146.265,4142.825,4145.375,0.016
2026-10-06 00:50:00+00:00,4145.435,4146.555,4144.895,4145.915,0.012
2026-10-06 00:51:00+00:00,4145.865,4146.865,4145.485,4146.865,0.008
2026-10-06 00:52:00+00:00,4146.825,4146.935,4146.165,4146.525,0.007
2026-10-06 00:53:00+00:00,4146.485,4147.135,4146.405,4146.805,0.006
2026-10-06 00:54:00+00:00,4146.865,4146.945,4145.905,4146.475,0.012
2026-10-06 00:55:00+00:00,4146.365,4147.875,4145.715,4145.715,0.01
2026-10-06 00:56:00+00:00,4145.785,4146.185,4144.725,4145.695,0.011
2026-10-06 00:57:00+00:00,4145.525,4146.875,4145.135,4146.505,0.007
2026-10-06 00:58:00+00:00,4146.505,4147.515,4146.285,4147.085,0.009
2026-10-06 00:59:00+00:00,4147.085,4151.845,4147.085,4151.245,0.024
2026-10-06 01:00:00+00:00,4151.375,4152.695,4150.105,4150.125,0.032
2026-10-06 01:01:00+00:00,4150.005,4150.835,4148.175,4150.595,0.022
2026-10-06 01:02:00+00:00,4150.535,4150.625,4147.725,4148.595,0.022
2026-10-06 01:03:00+00:00,4149.145,4149.735,4146.675,4147.295,0.021
2026-10-06 01:04:00+00:00,4147.355,4148.185,4146.585,4148.155,0.017
2026-10-06 01:05:00+00:00,4148.035,4148.765,4146.785,4148.145,0.014
2026-10-06 01:06:00+00:00,4148.035,4149.595,4147.715,4148.975,0.013
2026-10-06 01:07:00+00:00,4149.095,4150.955,4148.895,4150.955,0.013
2026-10-06 01:08:00+00:00,4150.805,4151.535,4150.385,4151.215,0.012
2026-10-06 01:09:00+00:00,4151.215,4152.305,4151.095,4151.385,0.014
2026-10-06 01:10:00+00:00,4151.325,4152.545,4150.815,4151.725,0.011
2026-10-06 01:11:00+00:00,4151.645,4151.835,4149.845,4150.105,0.011
2026-10-06 01:12:00+00:00,4150.255,4150.915,4149.175,4149.445,0.012
2026-10-06 01:13:00+00:00,4149.295,4149.865,4148.925,4149.315,0.012
2026-10-06 01:14:00+00:00,4149.395,4150.455,4149.395,4149.885,0.009
2026-10-06 01:15:00+00:00,4149.725,4149.905,4146.225,4146.915,0.02
2026-10-06 01:16:00+00:00,4147.165,4148.075,4144.555,4145.125,0.022
2026-10-06 01:17:00+00:00,4145.035,4145.715,4144.315,4145.145,0.017
2026-10-06 01:18:00+00:00,4145.005,4145.225,4143.915,4144.315,0.01
2026-10-06 01:19:00+00:00,4144.195,4144.545,4141.475,4142.195,0.018
2026-10-06 01:20:00+00:00,4142.315,4142.625,4141.295,4141.295,0.021
2026-10-06 01:21:00+00:00,4140.855,4141.575,4139.865,4140.595,0.021
2026-10-06 01:22:00+00:00,4140.725,4141.215,4140.075,4141.125,0.012
2026-10-06 01:23:00+00:00,4141.015,4141.875,4140.375,4141.465,0.016
2026-10-06 01:24:00+00:00,4141.465,4141.985,4139.155,4139.965,0.013
2026-10-06 01:25:00+00:00,4139.865,4139.915,4138.055,4138.575,0.02
2026-10-06 01:26:00+00:00,4138.405,4138.405,4135.815,4137.275,0.024
2026-10-06 01:27:00+00:00,4137.165,4138.605,4137.165,4138.325,0.022
2026-10-06 01:28:00+00:00,4138.425,4138.685,4137.145,4137.915,0.014
2026-10-06 01:29:00+00:00,4137.815,4137.915,4136.575,4136.675,0.011
2026-10-06 01:30:00+00:00,4136.625,4136.735,4134.865,4135.835,0.023
2026-10-06 01:31:00+00:00,4135.835,4136.675,4134.345,4136.295,0.019
2026-10-06 01:32:00+00:00,4136.285,4137.875,4136.145,4137.875,0.013
2026-10-06 01:33:00+00:00,4138.215,4138.725,4136.965,4137.835,0.014
2026-10-06 01:34:00+00:00,4137.705,4138.385,4135.675,4136.075,0.012
2026-10-06 01:35:00+00:00,4136.105,4137.355,4135.295,4136.025,0.015
2026-10-06 01:36:00+00:00,4136.175,4137.805,4136.025,4137.065,0.014
2026-10-06 01:37:00+00:00,4137.155,4138.135,4136.075,4136.535,0.014
2026-10-06 01:38:00+00:00,4136.535,4136.815,4134.075,4134.605,0.019
2026-10-06 01:39:00+00:00,4134.605,4135.695,4133.965,4134.685,0.012
2026-10-06 01:40:00+00:00,4134.375,4134.725,4131.485,4131.685,0.016
2026-10-06 01:41:00+00:00,4131.835,4132.665,4131.465,4132.555,0.017
2026-10-06 01:42:00+00:00,4132.565,4133.13,4131.445,4132.685,0.014
2026-10-06 01:43:00+00:00,4132.525,4133.665,4132.485,4132.935,0.012
2026-10-06 01:44:00+00:00,4132.935,4134.425,4132.935,4133.555,0.011
2026-10-06 01:45:00+00:00,4133.555,4134.095,4132.655,4133.415,0.011
2026-10-06 01:46:00+00:00,4133.415,4133.415,4131.515,4132.205,0.011
2026-10-06 01:47:00+00:00,4132.205,4132.205,4131.275,4132.105,0.013
2026-10-06 01:48:00+00:00,4132.375,4132.885,4131.505,4132.365,0.016
2026-10-06 01:49:00+00:00,4132.365,4133.095,4131.565,4131.565,0.015
2026-10-06 01:50:00+00:00,4131.685,4133.355,4131.155,4133.205,0.023
2026-10-06 01:51:00+00:00,4133.165,4134.005,4133.055,4133.865,0.012
2026-10-06 01:52:00+00:00,4133.665,4133.875,4131.575,4131.585,0.012
2026-10-06 01:53:00+00:00,4131.475,4132.005,4130.475,4130.475,0.017
2026-10-06 01:54:00+00:00,4130.365,4131.145,4129.995,4129.995,0.011
2026-10-06 01:55:00+00:00,4129.995,4130.405,4129.325,4130.065,0.018
2026-10-06 01:56:00+00:00,4130.065,4132.295,4129.795,4132.125,0.012
2026-10-06 01:57:00+00:00,4132.025,4132.025,4130.865,4131.485,0.011
2026-10-06 01:58:00+00:00,4131.485,4131.875,4131.005,4131.335,0.008
2026-10-06 01:59:00+00:00,4131.335,4131.335,4129.635,4130.615,0.015
2026-10-06 02:00:00+00:00,4130.455,4131.445,4130.145,4130.145,0.011
2026-10-06 02:01:00+00:00,4130.295,4130.295,4129.385,4129.775,0.012
2026-10-06 02:02:00+00:00,4129.775,4130.615,4129.515,4130.045,0.009
2026-10-06 02:03:00+00:00,4130.045,4130.455,4129.805,4130.105,0.007
2026-10-06 02:04:00+00:00,4130.165,4130.545,4128.925,4128.995,0.01
2026-10-06 02:05:00+00:00,4128.945,4130.305,4128.595,4129.725,0.011
2026-10-06 02:06:00+00:00,4129.865,4130.425,4129.585,4129.715,0.01
2026-10-06 02:07:00+00:00,4129.825,4130.775,4129.775,4130.425,0.006
2026-10-06 02:08:00+00:00,4130.595,4130.745,4129.985,4130.685,0.005
2026-10-06 02:09:00+00:00,4130.685,4131.065,4129.465,4130.555,0.01
2026-10-06 02:10:00+00:00,4130.555,4130.715,4129.595,4130.115,0.006
2026-10-06 02:11:00+00:00,4130.045,4130.745,4129.295,4130.005,0.009
2026-10-06 02:12:00+00:00,4129.675,4130.155,4128.235,4129.445,0.01
2026-10-06 02:13:00+00:00,4129.525,4129.705,4129.075,4129.655,0.007
2026-10-06 02:14:00+00:00,4129.415,4131.115,4129.015,4130.965,0.009
2026-10-06 02:15:00+00:00,4130.815,4131.415,4130.635,4130.935,0.01
2026-10-06 02:16:00+00:00,4130.935,4131.565,4130.165,4130.165,0.009
2026-10-06 02:17:00+00:00,4130.165,4130.895,4129.875,4130.585,0.008
2026-10-06 02:18:00+00:00,4130.585,4131.785,4129.795,4129.895,0.009
2026-10-06 02:19:00+00:00,4129.785,4130.225,4129.285,4129.795,0.01
2026-10-06 02:20:00+00:00,4129.955,4131.045,4129.665,4130.475,0.013
2026-10-06 02:21:00+00:00,4130.515,4130.655,4129.065,4129.065,0.008
2026-10-06 02:22:00+00:00,4128.955,4129.215,4127.465,4129.005,0.012
2026-10-06 02:23:00+00:00,4129.005,4129.325,4128.585,4129.115,0.005
2026-10-06 02:24:00+00:00,4129.135,4129.285,4128.605,4128.655,0.008
2026-10-06 02:25:00+00:00,4128.485,4129.025,4128.375,4129.025,0.005
2026-10-06 02:26:00+00:00,4129.025,4129.025,4127.145,4127.585,0.009
2026-10-06 02:27:00+00:00,4127.425,4127.785,4126.845,4127.435,0.005
2026-10-06 02:28:00+00:00,4127.455,4127.455,4126.895,4127.435,0.006
2026-10-06 02:29:00+00:00,4127.305,4127.445,4126.855,4126.995,0.006
2026-10-06 02:30:00+00:00,4127.125,4127.795,4125.275,4126.625,0.013
2026-10-06 02:31:00+00:00,4126.505,4127.115,4126.285,4126.355,0.009
2026-10-06 02:32:00+00:00,4126.355,4128.155,4126.195,4127.405,0.011
2026-10-06 02:33:00+00:00,4127.535,4127.535,4126.585,4126.745,0.01
2026-10-06 02:34:00+00:00,4126.615,4127.015,4122.115,4122.935,0.02
2026-10-06 02:35:00+00:00,4123.015,4123.015,4104.625,4115.815,0.044
2026-10-06 02:36:00+00:00,4115.715,4116.985,4114.365,4115.385,0.026
2026-10-06 02:37:00+00:00,4115.515,4122.955,4115.305,4122.915,0.025
2026-10-06 02:38:00+00:00,4122.815,4126.475,4120.595,4121.235,0.03
2026-10-06 02:39:00+00:00,4121.225,4122.495,4120.145,4122.495,0.022
2026-10-06 02:40:00+00:00,4122.315,4123.045,4120.965,4122.355,0.022
2026-10-06 02:41:00+00:00,4122.355,4122.815,4121.535,4122.475,0.016
2026-10-06 02:42:00+00:00,4122.625,4123.525,4121.965,4123.455,0.012
2026-10-06 02:43:00+00:00,4123.455,4123.455,4122.035,4122.055,0.008
2026-10-06 02:44:00+00:00,4122.045,4122.045,4121.525,4121.555,0.007
2026-10-06 02:45:00+00:00,4121.555,4122.145,4121.315,4121.855,0.013
2026-10-06 02:46:00+00:00,4121.985,4122.315,4121.335,4121.355,0.009
2026-10-06 02:47:00+00:00,4121.355,4122.525,4121.035,4122.525,0.006
2026-10-06 02:48:00+00:00,4122.675,4124.655,4122.425,4124.655,0.014
2026-10-06 02:49:00+00:00,4124.805,4129.065,4124.805,4128.305,0.02
2026-10-06 02:50:00+00:00,4128.155,4130.915,4128.155,4129.575,0.018
2026-10-06 02:51:00+00:00,4130.025,4135.635,4129.865,4134.365,0.025
2026-10-06 02:52:00+00:00,4134.535,4135.615,4134.535,4135.185,0.018
2026-10-06 02:53:00+00:00,4135.185,4139.345,4135.045,4137.565,0.023
2026-10-06 02:54:00+00:00,4137.435,4137.765,4136.615,4136.615,0.014
2026-10-06 02:55:00+00:00,4136.615,4138.145,4136.095,4136.935,0.012
2026-10-06 02:56:00+00:00,4136.915,4136.935,4134.185,4134.415,0.014
2026-10-06 02:57:00+00:00,4134.415,4134.425,4131.975,4131.975,0.024
2026-10-06 02:58:00+00:00,4131.975,4132.925,4130.415,4131.005,0.021
2026-10-06 02:59:00+00:00,4130.865,4130.885,4129.465,4130.725,0.017
2026-10-06 03:00:00+00:00,4130.645,4131.625,4129.575,4130.875,0.027
2026-10-06 03:01:00+00:00,4130.585,4132.405,4129.885,4132.405,0.015
2026-10-06 03:02:00+00:00,4132.455,4133.195,4130.625,4133.195,0.017
2026-10-06 03:03:00+00:00,4133.195,4133.415,4131.845,4131.845,0.015
2026-10-06 03:04:00+00:00,4131.975,4133.365,4131.565,4132.765,0.013
2026-10-06 03:05:00+00:00,4132.765,4133.095,4132.295,4132.405,0.009
2026-10-06 03:06:00+00:00,4132.525,4133.355,4131.295,4131.295,0.006
2026-10-06 03:07:00+00:00,4131.295,4132.575,4130.865,4130.865,0.006
2026-10-06 03:08:00+00:00,4130.765,4131.125,4129.775,4129.775,0.01
2026-10-06 03:09:00+00:00,4129.775,4130.605,4129.365,4129.635,0.012
2026-10-06 03:10:00+00:00,4129.635,4130.805,4129.455,4130.285,0.007
2026-10-06 03:11:00+00:00,4130.105,4130.725,4129.195,4129.195,0.007
2026-10-06 03:12:00+00:00,4129.085,4130.375,4129.075,4130.375,0.008
2026-10-06 03:13:00+00:00,4130.335,4130.355,4129.525,4129.525,0.008
2026-10-06 03:14:00+00:00,4129.525,4129.775,4128.795,4128.975,0.005
2026-10-06 03:15:00+00:00,4128.835,4129.585,4126.985,4129.125,0.011
2026-10-06 03:16:00+00:00,4129.405,4129.735,4128.345,4129.425,0.009
2026-10-06 03:17:00+00:00,4129.455,4129.495,4128.735,4128.795,0.007
2026-10-06 03:18:00+00:00,4128.685,4129.695,4128.265,4128.575,0.007
2026-10-06 03:19:00+00:00,4128.515,4129.895,4128.015,4129.575,0.01
2026-10-06 03:20:00+00:00,4129.575,4130.285,4128.575,4128.695,0.008
2026-10-06 03:21:00+00:00,4128.545,4130.385,4128.465,4130.385,0.008
2026-10-06 03:22:00+00:00,4130.315,4131.065,4130.305,4130.305,0.011
2026-10-06 03:23:00+00:00,4130.205,4131.155,4128.705,4130.755,0.014
2026-10-06 03:24:00+00:00,4130.555,4131.015,4129.325,4129.765,0.009
2026-10-06 03:25:00+00:00,4129.895,4129.905,4129.025,4129.025,0.005
2026-10-06 03:26:00+00:00,4128.915,4129.015,4127.865,4128.405,0.008
2026-10-06 03:27:00+00:00,4128.255,4128.505,4126.925,4127.285,0.009
2026-10-06 03:28:00+00:00,4127.055,4127.675,4126.665,4127.675,0.007
2026-10-06 03:29:00+00:00,4127.595,4128.725,4127.595,4128.205,0.008
2026-10-06 03:30:00+00:00,4128.085,4128.225,4125.485,4126.715,0.015
2026-10-06 03:31:00+00:00,4126.715,4127.945,4125.955,4127.055,0.014
2026-10-06 03:32:00+00:00,4127.035,4127.755,4126.465,4126.935,0.009
2026-10-06 03:33:00+00:00,4126.835,4127.285,4126.535,4126.535,0.006
2026-10-06 03:34:00+00:00,4126.605,4126.795,4124.995,4125.135,0.01
2026-10-06 03:35:00+00:00,4125.555,4126.175,4125.175,4125.315,0.01
2026-10-06 03:36:00+00:00,4125.315,4125.895,4125.255,4125.675,0.007
2026-10-06 03:37:00+00:00,4125.535,4128.165,4125.205,4127.345,0.014
2026-10-06 03:38:00+00:00,4127.345,4128.785,4126.855,4128.505,0.01
2026-10-06 03:39:00+00:00,4128.245,4128.285,4126.165,4126.325,0.007
2026-10-06 03:40:00+00:00,4126.305,4126.305,4124.395,4125.915,0.014
2026-10-06 03:41:00+00:00,4126.055,4128.175,4126.055,4128.175,0.01
2026-10-06 03:42:00+00:00,4128.455,4129.685,4127.485,4129.685,0.007
2026-10-06 03:43:00+00:00,4129.685,4131.825,4129.685,4131.535,0.012
2026-10-06 03:44:00+00:00,4131.535,4133.975,4131.345,4132.225,0.012
2026-10-06 03:45:00+00:00,4132.045,4132.585,4131.605,4132.075,0.008
2026-10-06 03:46:00+00:00,4132.215,4132.765,4131.635,4131.995,0.008
2026-10-06 03:47:00+00:00,4131.815,4132.565,4130.825,4131.845,0.011
2026-10-06 03:48:00+00:00,4132.005,4132.155,4128.565,4130.155,0.018
2026-10-06 03:49:00+00:00,4129.795,4131.795,4129.555,4131.725,0.009
2026-10-06 03:50:00+00:00,4131.785,4132.375,4130.325,4130.325,0.007
2026-10-06 03:51:00+00:00,4130.325,4130.555,4129.515,4129.875,0.007
2026-10-06 03:52:00+00:00,4129.715,4129.715,4128.575,4128.765,0.007
2026-10-06 03:53:00+00:00,4128.615,4128.615,4127.155,4127.565,0.009
2026-10-06 03:54:00+00:00,4127.655,4127.655,4124.855,4125.125,0.009
2026-10-06 03:55:00+00:00,4125.145,4127.285,4125.135,4126.255,0.017
2026-10-06 03:56:00+00:00,4126.255,4127.385,4126.195,4127.315,0.007
2026-10-06 03:57:00+00:00,4127.315,4127.915,4126.845,4127.155,0.009
2026-10-06 03:58:00+00:00,4127.275,4128.255,4127.275,4128.205,0.007
2026-10-06 03:59:00+00:00,4128.205,4128.945,4127.795,4128.805,0.007
2026-10-06 04:00:00+00:00,4128.805,4130.385,4128.805,4129.685,0.011
2026-10-06 04:01:00+00:00,4129.835,4129.835,4127.635,4128.025,0.009
2026-10-06 04:02:00+00:00,4128.025,4130.635,4127.735,4129.615,0.008
2026-10-06 04:03:00+00:00,4129.715,4130.725,4129.545,4130.575,0.01
2026-10-06 04:04:00+00:00,4130.455,4131.215,4129.865,4130.945,0.008
2026-10-06 04:05:00+00:00,4130.785,4131.345,4130.075,4130.305,0.008
2026-10-06 04:06:00+00:00,4130.305,4130.975,4129.745,4130.105,0.006
2026-10-06 04:07:00+00:00,4130.105,4130.465,4129.515,4130.315,0.006
2026-10-06 04:08:00+00:00,4130.315,4130.515,4129.875,4130.205,0.003
2026-10-06 04:09:00+00:00,4130.205,4131.345,4130.205,4130.545,0.005
2026-10-06 04:10:00+00:00,4130.695,4130.715,4128.395,4128.485,0.008
2026-10-06 04:11:00+00:00,4128.335,4128.485,4127.195,4127.325,0.007
2026-10-06 04:12:00+00:00,4127.285,4127.365,4126.365,4126.925,0.008
2026-10-06 04:13:00+00:00,4126.855,4127.935,4126.615,4127.015,0.01
2026-10-06 04:14:00+00:00,4126.925,4127.025,4126.165,4126.415,0.005
2026-10-06 04:15:00+00:00,4126.315,4126.995,4126.315,4126.445,0.008
2026-10-06 04:16:00+00:00,4126.445,4126.845,4126.135,4126.715,0.007
2026-10-06 04:17:00+00:00,4126.865,4126.875,4126.155,4126.155,0.006
2026-10-06 04:18:00+00:00,4126.295,4127.325,4126.295,4127.155,0.005
2026-10-06 04:19:00+00:00,4127.155,4127.855,4126.795,4127.855,0.005
2026-10-06 04:20:00+00:00,4127.855,4128.015,4127.425,4127.865,0.006
2026-10-06 04:21:00+00:00,4127.865,4128.095,4127.675,4128.095,0.005
2026-10-06 04:22:00+00:00,4128.205,4128.445,4127.835,4127.995,0.006
2026-10-06 04:23:00+00:00,4128.135,4128.915,4127.165,4127.485,0.005
2026-10-06 04:24:00+00:00,4127.605,4127.645,4126.445,4127.645,0.006
2026-10-06 04:25:00+00:00,4127.765,4127.925,4127.065,4127.305,0.006
2026-10-06 04:26:00+00:00,4127.225,4127.725,4127.055,4127.725,0.003
2026-10-06 04:27:00+00:00,4127.395,4127.395,4126.715,4126.845,0.003
2026-10-06 04:28:00+00:00,4126.805,4126.955,4126.215,4126.705,0.004
2026-10-06 04:29:00+00:00,4126.705,4127.885,4126.595,4127.655,0.013
2026-10-06 04:30:00+00:00,4127.895,4128.415,4127.535,4128.295,0.008
2026-10-06 04:31:00+00:00,4128.295,4128.295,4127.195,4127.365,0.006
2026-10-06 04:32:00+00:00,4127.395,4127.395,4126.285,4126.585,0.003
2026-10-06 04:33:00+00:00,4126.595,4127.285,4126.555,4126.685,0.004
2026-10-06 04:34:00+00:00,4126.575,4127.145,4125.705,4126.085,0.007
2026-10-06 04:35:00+00:00,4126.035,4127.105,4125.975,4127.105,0.007
2026-10-06 04:36:00+00:00,4126.975,4127.825,4126.175,4127.485,0.009
2026-10-06 04:37:00+00:00,4127.285,4127.735,4126.335,4127.095,0.007
2026-10-06 04:38:00+00:00,4127.075,4127.095,4124.105,4125.175,0.014
2026-10-06 04:39:00+00:00,4125.175,4125.175,4124.045,4124.045,0.008
2026-10-06 04:40:00+00:00,4124.045,4124.045,4121.765,4123.455,0.017
2026-10-06 04:41:00+00:00,4123.455,4124.295,4123.085,4123.645,0.011
2026-10-06 04:42:00+00:00,4123.795,4123.945,4121.035,4122.185,0.01
2026-10-06 04:43:00+00:00,4122.185,4122.625,4121.605,4122.135,0.011
2026-10-06 04:44:00+00:00,4122.135,4122.485,4121.805,4122.075,0.007
2026-10-06 04:45:00+00:00,4122.105,4122.365,4121.755,4121.955,0.008
2026-10-06 04:46:00+00:00,4121.945,4122.515,4121.535,4122.055,0.007
2026-10-06 04:47:00+00:00,4121.915,4122.035,4121.625,4121.795,0.004
2026-10-06 04:48:00+00:00,4121.795,4122.585,4121.215,4121.215,0.006
2026-10-06 04:49:00+00:00,4121.215,4121.745,4120.825,4121.435,0.005
2026-10-06 04:50:00+00:00,4121.435,4121.695,4120.975,4121.105,0.006
2026-10-06 04:51:00+00:00,4121.105,4121.535,4120.945,4121.255,0.005
2026-10-06 04:52:00+00:00,4121.255,4121.625,4120.635,4121.625,0.01
2026-10-06 04:53:00+00:00,4121.605,4124.105,4121.105,4122.925,0.016
2026-10-06 04:54:00+00:00,4122.925,4125.374,4122.505,4124.485,0.013
2026-10-06 04:55:00+00:00,4124.425,4124.485,4122.235,4122.815,0.012
2026-10-06 04:56:00+00:00,4122.675,4123.825,4122.515,4122.515,0.01
2026-10-06 04:57:00+00:00,4122.515,4123.085,4121.565,4122.325,0.007
2026-10-06 04:58:00+00:00,4122.325,4123.315,4122.275,4122.885,0.006
2026-10-06 04:59:00+00:00,4122.785,4122.785,4121.715,4121.905,0.006
2026-10-06 05:00:00+00:00,4121.865,4122.765,4121.455,4122.465,0.01
2026-10-06 05:01:00+00:00,4122.435,4124.145,4121.875,4124.145,0.01
2026-10-06 05:02:00+00:00,4124.145,4125.035,4123.335,4123.495,0.01
2026-10-06 05:03:00+00:00,4123.385,4124.105,4122.465,4122.675,0.005
2026-10-06 05:04:00+00:00,4122.555,4124.115,4122.555,4123.945,0.007
2026-10-06 05:05:00+00:00,4123.945,4124.915,4123.735,4124.095,0.007
2026-10-06 05:06:00+00:00,4123.955,4123.955,4122.085,4122.555,0.006
2026-10-06 05:07:00+00:00,4122.685,4122.725,4121.905,4122.365,0.005
2026-10-06 05:08:00+00:00,4122.485,4122.485,4121.855,4122.085,0.005
2026-10-06 05:09:00+00:00,4122.225,4123.165,4122.225,4122.585,0.006
2026-10-06 05:10:00+00:00,4122.575,4122.685,4120.825,4121.305,0.011
2026-10-06 05:11:00+00:00,4121.305,4121.435,4121.005,4121.315,0.006
2026-10-06 05:12:00+00:00,4121.315,4122.335,4121.095,4122.225,0.007
2026-10-06 05:13:00+00:00,4122.395,4123.475,4122.095,4123.175,0.008
2026-10-06 05:14:00+00:00,4123.175,4123.175,4122.335,4122.405,0.005
2026-10-06 05:15:00+00:00,4122.355,4123.715,4121.815,4123.715,0.008
2026-10-06 05:16:00+00:00,4123.555,4125.005,4123.505,4124.865,0.009
2026-10-06 05:17:00+00:00,4124.865,4126.395,4123.725,4123.875,0.016
2026-10-06 05:18:00+00:00,4123.985,4124.695,4123.535,4123.535,0.01
2026-10-06 05:19:00+00:00,4123.675,4124.215,4123.655,4123.935,0.005
2026-10-06 05:20:00+00:00,4123.935,4124.255,4123.555,4124.145,0.004
2026-10-06 05:21:00+00:00,4124.145,4124.855,4123.585,4124.045,0.008
2026-10-06 05:22:00+00:00,4124.045,4124.455,4123.125,4123.305,0.006
2026-10-06 05:23:00+00:00,4123.235,4123.705,4123.045,4123.705,0.005
2026-10-06 05:24:00+00:00,4123.705,4124.245,4123.395,4124.245,0.004
2026-10-06 05:25:00+00:00,4124.195,4124.475,4122.435,4122.435,0.009
2026-10-06 05:26:00+00:00,4122.335,4123.165,4121.915,4122.045,0.008
2026-10-06 05:27:00+00:00,4122.045,4122.175,4120.755,4121.385,0.014
2026-10-06 05:28:00+00:00,4121.385,4122.035,4121.205,4122.035,0.01
2026-10-06 05:29:00+00:00,4121.885,4122.465,4121.795,4121.985,0.006
2026-10-06 05:30:00+00:00,4122.025,4122.025,4120.535,4121.105,0.008
2026-10-06 05:31:00+00:00,4121.355,4122.005,4121.175,4121.635,0.006
2026-10-06 05:32:00+00:00,4121.685,4122.285,4121.495,4121.895,0.01
2026-10-06 05:33:00+00:00,4121.935,4122.225,4121.305,4121.925,0.006
2026-10-06 05:34:00+00:00,4121.825,4124.865,4121.645,4124.515,0.014
2026-10-06 05:35:00+00:00,4124.325,4124.745,4123.455,4123.965,0.007
2026-10-06 05:36:00+00:00,4123.965,4125.495,4123.485,4123.695,0.01
2026-10-06 05:37:00+00:00,4123.835,4124.935,4123.545,4124.875,0.012
2026-10-06 05:38:00+00:00,4124.865,4125.025,4123.815,4123.975,0.008
2026-10-06 05:39:00+00:00,4123.975,4123.975,4122.245,4122.265,0.007
2026-10-06 05:40:00+00:00,4122.115,4122.995,4121.765,4122.635,0.008
2026-10-06 05:41:00+00:00,4122.635,4123.345,4121.935,4122.995,0.009
2026-10-06 05:42:00+00:00,4122.995,4123.145,4122.045,4122.045,0.006
2026-10-06 05:43:00+00:00,4122.045,4122.715,4122.045,4122.555,0.006
2026-10-06 05:44:00+00:00,4122.585,4122.685,4121.995,4122.295,0.006
2026-10-06 05:45:00+00:00,4122.295,4122.755,4121.845,4122.675,0.008
2026-10-06 05:46:00+00:00,4122.585,4122.935,4122.365,4122.935,0.003
2026-10-06 05:47:00+00:00,4122.935,4123.415,4122.535,4123.055,0.008
2026-10-06 05:48:00+00:00,4123.175,4123.195,4122.505,4122.805,0.007
2026-10-06 05:49:00+00:00,4122.715,4123.295,4122.495,4123.055,0.005
2026-10-06 05:50:00+00:00,4122.845,4123.015,4121.775,4122.235,0.011
2026-10-06 05:51:00+00:00,4122.235,4123.145,4122.185,4122.895,0.007
2026-10-06 05:52:00+00:00,4122.895,4123.135,4121.525,4121.775,0.007
2026-10-06 05:53:00+00:00,4121.795,4121.975,4120.655,4121.025,0.009
2026-10-06 05:54:00+00:00,4121.025,4121.025,4120.195,4120.625,0.013
2026-10-06 05:55:00+00:00,4120.555,4121.095,4120.275,4120.555,0.013
2026-10-06 05:56:00+00:00,4120.535,4121.355,4120.535,4120.855,0.01
2026-10-06 05:57:00+00:00,4120.845,4120.995,4118.005,4118.015,0.014
2026-10-06 05:58:00+00:00,4117.935,4119.635,4117.245,4119.635,0.022
2026-10-06 05:59:00+00:00,4119.475,4120.465,4118.445,4120.455,0.019
2026-10-06 06:00:00+00:00,4120.425,4121.295,4119.245,4119.245,0.027
2026-10-06 06:01:00+00:00,4119.325,4119.325,4116.065,4117.605,0.025
2026-10-06 06:02:00+00:00,4117.335,4118.105,4113.845,4114.255,0.029
2026-10-06 06:03:00+00:00,4114.115,4117.465,4113.825,4117.445,0.023
2026-10-06 06:04:00+00:00,4117.305,4118.455,4116.255,4117.335,0.022
2026-10-06 06:05:00+00:00,4117.285,4119.035,4117.185,4118.305,0.019
2026-10-06 06:06:00+00:00,4118.145,4118.325,4117.185,4117.315,0.012
2026-10-06 06:07:00+00:00,4117.235,4118.565,4117.175,4118.185,0.009
2026-10-06 06:08:00+00:00,4118.325,4119.645,4118.185,4119.555,0.016
2026-10-06 06:09:00+00:00,4119.525,4121.245,4119.135,4121.205,0.011
2026-10-06 06:10:00+00:00,4121.245,4121.745,4120.255,4120.255,0.012
2026-10-06 06:11:00+00:00,4120.255,4120.655,4119.525,4120.075,0.012
2026-10-06 06:12:00+00:00,4120.195,4122.715,4120.175,4122.085,0.015
2026-10-06 06:13:00+00:00,4122.165,4123.805,4120.825,4123.195,0.015
2026-10-06 06:14:00+00:00,4123.275,4123.585,4122.515,4123.185,0.012
2026-10-06 06:15:00+00:00,4123.235,4127.005,4123.235,4126.615,0.025
2026-10-06 06:16:00+00:00,4126.515,4128.115,4126.105,4126.565,0.027
2026-10-06 06:17:00+00:00,4126.625,4128.925,4126.555,4127.565,0.019
2026-10-06 06:18:00+00:00,4127.565,4127.705,4126.075,4126.645,0.02
2026-10-06 06:19:00+00:00,4126.515,4129.105,4126.515,4128.615,0.015
2026-10-06 06:20:00+00:00,4128.615,4128.685,4126.975,4128.575,0.02
2026-10-06 06:21:00+00:00,4128.475,4130.315,4127.705,4129.405,0.021
2026-10-06 06:22:00+00:00,4129.325,4130.085,4128.315,4129.605,0.016
2026-10-06 06:23:00+00:00,4129.495,4130.315,4128.865,4130.235,0.011
2026-10-06 06:24:00+00:00,4130.305,4131.675,4129.725,4131.365,0.013
2026-10-06 06:25:00+00:00,4131.365,4131.675,4129.775,4131.215,0.016
2026-10-06 06:26:00+00:00,4131.295,4131.615,4130.995,4131.275,0.009
2026-10-06 06:27:00+00:00,4131.355,4134.819,4131.275,4133.585,0.017
2026-10-06 06:28:00+00:00,4133.595,4134.705,4133.265,4134.065,0.015
2026-10-06 06:29:00+00:00,4133.955,4134.845,4133.315,4134.285,0.015
2026-10-06 06:30:00+00:00,4134.175,4135.595,4132.825,4132.995,0.026
2026-10-06 06:31:00+00:00,4132.995,4133.845,4132.585,4133.505,0.017
2026-10-06 06:32:00+00:00,4133.515,4134.355,4133.165,4134.205,0.015
2026-10-06 06:33:00+00:00,4134.125,4134.755,4131.935,4131.935,0.014
2026-10-06 06:34:00+00:00,4132.065,4132.175,4130.985,4131.305,0.018
2026-10-06 06:35:00+00:00,4131.185,4132.005,4129.965,4130.835,0.016
2026-10-06 06:36:00+00:00,4130.785,4131.835,4130.105,4130.855,0.011
2026-10-06 06:37:00+00:00,4130.945,4131.415,4129.695,4131.115,0.014
2026-10-06 06:38:00+00:00,4131.295,4132.505,4131.075,4131.555,0.009
2026-10-06 06:39:00+00:00,4131.435,4133.075,4131.325,4131.885,0.013
2026-10-06 06:40:00+00:00,4131.785,4132.295,4131.305,4131.655,0.01
2026-10-06 06:41:00+00:00,4131.775,4132.085,4130.275,4130.875,0.011
2026-10-06 06:42:00+00:00,4130.755,4131.455,4130.335,4131.455,0.008
2026-10-06 06:43:00+00:00,4131.455,4131.825,4130.815,4131.005,0.006
2026-10-06 06:44:00+00:00,4131.005,4131.315,4130.505,4130.825,0.008
2026-10-06 06:45:00+00:00,4130.955,4133.425,4130.565,4133.425,0.022
2026-10-06 06:46:00+00:00,4133.365,4135.105,4132.945,4133.055,0.016
2026-10-06 06:47:00+00:00,4132.935,4134.365,4132.695,4133.665,0.016
2026-10-06 06:48:00+00:00,4133.785,4134.015,4132.595,4132.805,0.009
2026-10-06 06:49:00+00:00,4132.915,4133.135,4132.355,4132.815,0.007
2026-10-06 06:50:00+00:00,4132.815,4133.685,4132.675,4133.445,0.006
2026-10-06 06:51:00+00:00,4133.345,4133.555,4132.095,4132.105,0.009
2026-10-06 06:52:00+00:00,4132.235,4132.475,4130.305,4131.535,0.008
2026-10-06 06:53:00+00:00,4131.535,4132.025,4131.155,4131.215,0.007
2026-10-06 06:54:00+00:00,4131.255,4132.035,4131.145,4131.605,0.008
2026-10-06 06:55:00+00:00,4131.495,4132.465,4131.195,4132.455,0.018
2026-10-06 06:56:00+00:00,4132.575,4133.435,4131.565,4131.565,0.023
2026-10-06 06:57:00+00:00,4131.565,4132.125,4130.225,4131.395,0.021
2026-10-06 06:58:00+00:00,4131.395,4132.135,4131.155,4131.525,0.016
2026-10-06 06:59:00+00:00,4131.415,4132.605,4131.415,4131.675,0.016
2026-10-06 07:00:00+00:00,4132.095,4132.565,4131.035,4131.355,0.037
2026-10-06 07:01:00+00:00,4131.465,4131.475,4129.735,4130.275,0.025
2026-10-06 07:02:00+00:00,4130.415,4132.665,4129.945,4132.665,0.026
2026-10-06 07:03:00+00:00,4132.785,4134.655,4132.035,4133.145,0.035
2026-10-06 07:04:00+00:00,4133.215,4134.325,4131.755,4131.885,0.03
2026-10-06 07:05:00+00:00,4132.055,4133.025,4131.515,4133.025,0.027
2026-10-06 07:06:00+00:00,4133.045,4134.665,4132.985,4133.185,0.026
2026-10-06 07:07:00+00:00,4133.195,4133.815,4130.075,4130.175,0.028
2026-10-06 07:08:00+00:00,4129.925,4130.685,4129.375,4130.585,0.026
2026-10-06 07:09:00+00:00,4130.585,4131.355,4130.005,4131.095,0.025
2026-10-06 07:10:00+00:00,4131.185,4131.205,4129.395,4129.425,0.026
2026-10-06 07:11:00+00:00,4129.525,4130.315,4128.645,4130.215,0.022
2026-10-06 07:12:00+00:00,4130.305,4132.005,4130.205,4132.005,0.022
2026-10-06 07:13:00+00:00,4131.995,4133.875,4130.815,4133.875,0.029
2026-10-06 07:14:00+00:00,4134.005,4138.375,4134.005,4138.375,0.042
2026-10-06 07:15:00+00:00,4138.505,4140.905,4137.925,4139.745,0.054
2026-10-06 07:16:00+00:00,4139.695,4143.795,4139.345,4142.245,0.046
2026-10-06 07:17:00+00:00,4142.255,4142.675,4138.595,4139.205,0.041
2026-10-06 07:18:00+00:00,4139.135,4141.935,4138.865,4141.435,0.035
2026-10-06 07:19:00+00:00,4141.375,4141.535,4138.895,4139.165,0.029
2026-10-06 07:20:00+00:00,4139.135,4139.995,4137.855,4139.805,0.027
2026-10-06 07:21:00+00:00,4139.845,4140.085,4137.955,4138.225,0.031
2026-10-06 07:22:00+00:00,4138.375,4138.535,4137.365,4138.115,0.029
2026-10-06 07:23:00+00:00,4138.005,4139.255,4137.265,4139.255,0.027
2026-10-06 07:24:00+00:00,4139.255,4139.645,4137.865,4138.375,0.029
2026-10-06 07:25:00+00:00,4138.135,4139.165,4136.645,4137.205,0.026
2026-10-06 07:26:00+00:00,4137.105,4138.245,4136.615,4137.725,0.027
2026-10-06 07:27:00+00:00,4137.645,4138.155,4137.175,4137.275,0.022
2026-10-06 07:28:00+00:00,4137.395,4137.765,4136.315,4136.335,0.021
2026-10-06 07:29:00+00:00,4136.315,4137.105,4134.655,4135.065,0.028
2026-10-06 07:30:00+00:00,4134.955,4135.945,4133.955,4135.595,0.042
2026-10-06 07:31:00+00:00,4135.405,4136.165,4133.325,4134.295,0.041
2026-10-06 07:32:00+00:00,4134.195,4137.605,4134.195,4137.515,0.03
2026-10-06 07:33:00+00:00,4137.525,4140.225,4137.405,4138.655,0.038
2026-10-06 07:34:00+00:00,4138.735,4138.815,4136.155,4136.435,0.031
2026-10-06 07:35:00+00:00,4136.335,4137.855,4136.125,4136.925,0.026
2026-10-06 07:36:00+00:00,4136.895,4137.655,4136.545,4137.365,0.028
2026-10-06 07:37:00+00:00,4137.235,4137.755,4136.145,4136.945,0.025
2026-10-06 07:38:00+00:00,4136.895,4137.255,4135.575,4136.745,0.025
2026-10-06 07:39:00+00:00,4136.765,4137.815,4136.455,4136.935,0.02
2026-10-06 07:40:00+00:00,4136.895,4138.735,4136.785,4138.345,0.023
2026-10-06 07:41:00+00:00,4138.395,4139.035,4137.475,4138.005,0.025
2026-10-06 07:42:00+00:00,4138.075,4138.495,4136.555,4137.205,0.025
2026-10-06 07:43:00+00:00,4137.225,4137.605,4136.325,4137.405,0.02
2026-10-06 07:44:00+00:00,4137.405,4139.225,4137.405,4138.615,0.023
2026-10-06 07:45:00+00:00,4138.655,4140.945,4138.305,4140.945,0.026
2026-10-06 07:46:00+00:00,4140.985,4141.925,4140.265,4141.645,0.032
2026-10-06 07:47:00+00:00,4141.715,4141.925,4139.925,4140.285,0.023
2026-10-06 07:48:00+00:00,4140.375,4141.405,4140.055,4140.415,0.017
2026-10-06 07:49:00+00:00,4140.375,4141.185,4139.455,4139.545,0.021
2026-10-06 07:50:00+00:00,4139.465,4140.785,4139.415,4139.935,0.028
2026-10-06 07:51:00+00:00,4140.155,4140.265,4138.065,4138.165,0.027
2026-10-06 07:52:00+00:00,4138.055,4138.955,4137.435,4138.825,0.021
2026-10-06 07:53:00+00:00,4138.875,4139.985,4138.305,4139.565,0.025
2026-10-06 07:54:00+00:00,4139.545,4141.315,4139.315,4140.985,0.023
2026-10-06 07:55:00+00:00,4141.005,4141.655,4140.565,4141.515,0.025
2026-10-06 07:56:00+00:00,4141.475,4142.045,4140.125,4140.435,0.024
2026-10-06 07:57:00+00:00,4140.385,4141.305,4140.045,4140.815,0.022
2026-10-06 07:58:00+00:00,4140.755,4141.185,4139.845,4140.265,0.025
2026-10-06 07:59:00+00:00,4140.295,4140.815,4139.645,4140.345,0.024
2026-10-06 08:00:00+00:00,4140.345,4142.345,4140.195,4142.225,0.047
2026-10-06 08:01:00+00:00,4142.255,4144.255,4142.215,4143.465,0.034
2026-10-06 08:02:00+00:00,4143.475,4143.835,4142.845,4143.055,0.03
2026-10-06 08:03:00+00:00,4143.105,4144.105,4142.325,4143.995,0.028
2026-10-06 08:04:00+00:00,4143.775,4143.955,4141.875,4141.965,0.028
2026-10-06 08:05:00+00:00,4142.085,4143.395,4141.865,4142.465,0.025
2026-10-06 08:06:00+00:00,4142.405,4143.605,4142.205,4142.825,0.029
2026-10-06 08:07:00+00:00,4142.815,4142.925,4140.025,4140.215,0.03
2026-10-06 08:08:00+00:00,4140.295,4140.685,4138.945,4139.325,0.032
2026-10-06 08:09:00+00:00,4139.325,4141.735,4139.025,4141.165,0.032
2026-10-06 08:10:00+00:00,4141.195,4141.755,4140.415,4140.635,0.031
2026-10-06 08:11:00+00:00,4140.595,4141.045,4139.215,4139.215,0.026
2026-10-06 08:12:00+00:00,4139.195,4140.045,4138.215,4138.895,0.03
2026-10-06 08:13:00+00:00,4139.095,4141.265,4138.975,4140.785,0.038
2026-10-06 08:14:00+00:00,4140.785,4142.015,4140.215,4140.355,0.029
2026-10-06 08:15:00+00:00,4140.275,4144.525,4140.175,4144.265,0.035
2026-10-06 08:16:00+00:00,4144.265,4144.695,4142.805,4143.175,0.032
2026-10-06 08:17:00+00:00,4143.175,4143.575,4141.795,4141.875,0.021
2026-10-06 08:18:00+00:00,4141.785,4142.215,4140.905,4141.345,0.018
2026-10-06 08:19:00+00:00,4141.455,4142.545,4141.075,4142.055,0.02
2026-10-06 08:20:00+00:00,4142.085,4142.455,4141.135,4141.635,0.029
2026-10-06 08:21:00+00:00,4141.675,4144.295,4141.675,4144.295,0.019
2026-10-06 08:22:00+00:00,4144.245,4146.045,4144.075,4145.805,0.027
2026-10-06 08:23:00+00:00,4145.875,4146.015,4144.795,4144.855,0.023
2026-10-06 08:24:00+00:00,4144.825,4145.535,4144.415,4145.015,0.026
2026-10-06 08:25:00+00:00,4145.165,4146.125,4144.925,4145.575,0.025
2026-10-06 08:26:00+00:00,4145.645,4146.655,4145.435,4146.305,0.019
2026-10-06 08:27:00+00:00,4146.215,4146.485,4145.725,4146.315,0.017
2026-10-06 08:28:00+00:00,4146.375,4147.655,4145.835,4146.655,0.026
2026-10-06 08:29:00+00:00,4146.735,4146.735,4145.745,4146.315,0.029
2026-10-06 08:30:00+00:00,4146.285,4147.885,4146.015,4147.375,0.029
2026-10-06 08:31:00+00:00,4147.445,4150.105,4147.275,4150.105,0.033
2026-10-06 08:32:00+00:00,4150.095,4150.155,4146.495,4146.675,0.026
2026-10-06 08:33:00+00:00,4146.815,4147.355,4146.475,4146.675,0.021
2026-10-06 08:34:00+00:00,4146.685,4147.375,4145.485,4146.655,0.024
2026-10-06 08:35:00+00:00,4146.615,4148.125,4146.385,4148.125,0.022
2026-10-06 08:36:00+00:00,4148.195,4148.805,4147.085,4148.805,0.02
2026-10-06 08:37:00+00:00,4148.805,4151.125,4148.805,4149.325,0.04
2026-10-06 08:38:00+00:00,4149.135,4149.415,4148.395,4149.395,0.029
2026-10-06 08:39:00+00:00,4149.305,4149.325,4148.515,4148.605,0.024
2026-10-06 08:40:00+00:00,4148.615,4149.445,4147.635,4149.155,0.029
2026-10-06 08:41:00+00:00,4149.085,4150.445,4149.015,4150.175,0.025
2026-10-06 08:42:00+00:00,4150.165,4152.275,4150.165,4151.965,0.023
2026-10-06 08:43:00+00:00,4151.945,4153.635,4151.945,4152.975,0.028
2026-10-06 08:44:00+00:00,4152.995,4154.265,4152.905,4152.945,0.024
2026-10-06 08:45:00+00:00,4152.955,4153.795,4152.215,4153.325,0.028
2026-10-06 08:46:00+00:00,4153.305,4154.585,4152.635,4153.895,0.036
2026-10-06 08:47:00+00:00,4153.835,4153.895,4151.665,4152.135,0.031
2026-10-06 08:48:00+00:00,4152.045,4152.695,4151.485,4151.555,0.023
2026-10-06 08:49:00+00:00,4151.635,4152.075,4150.735,4151.195,0.025
2026-10-06 08:50:00+00:00,4151.045,4153.725,4151.045,4153.645,0.027
2026-10-06 08:51:00+00:00,4153.605,4154.395,4152.785,4154.065,0.026
2026-10-06 08:52:00+00:00,4154.015,4154.135,4152.015,4152.065,0.025
2026-10-06 08:53:00+00:00,4152.215,4153.175,4152.155,4152.175,0.023
2026-10-06 08:54:00+00:00,4152.215,4152.805,4152.135,4152.395,0.019
2026-10-06 08:55:00+00:00,4152.405,4152.925,4151.375,4152.015,0.028
2026-10-06 08:56:00+00:00,4152.045,4154.035,4151.395,4153.875,0.023
2026-10-06 08:57:00+00:00,4153.835,4154.215,4153.275,4153.815,0.017
2026-10-06 08:58:00+00:00,4153.835,4154.935,4153.835,4154.865,0.017
2026-10-06 08:59:00+00:00,4154.915,4155.935,4154.295,4155.795,0.024
2026-10-06 09:00:00+00:00,4155.635,4156.105,4154.535,4155.595,0.027
2026-10-06 09:01:00+00:00,4155.515,4155.605,4154.245,4155.445,0.022
2026-10-06 09:02:00+00:00,4155.425,4157.145,4155.015,4156.045,0.022
2026-10-06 09:03:00+00:00,4156.065,4156.405,4153.955,4154.055,0.025
2026-10-06 09:04:00+00:00,4154.145,4154.925,4153.675,4153.675,0.022
2026-10-06 09:05:00+00:00,4153.795,4154.185,4153.325,4153.365,0.022
2026-10-06 09:06:00+00:00,4153.275,4153.895,4153.095,4153.545,0.021
2026-10-06 09:07:00+00:00,4153.395,4153.675,4152.565,4153.165,0.022
2026-10-06 09:08:00+00:00,4153.185,4153.465,4152.055,4152.375,0.019
2026-10-06 09:09:00+00:00,4152.315,4153.575,4152.315,4152.455,0.018
2026-10-06 09:10:00+00:00,4152.605,4152.775,4152.205,4152.215,0.019
2026-10-06 09:11:00+00:00,4152.255,4155.025,4150.545,4152.425,0.02
2026-10-06 09:12:00+00:00,4152.635,4152.635,4150.615,4151.125,0.029
2026-10-06 09:13:00+00:00,4151.125,4152.815,4151.125,4151.675,0.029
2026-10-06 09:14:00+00:00,4151.645,4151.705,4150.315,4150.415,0.023
2026-10-06 09:15:00+00:00,4150.475,4151.995,4150.315,4151.715,0.026
2026-10-06 09:16:00+00:00,4151.705,4153.835,4151.695,4153.415,0.023
2026-10-06 09:17:00+00:00,4153.475,4155.045,4153.475,4154.975,0.017
2026-10-06 09:18:00+00:00,4155.005,4156.785,4154.895,4156.035,0.022
2026-10-06 09:19:00+00:00,4156.045,4156.065,4155.495,4155.995,0.017
2026-10-06 09:20:00+00:00,4156.285,4157.355,4155.715,4156.825,0.024
2026-10-06 09:21:00+00:00,4156.895,4157.885,4156.725,4157.195,0.019
2026-10-06 09:22:00+00:00,4157.235,4157.235,4155.585,4155.625,0.016
2026-10-06 09:23:00+00:00,4155.655,4156.505,4155.385,4156.495,0.021
2026-10-06 09:24:00+00:00,4156.505,4156.685,4155.495,4156.245,0.016
2026-10-06 09:25:00+00:00,4156.145,4157.265,4155.835,4157.005,0.015
2026-10-06 09:26:00+00:00,4157.025,4157.455,4156.735,4157.185,0.016
2026-10-06 09:27:00+00:00,4157.105,4157.185,4156.335,4156.895,0.012
2026-10-06 09:28:00+00:00,4156.915,4156.995,4156.235,4156.505,0.015
2026-10-06 09:29:00+00:00,4156.575,4157.605,4156.395,4156.985,0.01
2026-10-06 09:30:00+00:00,4157.035,4157.965,4155.565,4156.545,0.02
2026-10-06 09:31:00+00:00,4156.545,4157.095,4155.685,4156.475,0.024
2026-10-06 09:32:00+00:00,4156.265,4157.565,4156.265,4157.095,0.02
2026-10-06 09:33:00+00:00,4157.135,4158.095,4156.235,4156.515,0.021
2026-10-06 09:34:00+00:00,4156.425,4158.605,4155.985,4157.455,0.046
2026-10-06 09:35:00+00:00,4157.505,4157.605,4155.725,4156.775,0.039
2026-10-06 09:36:00+00:00,4156.745,4156.795,4154.985,4155.245,0.026
2026-10-06 09:37:00+00:00,4155.275,4155.785,4154.915,4155.275,0.019
2026-10-06 09:38:00+00:00,4155.315,4156.395,4154.995,4155.155,0.02
2026-10-06 09:39:00+00:00,4155.145,4155.545,4154.895,4155.305,0.017
2026-10-06 09:40:00+00:00,4155.505,4155.615,4154.845,4155.185,0.015
2026-10-06 09:41:00+00:00,4155.185,4156.955,4155.185,4156.505,0.019
2026-10-06 09:42:00+00:00,4156.615,4156.615,4154.355,4154.485,0.019
2026-10-06 09:43:00+00:00,4154.635,4154.855,4154.005,4154.125,0.015
2026-10-06 09:44:00+00:00,4154.115,4154.365,4153.795,4154.065,0.016
2026-10-06 09:45:00+00:00,4154.135,4154.135,4153.105,4153.435,0.022
2026-10-06 09:46:00+00:00,4153.445,4154.015,4153.325,4153.545,0.021
2026-10-06 09:47:00+00:00,4153.555,4153.695,4152.865,4153.495,0.012
2026-10-06 09:48:00+00:00,4153.535,4153.955,4153.375,4153.605,0.015
2026-10-06 09:49:00+00:00,4153.705,4154.575,4153.605,4154.235,0.014
2026-10-06 09:50:00+00:00,4154.365,4154.475,4153.615,4154.085,0.016
2026-10-06 09:51:00+00:00,4154.075,4154.805,4153.445,4153.855,0.023
2026-10-06 09:52:00+00:00,4153.875,4153.935,4152.465,4153.255,0.019
2026-10-06 09:53:00+00:00,4153.255,4153.425,4152.605,4152.955,0.018
2026-10-06 09:54:00+00:00,4152.885,4153.005,4151.845,4152.075,0.018
2026-10-06 09:55:00+00:00,4152.065,4152.525,4151.995,4152.365,0.015
2026-10-06 09:56:00+00:00,4152.395,4152.865,4152.015,4152.175,0.017
2026-10-06 09:57:00+00:00,4152.235,4152.895,4151.215,4152.725,0.023
2026-10-06 09:58:00+00:00,4152.755,4152.805,4152.045,4152.465,0.018
2026-10-06 09:59:00+00:00,4152.495,4153.455,4152.235,4152.535,0.018
2026-10-06 10:00:00+00:00,4152.595,4153.245,4152.405,4152.585,0.023
2026-10-06 10:01:00+00:00,4152.585,4153.015,4152.405,4152.595,0.018
2026-10-06 10:02:00+00:00,4152.505,4153.335,4152.505,4153.135,0.02
2026-10-06 10:03:00+00:00,4153.245,4154.135,4152.795,4153.015,0.021
2026-10-06 10:04:00+00:00,4152.985,4153.145,4152.505,4152.665,0.015
2026-10-06 10:05:00+00:00,4152.735,4152.735,4150.995,4152.145,0.021
2026-10-06 10:06:00+00:00,4152.205,4153.155,4151.515,4151.795,0.019
2026-10-06 10:07:00+00:00,4151.785,4152.215,4151.625,4152.015,0.011
2026-10-06 10:08:00+00:00,4151.985,4152.055,4151.105,4151.445,0.013
2026-10-06 10:09:00+00:00,4151.535,4152.125,4151.145,4151.435,0.017
2026-10-06 10:10:00+00:00,4151.355,4152.045,4151.125,4151.575,0.014
2026-10-06 10:11:00+00:00,4151.585,4152.235,4151.585,4151.715,0.014
2026-10-06 10:12:00+00:00,4151.685,4152.935,4151.105,4151.835,0.024
2026-10-06 10:13:00+00:00,4151.765,4152.865,4151.625,4152.545,0.016
2026-10-06 10:14:00+00:00,4152.635,4152.725,4151.975,4152.025,0.015
2026-10-06 10:15:00+00:00,4151.995,4152.215,4151.225,4151.815,0.019
2026-10-06 10:16:00+00:00,4151.765,4152.555,4151.535,4151.615,0.023
2026-10-06 10:17:00+00:00,4151.635,4151.925,4150.145,4150.545,0.013
2026-10-06 10:18:00+00:00,4150.465,4150.465,4149.285,4150.245,0.018
2026-10-06 10:19:00+00:00,4150.375,4151.705,4150.375,4151.335,0.016
2026-10-06 10:20:00+00:00,4151.415,4152.415,4151.065,4152.305,0.02
2026-10-06 10:21:00+00:00,4152.375,4153.685,4152.155,4153.645,0.019
2026-10-06 10:22:00+00:00,4153.645,4153.985,4152.885,4153.365,0.018
2026-10-06 10:23:00+00:00,4153.295,4153.615,4153.025,4153.595,0.015
2026-10-06 10:24:00+00:00,4153.665,4154.415,4153.575,4153.655,0.015
2026-10-06 10:25:00+00:00,4153.575,4153.665,4152.585,4152.865,0.018
2026-10-06 10:26:00+00:00,4152.905,4153.215,4152.235,4153.195,0.015
2026-10-06 10:27:00+00:00,4153.225,4154.905,4153.045,4154.315,0.02
2026-10-06 10:28:00+00:00,4153.925,4155.165,4153.895,4154.375,0.015
2026-10-06 10:29:00+00:00,4154.425,4154.515,4153.935,4154.515,0.014
2026-10-06 10:30:00+00:00,4154.575,4155.805,4154.515,4155.495,0.017
2026-10-06 10:31:00+00:00,4155.505,4156.685,4155.375,4155.975,0.016
2026-10-06 10:32:00+00:00,4155.965,4156.195,4155.625,4155.905,0.015
2026-10-06 10:33:00+00:00,4155.955,4158.475,4155.715,4157.075,0.019
2026-10-06 10:34:00+00:00,4157.195,4158.025,4157.035,4157.515,0.019
2026-10-06 10:35:00+00:00,4157.455,4159.005,4156.975,4158.205,0.02
2026-10-06 10:36:00+00:00,4158.185,4158.955,4157.695,4158.535,0.022
2026-10-06 10:37:00+00:00,4158.635,4159.335,4158.485,4158.845,0.016
2026-10-06 10:38:00+00:00,4158.855,4159.275,4158.435,4158.435,0.012
2026-10-06 10:39:00+00:00,4158.415,4158.635,4157.605,4157.895,0.013
2026-10-06 10:40:00+00:00,4157.885,4159.185,4157.655,4159.185,0.013
2026-10-06 10:41:00+00:00,4159.185,4160.445,4158.925,4158.995,0.021
2026-10-06 10:42:00+00:00,4158.965,4160.605,4158.905,4159.175,0.017
2026-10-06 10:43:00+00:00,4159.325,4160.825,4159.165,4160.705,0.026
2026-10-06 10:44:00+00:00,4160.615,4161.145,4159.995,4160.515,0.022
2026-10-06 10:45:00+00:00,4160.615,4160.955,4160.095,4160.095,0.02
2026-10-06 10:46:00+00:00,4160.095,4160.655,4159.225,4159.255,0.018
2026-10-06 10:47:00+00:00,4159.205,4160.005,4158.105,4159.955,0.021
2026-10-06 10:48:00+00:00,4159.965,4160.195,4158.905,4159.375,0.015
2026-10-06 10:49:00+00:00,4159.415,4160.225,4159.195,4159.965,0.014
2026-10-06 10:50:00+00:00,4159.965,4160.545,4159.355,4159.845,0.012
2026-10-06 10:51:00+00:00,4159.765,4160.505,4159.765,4160.015,0.013
2026-10-06 10:52:00+00:00,4160.055,4161.105,4159.665,4160.885,0.017
2026-10-06 10:53:00+00:00,4161.015,4161.045,4160.795,4160.825,0.01
2026-10-06 10:54:00+00:00,4160.805,4160.825,4160.405,4160.635,0.012
2026-10-06 10:55:00+00:00,4160.665,4160.795,4159.715,4159.825,0.016
2026-10-06 10:56:00+00:00,4159.915,4160.075,4159.305,4159.505,0.013
2026-10-06 10:57:00+00:00,4159.515,4159.925,4159.215,4159.575,0.012
2026-10-06 10:58:00+00:00,4159.505,4159.615,4158.785,4158.995,0.017
2026-10-06 10:59:00+00:00,4158.955,4159.405,4158.555,4158.725,0.007
2026-10-06 11:00:00+00:00,4158.845,4159.945,4158.385,4158.535,0.016
2026-10-06 11:01:00+00:00,4158.545,4158.765,4158.035,4158.405,0.019
2026-10-06 11:02:00+00:00,4158.405,4159.065,4158.335,4158.885,0.015
2026-10-06 11:03:00+00:00,4158.875,4158.875,4158.155,4158.255,0.015
2026-10-06 11:04:00+00:00,4158.235,4158.255,4157.545,4157.735,0.017
2026-10-06 11:05:00+00:00,4157.765,4158.005,4156.815,4157.355,0.015
2026-10-06 11:06:00+00:00,4157.295,4157.455,4156.755,4157.025,0.015
2026-10-06 11:07:00+00:00,4157.025,4157.485,4156.605,4156.605,0.013
2026-10-06 11:08:00+00:00,4156.735,4156.955,4156.305,4156.955,0.011
2026-10-06 11:09:00+00:00,4156.925,4157.355,4156.855,4156.935,0.012
2026-10-06 11:10:00+00:00,4156.905,4157.385,4156.475,4157.015,0.016
2026-10-06 11:11:00+00:00,4157.015,4159.415,4156.925,4159.415,0.019
2026-10-06 11:12:00+00:00,4159.475,4161.015,4159.395,4160.315,0.023
2026-10-06 11:13:00+00:00,4160.335,4161.115,4159.195,4160.525,0.026
2026-10-06 11:14:00+00:00,4160.495,4160.975,4159.565,4160.825,0.022
2026-10-06 11:15:00+00:00,4160.865,4162.175,4160.845,4161.505,0.031
2026-10-06 11:16:00+00:00,4161.465,4163.425,4161.045,4162.145,0.027
2026-10-06 11:17:00+00:00,4162.135,4163.165,4162.075,4163.075,0.024
2026-10-06 11:18:00+00:00,4163.165,4164.995,4163.165,4164.295,0.028
2026-10-06 11:19:00+00:00,4164.285,4165.275,4163.745,4164.245,0.025
2026-10-06 11:20:00+00:00,4164.245,4164.525,4163.365,4163.525,0.022
2026-10-06 11:21:00+00:00,4163.605,4165.035,4162.775,4164.795,0.029
2026-10-06 11:22:00+00:00,4164.855,4165.935,4164.455,4165.145,0.03
2026-10-06 11:23:00+00:00,4165.125,4166.275,4163.865,4163.865,0.036
2026-10-06 11:24:00+00:00,4163.845,4164.205,4162.335,4163.215,0.038
2026-10-06 11:25:00+00:00,4163.215,4165.095,4163.025,4165.065,0.029
2026-10-06 11:26:00+00:00,4165.065,4165.345,4163.245,4164.085,0.032
2026-10-06 11:27:00+00:00,4164.095,4165.315,4164.065,4164.065,0.026
2026-10-06 11:28:00+00:00,4164.235,4165.655,4164.125,4165.365,0.026
2026-10-06 11:29:00+00:00,4165.195,4165.765,4164.885,4165.205,0.025
2026-10-06 11:30:00+00:00,4165.205,4167.245,4164.935,4166.335,0.034
2026-10-06 11:31:00+00:00,4166.365,4167.195,4166.005,4166.215,0.025
2026-10-06 11:32:00+00:00,4166.185,4168.135,4165.705,4167.595,0.025
2026-10-06 11:33:00+00:00,4167.785,4169.665,4167.785,4169.615,0.025
2026-10-06 11:34:00+00:00,4169.565,4169.675,4168.225,4168.835,0.028
2026-10-06 11:35:00+00:00,4168.765,4169.255,4168.275,4169.235,0.019
2026-10-06 11:36:00+00:00,4168.995,4170.015,4168.135,4170.015,0.021
2026-10-06 11:37:00+00:00,4170.145,4170.145,4168.485,4168.805,0.027
2026-10-06 11:38:00+00:00,4168.845,4170.695,4168.635,4170.155,0.018
2026-10-06 11:39:00+00:00,4170.155,4172.275,4169.235,4170.445,0.031
2026-10-06 11:40:00+00:00,4170.495,4170.585,4169.285,4169.935,0.022
2026-10-06 11:41:00+00:00,4169.765,4170.445,4168.185,4169.125,0.03
2026-10-06 11:42:00+00:00,4169.125,4171.105,4168.945,4170.585,0.029
2026-10-06 11:43:00+00:00,4170.705,4172.785,4169.945,4172.735,0.034
2026-10-06 11:44:00+00:00,4172.735,4172.735,4171.665,4172.395,0.025
2026-10-06 11:45:00+00:00,4172.395,4172.845,4170.325,4172.845,0.029
2026-10-06 11:46:00+00:00,4172.845,4173.845,4172.335,4172.675,0.032
2026-10-06 11:47:00+00:00,4172.715,4174.305,4172.215,4173.965,0.029
2026-10-06 11:48:00+00:00,4173.985,4174.505,4172.925,4174.435,0.024
2026-10-06 11:49:00+00:00,4174.455,4174.455,4173.655,4173.965,0.02
2026-10-06 11:50:00+00:00,4174.055,4174.365,4173.575,4173.885,0.023
2026-10-06 11:51:00+00:00,4173.765,4174.895,4173.275,4174.675,0.025
2026-10-06 11:52:00+00:00,4174.695,4174.955,4173.935,4174.005,0.021
2026-10-06 11:53:00+00:00,4174.075,4174.425,4173.165,4173.265,0.022
2026-10-06 11:54:00+00:00,4173.265,4173.865,4172.265,4173.475,0.025
2026-10-06 11:55:00+00:00,4173.505,4173.985,4173.315,4173.515,0.021
2026-10-06 11:56:00+00:00,4173.505,4174.965,4172.955,4174.695,0.023
2026-10-06 11:57:00+00:00,4174.805,4175.095,4172.255,4172.785,0.031
2026-10-06 11:58:00+00:00,4172.805,4173.965,4172.535,4173.795,0.025
2026-10-06 11:59:00+00:00,4173.755,4174.085,4173.025,4173.815,0.02
2026-10-06 12:00:00+00:00,4173.995,4174.835,4173.465,4174.325,0.034
2026-10-06 12:01:00+00:00,4174.305,4176.595,4173.915,4175.995,0.037
2026-10-06 12:02:00+00:00,4175.985,4176.845,4175.565,4176.655,0.024
2026-10-06 12:03:00+00:00,4176.625,4177.465,4176.425,4176.805,0.022
2026-10-06 12:04:00+00:00,4176.665,4177.295,4176.075,4176.735,0.021
2026-10-06 12:05:00+00:00,4176.855,4177.585,4175.215,4175.765,0.028
2026-10-06 12:06:00+00:00,4175.655,4176.235,4175.015,4176.025,0.026
2026-10-06 12:07:00+00:00,4175.995,4176.845,4175.735,4176.485,0.028
2026-10-06 12:08:00+00:00,4176.315,4178.165,4176.315,4177.545,0.03
2026-10-06 12:09:00+00:00,4177.545,4177.615,4175.935,4176.165,0.028
2026-10-06 12:10:00+00:00,4176.235,4177.105,4175.485,4176.375,0.028
2026-10-06 12:11:00+00:00,4176.405,4177.315,4175.645,4177.235,0.029
2026-10-06 12:12:00+00:00,4177.265,4179.975,4177.225,4178.475,0.034
2026-10-06 12:13:00+00:00,4178.485,4178.925,4176.935,4178.115,0.027
2026-10-06 12:14:00+00:00,4177.975,4178.905,4177.515,4178.785,0.023
2026-10-06 12:15:00+00:00,4178.895,4178.995,4176.975,4177.295,0.031
2026-10-06 12:16:00+00:00,4177.365,4177.595,4176.545,4177.265,0.028
2026-10-06 12:17:00+00:00,4177.275,4177.275,4174.175,4174.555,0.031
2026-10-06 12:18:00+00:00,4174.535,4177.295,4174.535,4177.115,0.036
2026-10-06 12:19:00+00:00,4177.065,4177.415,4176.135,4176.845,0.031
2026-10-06 12:20:00+00:00,4176.905,4178.635,4174.995,4176.675,0.044
2026-10-06 12:21:00+00:00,4176.635,4178.335,4176.635,4178.335,0.031
2026-10-06 12:22:00+00:00,4178.445,4179.405,4176.715,4178.655,0.037
2026-10-06 12:23:00+00:00,4178.735,4179.495,4178.085,4179.425,0.032
2026-10-06 12:24:00+00:00,4179.455,4179.705,4178.465,4179.015,0.028
2026-10-06 12:25:00+00:00,4179.015,4179.805,4177.775,4179.245,0.029
2026-10-06 12:26:00+00:00,4179.245,4179.245,4175.365,4177.995,0.039
2026-10-06 12:27:00+00:00,4177.935,4177.965,4176.205,4176.415,0.029
2026-10-06 12:28:00+00:00,4176.505,4176.595,4175.345,4175.915,0.024
2026-10-06 12:29:00+00:00,4175.915,4176.175,4174.985,4176.135,0.022
2026-10-06 12:30:00+00:00,4176.405,4177.125,4173.785,4174.335,0.032
2026-10-06 12:31:00+00:00,4174.455,4175.035,4173.505,4173.785,0.029
2026-10-06 12:32:00+00:00,4173.785,4174.645,4173.455,4173.895,0.028
2026-10-06 12:33:00+00:00,4173.775,4173.885,4171.755,4171.825,0.029
2026-10-06 12:34:00+00:00,4171.835,4171.975,4170.575,4170.795,0.033
2026-10-06 12:35:00+00:00,4170.705,4171.855,4170.285,4171.155,0.029
2026-10-06 12:36:00+00:00,4171.225,4172.965,4170.765,4171.015,0.036
2026-10-06 12:37:00+00:00,4171.085,4174.975,4170.945,4174.875,0.035
2026-10-06 12:38:00+00:00,4174.895,4176.255,4174.795,4174.885,0.029
2026-10-06 12:39:00+00:00,4174.815,4176.065,4174.705,4175.195,0.026
2026-10-06 12:40:00+00:00,4175.155,4175.665,4173.905,4174.485,0.024
2026-10-06 12:41:00+00:00,4174.505,4175.295,4172.925,4173.305,0.025
2026-10-06 12:42:00+00:00,4173.195,4173.895,4171.715,4172.635,0.029
2026-10-06 12:43:00+00:00,4172.625,4172.815,4171.435,4172.085,0.03
2026-10-06 12:44:00+00:00,4172.085,4173.545,4172.085,4172.735,0.023
2026-10-06 12:45:00+00:00,4172.665,4173.045,4171.445,4171.995,0.028
2026-10-06 12:46:00+00:00,4172.045,4173.525,4170.665,4170.665,0.027
2026-10-06 12:47:00+00:00,4170.715,4170.965,4169.395,4169.455,0.033
2026-10-06 12:48:00+00:00,4169.445,4169.465,4167.985,4168.245,0.033
2026-10-06 12:49:00+00:00,4168.185,4168.605,4166.955,4167.725,0.028
2026-10-06 12:50:00+00:00,4167.755,4171.835,4166.135,4169.805,0.048
2026-10-06 12:51:00+00:00,4169.785,4174.665,4168.025,4174.045,0.05
2026-10-06 12:52:00+00:00,4173.985,4174.335,4170.865,4170.955,0.048
2026-10-06 12:53:00+00:00,4170.855,4171.745,4169.675,4171.685,0.041
2026-10-06 12:54:00+00:00,4171.715,4171.725,4168.885,4169.425,0.036
2026-10-06 12:55:00+00:00,4169.435,4169.575,4167.795,4169.565,0.035
2026-10-06 12:56:00+00:00,4169.575,4170.455,4168.325,4168.365,0.03
2026-10-06 12:57:00+00:00,4168.285,4171.895,4168.125,4171.595,0.035
2026-10-06 12:58:00+00:00,4171.635,4171.695,4170.065,4170.285,0.027
2026-10-06 12:59:00+00:00,4170.295,4171.725,4170.285,4170.405,0.026
2026-10-06 13:00:00+00:00,4170.385,4171.915,4169.635,4171.715,0.04
2026-10-06 13:01:00+00:00,4171.695,4171.695,4169.675,4170.495,0.039
2026-10-06 13:02:00+00:00,4170.415,4171.835,4169.595,4169.685,0.033
2026-10-06 13:03:00+00:00,4169.725,4170.005,4168.575,4169.655,0.036
2026-10-06 13:04:00+00:00,4169.615,4170.105,4168.095,4168.355,0.033
2026-10-06 13:05:00+00:00,4168.345,4170.345,4168.305,4170.155,0.028
2026-10-06 13:06:00+00:00,4170.095,4171.265,4168.945,4170.405,0.03
2026-10-06 13:07:00+00:00,4170.465,4170.535,4169.465,4169.745,0.029
2026-10-06 13:08:00+00:00,4169.685,4170.805,4169.035,4170.585,0.027
2026-10-06 13:09:00+00:00,4170.525,4173.435,4170.465,4173.435,0.028
2026-10-06 13:10:00+00:00,4173.465,4173.895,4172.325,4172.955,0.03
2026-10-06 13:11:00+00:00,4172.925,4173.585,4171.645,4172.015,0.032
2026-10-06 13:12:00+00:00,4172.015,4174.285,4171.945,4174.085,0.036
2026-10-06 13:13:00+00:00,4173.965,4174.775,4173.065,4174.335,0.029
2026-10-06 13:14:00+00:00,4174.315,4174.685,4172.175,4172.635,0.025
2026-10-06 13:15:00+00:00,4172.595,4172.715,4170.395,4171.025,0.031
2026-10-06 13:16:00+00:00,4170.975,4171.445,4167.985,4168.265,0.035
2026-10-06 13:17:00+00:00,4168.255,4168.355,4165.905,4165.905,0.037
2026-10-06 13:18:00+00:00,4165.985,4166.225,4164.325,4164.745,0.034
2026-10-06 13:19:00+00:00,4164.755,4165.645,4163.235,4165.605,0.036
2026-10-06 13:20:00+00:00,4165.695,4167.525,4165.245,4166.665,0.035
2026-10-06 13:21:00+00:00,4166.545,4167.365,4166.095,4166.675,0.027
2026-10-06 13:22:00+00:00,4167.005,4167.285,4165.195,4165.545,0.033
2026-10-06 13:23:00+00:00,4165.325,4165.325,4163.315,4164.725,0.035
2026-10-06 13:24:00+00:00,4164.755,4165.365,4164.325,4165.095,0.031
2026-10-06 13:25:00+00:00,4165.095,4165.095,4163.085,4163.345,0.036
2026-10-06 13:26:00+00:00,4163.355,4163.865,4161.395,4162.475,0.034
2026-10-06 13:27:00+00:00,4162.395,4162.865,4161.575,4161.885,0.028
2026-10-06 13:28:00+00:00,4161.915,4162.455,4161.475,4162.325,0.029
2026-10-06 13:29:00+00:00,4162.325,4162.965,4161.655,4161.695,0.025
2026-10-06 13:30:00+00:00,4161.635,4164.705,4161.125,4164.415,0.054
2026-10-06 13:31:00+00:00,4164.415,4165.325,4162.915,4164.435,0.052
2026-10-06 13:32:00+00:00,4164.435,4164.475,4160.915,4162.125,0.049
2026-10-06 13:33:00+00:00,4162.125,4162.655,4161.085,4162.285,0.047
2026-10-06 13:34:00+00:00,4162.225,4163.155,4161.885,4161.885,0.044
2026-10-06 13:35:00+00:00,4161.865,4163.645,4161.325,4163.475,0.046
2026-10-06 13:36:00+00:00,4163.385,4164.215,4162.665,4164.015,0.041
2026-10-06 13:37:00+00:00,4164.035,4164.935,4163.125,4163.125,0.037
2026-10-06 13:38:00+00:00,4163.105,4163.105,4160.855,4161.815,0.045
2026-10-06 13:39:00+00:00,4161.895,4162.135,4159.395,4159.975,0.041
2026-10-06 13:40:00+00:00,4159.855,4160.295,4157.075,4157.245,0.041
2026-10-06 13:41:00+00:00,4157.175,4158.525,4156.895,4157.445,0.05
2026-10-06 13:42:00+00:00,4157.415,4159.095,4155.975,4158.675,0.043
2026-10-06 13:43:00+00:00,4158.675,4160.225,4157.915,4158.135,0.046
2026-10-06 13:44:00+00:00,4158.275,4159.445,4157.915,4158.735,0.036
2026-10-06 13:45:00+00:00,4158.725,4158.755,4155.525,4156.185,0.044
2026-10-06 13:46:00+00:00,4156.185,4156.895,4155.255,4155.945,0.035
2026-10-06 13:47:00+00:00,4155.945,4157.015,4155.275,4155.635,0.034
2026-10-06 13:48:00+00:00,4155.635,4156.025,4155.225,4155.985,0.026
2026-10-06 13:49:00+00:00,4156.015,4156.475,4155.085,4156.075,0.029
2026-10-06 13:50:00+00:00,4156.045,4157.385,4155.805,4156.485,0.035
2026-10-06 13:51:00+00:00,4156.475,4157.915,4155.835,4156.765,0.037
2026-10-06 13:52:00+00:00,4156.405,4156.805,4154.765,4155.195,0.041
2026-10-06 13:53:00+00:00,4155.125,4156.335,4153.775,4156.065,0.039
2026-10-06 13:54:00+00:00,4156.055,4156.395,4154.245,4154.245,0.042
2026-10-06 13:55:00+00:00,4154.205,4154.875,4152.145,4154.415,0.048
2026-10-06 13:56:00+00:00,4154.405,4155.495,4153.805,4155.495,0.038
2026-10-06 13:57:00+00:00,4155.415,4155.505,4153.915,4154.505,0.031
2026-10-06 13:58:00+00:00,4154.295,4155.405,4153.475,4154.415,0.035
2026-10-06 13:59:00+00:00,4154.475,4154.845,4152.945,4152.945,0.023
2026-10-06 14:00:00+00:00,4152.655,4155.555,4152.115,4154.885,0.034
2026-10-06 14:01:00+00:00,4155.025,4156.955,4153.905,4155.015,0.044
2026-10-06 14:02:00+00:00,4155.015,4156.305,4153.985,4154.365,0.043
2026-10-06 14:03:00+00:00,4154.295,4156.295,4154.205,4155.025,0.036
2026-10-06 14:04:00+00:00,4155.105,4158.485,4154.635,4155.945,0.037
2026-10-06 14:05:00+00:00,4155.945,4156.845,4155.195,4156.745,0.04
2026-10-06 14:06:00+00:00,4156.745,4157.965,4156.035,4157.135,0.039
2026-10-06 14:07:00+00:00,4157.155,4158.865,4156.945,4157.665,0.04
2026-10-06 14:08:00+00:00,4157.425,4157.545,4153.845,4154.185,0.035
2026-10-06 14:09:00+00:00,4154.165,4156.385,4153.575,4156.335,0.042
2026-10-06 14:10:00+00:00,4156.295,4156.925,4153.605,4153.955,0.04
2026-10-06 14:11:00+00:00,4153.955,4153.955,4152.375,4153.725,0.035
2026-10-06 14:12:00+00:00,4153.745,4154.175,4153.025,4153.365,0.031
2026-10-06 14:13:00+00:00,4153.225,4155.165,4153.025,4154.615,0.038
2026-10-06 14:14:00+00:00,4154.605,4156.005,4153.785,4155.085,0.038
2026-10-06 14:15:00+00:00,4155.155,4155.655,4154.245,4154.425,0.037
2026-10-06 14:16:00+00:00,4154.385,4154.385,4151.565,4151.755,0.035
2026-10-06 14:17:00+00:00,4151.665,4152.795,4151.165,4151.205,0.032
2026-10-06 14:18:00+00:00,4151.105,4151.545,4148.395,4148.925,0.043
2026-10-06 14:19:00+00:00,4148.985,4150.175,4148.115,4149.145,0.038
2026-10-06 14:20:00+00:00,4149.145,4149.775,4148.225,4148.615,0.037
2026-10-06 14:21:00+00:00,4148.595,4149.765,4148.425,4148.805,0.037
2026-10-06 14:22:00+00:00,4148.845,4149.825,4147.995,4148.205,0.035
2026-10-06 14:23:00+00:00,4148.215,4149.355,4147.965,4148.565,0.035
2026-10-06 14:24:00+00:00,4148.535,4148.575,4144.575,4146.825,0.042
2026-10-06 14:25:00+00:00,4146.975,4146.975,4145.625,4146.855,0.038
2026-10-06 14:26:00+00:00,4146.845,4147.235,4146.155,4146.275,0.033
2026-10-06 14:27:00+00:00,4146.395,4147.315,4145.655,4146.035,0.034
2026-10-06 14:28:00+00:00,4146.305,4146.675,4144.105,4145.205,0.03
2026-10-06 14:29:00+00:00,4145.205,4146.625,4144.835,4146.345,0.033
2026-10-06 14:30:00+00:00,4146.345,4146.715,4143.885,4144.785,0.046
2026-10-06 14:31:00+00:00,4144.785,4146.535,4144.785,4146.175,0.035
2026-10-06 14:32:00+00:00,4146.205,4147.755,4145.205,4147.375,0.039
2026-10-06 14:33:00+00:00,4147.285,4149.365,4146.635,4148.995,0.038
2026-10-06 14:34:00+00:00,4148.985,4151.165,4148.265,4151.125,0.036
2026-10-06 14:35:00+00:00,4151.165,4152.375,4150.535,4151.915,0.04
2026-10-06 14:36:00+00:00,4151.835,4152.325,4150.435,4151.745,0.031
2026-10-06 14:37:00+00:00,4151.755,4152.625,4151.055,4151.065,0.033
2026-10-06 14:38:00+00:00,4151.135,4151.545,4149.925,4151.425,0.038
2026-10-06 14:39:00+00:00,4151.275,4151.365,4149.295,4149.705,0.032
2026-10-06 14:40:00+00:00,4149.715,4150.195,4149.005,4149.255,0.028
2026-10-06 14:41:00+00:00,4149.235,4150.465,4148.655,4150.265,0.025
2026-10-06 14:42:00+00:00,4150.275,4151.285,4149.585,4151.055,0.03
2026-10-06 14:43:00+00:00,4150.985,4153.075,4150.985,4152.835,0.026
2026-10-06 14:44:00+00:00,4152.825,4153.215,4152.305,4153.065,0.019
2026-10-06 14:45:00+00:00,4153.005,4153.455,4152.475,4153.285,0.036
2026-10-06 14:46:00+00:00,4153.295,4153.405,4151.465,4151.705,0.032
2026-10-06 14:47:00+00:00,4151.805,4152.065,4150.655,4151.325,0.029
2026-10-06 14:48:00+00:00,4151.305,4151.405,4149.395,4150.505,0.027
2026-10-06 14:49:00+00:00,4150.555,4152.315,4150.535,4151.315,0.029
2026-10-06 14:50:00+00:00,4151.345,4153.895,4151.295,4153.665,0.03
2026-10-06 14:51:00+00:00,4153.715,4155.725,4153.565,4155.615,0.035
2026-10-06 14:52:00+00:00,4155.555,4155.665,4154.065,4154.755,0.034
2026-10-06 14:53:00+00:00,4154.765,4157.505,4154.295,4157.385,0.03
2026-10-06 14:54:00+00:00,4157.345,4157.875,4155.565,4155.985,0.034
2026-10-06 14:55:00+00:00,4155.975,4156.205,4154.815,4155.585,0.036
2026-10-06 14:56:00+00:00,4155.535,4156.415,4155.475,4156.185,0.025
2026-10-06 14:57:00+00:00,4156.205,4156.205,4153.965,4154.355,0.029
2026-10-06 14:58:00+00:00,4154.135,4155.325,4153.595,4154.715,0.032
2026-10-06 14:59:00+00:00,4154.855,4157.195,4154.855,4156.485,0.026
2026-10-06 15:00:00+00:00,4156.615,4158.595,4156.145,4158.435,0.043
2026-10-06 15:01:00+00:00,4158.445,4158.915,4157.945,4158.265,0.038
2026-10-06 15:02:00+00:00,4158.385,4162.085,4157.785,4162.065,0.046
2026-10-06 15:03:00+00:00,4162.075,4163.945,4161.875,4163.145,0.045
2026-10-06 15:04:00+00:00,4163.055,4163.495,4160.805,4161.195,0.037
2026-10-06 15:05:00+00:00,4161.325,4161.635,4160.375,4161.175,0.035
2026-10-06 15:06:00+00:00,4161.125,4164.225,4160.725,4163.635,0.039
2026-10-06 15:07:00+00:00,4163.635,4163.975,4159.775,4160.575,0.04
2026-10-06 15:08:00+00:00,4160.575,4160.905,4159.615,4160.465,0.037
2026-10-06 15:09:00+00:00,4160.465,4161.785,4160.015,4160.965,0.035
2026-10-06 15:10:00+00:00,4160.965,4162.965,4160.905,4162.925,0.035
2026-10-06 15:11:00+00:00,4162.875,4163.365,4161.775,4162.445,0.032
2026-10-06 15:12:00+00:00,4162.445,4163.055,4161.525,4162.915,0.026
2026-10-06 15:13:00+00:00,4162.915,4163.365,4162.185,4163.275,0.026
2026-10-06 15:14:00+00:00,4163.275,4163.495,4162.775,4162.885,0.021
2026-10-06 15:15:00+00:00,4162.945,4165.015,4162.945,4164.995,0.037
2026-10-06 15:16:00+00:00,4164.995,4164.995,4163.405,4163.525,0.031
2026-10-06 15:17:00+00:00,4163.505,4163.665,4162.345,4163.625,0.033
2026-10-06 15:18:00+00:00,4163.545,4163.625,4162.695,4163.455,0.029
2026-10-06 15:19:00+00:00,4163.455,4163.795,4162.225,4162.615,0.035
2026-10-06 15:20:00+00:00,4162.745,4164.165,4161.565,4164.145,0.036
2026-10-06 15:21:00+00:00,4164.145,4164.755,4163.385,4163.425,0.031
2026-10-06 15:22:00+00:00,4163.425,4163.475,4162.685,4163.145,0.031
2026-10-06 15:23:00+00:00,4163.205,4163.765,4162.605,4163.545,0.027
2026-10-06 15:24:00+00:00,4163.475,4164.135,4162.625,4163.705,0.034
2026-10-06 15:25:00+00:00,4163.705,4164.265,4162.975,4163.275,0.032
2026-10-06 15:26:00+00:00,4163.275,4164.475,4163.125,4164.185,0.033
2026-10-06 15:27:00+00:00,4164.185,4164.485,4163.045,4164.385,0.033
2026-10-06 15:28:00+00:00,4164.495,4165.325,4163.785,4164.355,0.037
2026-10-06 15:29:00+00:00,4164.355,4164.765,4163.025,4163.645,0.045
2026-10-06 15:30:00+00:00,4163.645,4164.505,4161.935,4161.935,0.039
2026-10-06 15:31:00+00:00,4161.935,4163.865,4161.875,4163.865,0.036
2026-10-06 15:32:00+00:00,4163.865,4165.085,4163.325,4165.085,0.029
2026-10-06 15:33:00+00:00,4165.195,4166.575,4165.195,4166.165,0.035
2026-10-06 15:34:00+00:00,4166.105,4169.285,4166.065,4168.725,0.037
2026-10-06 15:35:00+00:00,4168.725,4169.085,4165.625,4166.615,0.044
2026-10-06 15:36:00+00:00,4166.615,4167.755,4166.255,4167.025,0.034
2026-10-06 15:37:00+00:00,4167.025,4167.775,4166.645,4167.285,0.032
2026-10-06 15:38:00+00:00,4167.285,4167.595,4165.825,4167.245,0.034
2026-10-06 15:39:00+00:00,4167.135,4167.485,4166.465,4167.355,0.028
2026-10-06 15:40:00+00:00,4167.475,4167.525,4165.885,4167.005,0.036
2026-10-06 15:41:00+00:00,4167.115,4167.745,4166.695,4167.125,0.026
2026-10-06 15:42:00+00:00,4166.985,4167.315,4166.295,4167.315,0.026
2026-10-06 15:43:00+00:00,4167.305,4168.155,4167.215,4168.025,0.021
2026-10-06 15:44:00+00:00,4168.025,4169.635,4167.725,4169.305,0.029
2026-10-06 15:45:00+00:00,4169.305,4169.345,4166.685,4167.405,0.033
2026-10-06 15:46:00+00:00,4167.385,4169.045,4165.235,4168.965,0.035
2026-10-06 15:47:00+00:00,4168.875,4169.445,4168.485,4168.655,0.029
2026-10-06 15:48:00+00:00,4168.695,4169.735,4168.695,4169.175,0.029
2026-10-06 15:49:00+00:00,4169.185,4169.545,4168.515,4168.675,0.026
2026-10-06 15:50:00+00:00,4168.675,4170.385,4168.675,4170.155,0.028
2026-10-06 15:51:00+00:00,4170.155,4170.905,4167.455,4167.455,0.03
2026-10-06 15:52:00+00:00,4167.655,4167.655,4165.905,4166.165,0.029
2026-10-06 15:53:00+00:00,4166.165,4166.275,4165.375,4165.605,0.034
2026-10-06 15:54:00+00:00,4165.715,4165.735,4164.465,4164.895,0.027
2026-10-06 15:55:00+00:00,4164.815,4165.895,4164.715,4165.555,0.032
2026-10-06 15:56:00+00:00,4165.515,4165.955,4164.245,4165.665,0.025
2026-10-06 15:57:00+00:00,4165.635,4166.055,4165.235,4165.365,0.024
2026-10-06 15:58:00+00:00,4165.465,4165.845,4164.705,4165.435,0.025
2026-10-06 15:59:00+00:00,4165.445,4165.635,4164.225,4164.985,0.024
2026-10-06 16:00:00+00:00,4164.995,4166.235,4163.705,4163.745,0.038
2026-10-06 16:01:00+00:00,4163.785,4164.035,4163.185,4163.875,0.032
2026-10-06 16:02:00+00:00,4163.925,4164.975,4163.925,4164.385,0.023
2026-10-06 16:03:00+00:00,4164.485,4165.355,4163.715,4163.715,0.033
2026-10-06 16:04:00+00:00,4163.665,4164.305,4162.565,4163.805,0.026
2026-10-06 16:05:00+00:00,4163.955,4164.205,4163.115,4163.835,0.03
2026-10-06 16:06:00+00:00,4163.895,4164.735,4163.715,4164.395,0.028
2026-10-06 16:07:00+00:00,4164.425,4165.015,4163.835,4164.705,0.025
2026-10-06 16:08:00+00:00,4164.705,4165.525,4162.975,4163.285,0.029
2026-10-06 16:09:00+00:00,4163.285,4163.455,4162.655,4163.325,0.029
2026-10-06 16:10:00+00:00,4163.465,4163.985,4162.715,4163.845,0.028
2026-10-06 16:11:00+00:00,4163.845,4163.845,4161.345,4161.955,0.029
2026-10-06 16:12:00+00:00,4161.955,4162.365,4161.545,4161.585,0.027
2026-10-06 16:13:00+00:00,4161.585,4162.575,4161.145,4161.715,0.024
2026-10-06 16:14:00+00:00,4161.785,4163.605,4161.585,4163.495,0.03
2026-10-06 16:15:00+00:00,4163.485,4164.035,4162.215,4163.395,0.024
2026-10-06 16:16:00+00:00,4163.395,4164.995,4163.335,4163.675,0.027
2026-10-06 16:17:00+00:00,4163.625,4164.145,4163.415,4163.745,0.025
2026-10-06 16:18:00+00:00,4163.745,4164.775,4163.745,4164.775,0.016
2026-10-06 16:19:00+00:00,4164.775,4165.045,4162.435,4162.965,0.021
2026-10-06 16:20:00+00:00,4162.635,4163.245,4162.325,4163.005,0.023
2026-10-06 16:21:00+00:00,4162.915,4164.135,4162.805,4163.725,0.022
2026-10-06 16:22:00+00:00,4163.985,4164.315,4163.145,4163.515,0.021
2026-10-06 16:23:00+00:00,4163.515,4165.195,4163.515,4164.895,0.017
2026-10-06 16:24:00+00:00,4164.865,4165.395,4163.465,4164.235,0.021
2026-10-06 16:25:00+00:00,4164.135,4164.165,4162.485,4163.295,0.023
2026-10-06 16:26:00+00:00,4163.275,4163.505,4162.645,4162.915,0.018
2026-10-06 16:27:00+00:00,4162.915,4163.065,4161.815,4162.105,0.019
2026-10-06 16:28:00+00:00,4162.125,4162.125,4160.875,4161.135,0.023
2026-10-06 16:29:00+00:00,4161.135,4161.435,4160.705,4161.045,0.019
2026-10-06 16:30:00+00:00,4161.045,4161.665,4160.995,4161.575,0.022
2026-10-06 16:31:00+00:00,4161.505,4161.895,4161.005,4161.485,0.022
2026-10-06 16:32:00+00:00,4161.445,4161.925,4160.755,4160.945,0.018
2026-10-06 16:33:00+00:00,4161.095,4161.095,4160.305,4160.935,0.022
2026-10-06 16:34:00+00:00,4160.935,4161.725,4160.345,4160.345,0.016
2026-10-06 16:35:00+00:00,4160.425,4161.245,4160.195,4161.075,0.022
2026-10-06 16:36:00+00:00,4161.055,4162.265,4160.615,4162.265,0.019
2026-10-06 16:37:00+00:00,4162.165,4162.275,4160.505,4160.785,0.018
2026-10-06 16:38:00+00:00,4160.785,4160.785,4159.575,4160.175,0.019
2026-10-06 16:39:00+00:00,4160.175,4161.045,4160.045,4160.935,0.02
2026-10-06 16:40:00+00:00,4160.935,4160.935,4159.825,4160.515,0.018
2026-10-06 16:41:00+00:00,4160.455,4160.515,4159.325,4160.135,0.022
2026-10-06 16:42:00+00:00,4160.135,4160.815,4159.805,4159.915,0.017
2026-10-06 16:43:00+00:00,4159.895,4160.535,4159.565,4160.525,0.017
2026-10-06 16:44:00+00:00,4160.415,4161.645,4160.335,4161.085,0.022
2026-10-06 16:45:00+00:00,4160.865,4161.995,4160.315,4161.005,0.023
2026-10-06 16:46:00+00:00,4161.005,4161.395,4159.905,4159.905,0.016
2026-10-06 16:47:00+00:00,4159.965,4160.305,4158.985,4159.275,0.018
2026-10-06 16:48:00+00:00,4159.165,4159.505,4156.365,4157.375,0.032
2026-10-06 16:49:00+00:00,4157.395,4157.795,4156.895,4157.115,0.02
2026-10-06 16:50:00+00:00,4157.115,4157.835,4156.895,4157.295,0.021
2026-10-06 16:51:00+00:00,4157.315,4157.395,4156.775,4157.115,0.018
2026-10-06 16:52:00+00:00,4157.115,4157.285,4156.715,4156.875,0.017
2026-10-06 16:53:00+00:00,4156.875,4156.895,4155.785,4156.395,0.02
2026-10-06 16:54:00+00:00,4156.295,4156.415,4155.375,4156.105,0.023
2026-10-06 16:55:00+00:00,4156.085,4156.305,4154.605,4155.085,0.029
2026-10-06 16:56:00+00:00,4154.945,4155.585,4154.545,4155.315,0.019
2026-10-06 16:57:00+00:00,4155.315,4156.595,4155.315,4155.875,0.022
2026-10-06 16:58:00+00:00,4155.905,4156.625,4155.725,4156.065,0.016
2026-10-06 16:59:00+00:00,4156.065,4157.435,4156.065,4157.265,0.016
2026-10-06 17:00:00+00:00,4157.265,4158.175,4157.045,4157.615,0.02
2026-10-06 17:01:00+00:00,4157.615,4158.125,4157.385,4158.125,0.014
2026-10-06 17:02:00+00:00,4158.125,4158.335,4156.815,4157.245,0.025
2026-10-06 17:03:00+00:00,4157.235,4158.555,4157.215,4158.125,0.025
2026-10-06 17:04:00+00:00,4158.145,4159.845,4158.025,4159.705,0.021
2026-10-06 17:05:00+00:00,4159.705,4161.135,4159.705,4160.675,0.028
2026-10-06 17:06:00+00:00,4160.825,4161.525,4160.625,4161.385,0.019
2026-10-06 17:07:00+00:00,4161.315,4162.155,4160.655,4161.875,0.019
2026-10-06 17:08:00+00:00,4161.875,4163.185,4161.635,4162.515,0.025
2026-10-06 17:09:00+00:00,4162.515,4163.935,4162.045,4163.935,0.022
2026-10-06 17:10:00+00:00,4163.915,4164.275,4163.425,4163.975,0.03
2026-10-06 17:11:00+00:00,4163.975,4164.955,4163.835,4164.515,0.022
2026-10-06 17:12:00+00:00,4164.545,4164.785,4162.965,4162.965,0.022
2026-10-06 17:13:00+00:00,4162.965,4163.235,4162.545,4162.885,0.024
2026-10-06 17:14:00+00:00,4162.945,4163.245,4162.165,4162.605,0.018
2026-10-06 17:15:00+00:00,4162.735,4163.115,4162.345,4162.965,0.02
2026-10-06 17:16:00+00:00,4162.965,4164.445,4162.965,4163.555,0.02
2026-10-06 17:17:00+00:00,4163.555,4164.095,4162.745,4162.895,0.016
2026-10-06 17:18:00+00:00,4162.945,4163.135,4161.935,4162.445,0.019
2026-10-06 17:19:00+00:00,4162.325,4162.635,4161.315,4161.385,0.016
2026-10-06 17:20:00+00:00,4161.385,4162.545,4160.635,4162.355,0.029
2026-10-06 17:21:00+00:00,4162.355,4162.775,4160.015,4161.465,0.033
2026-10-06 17:22:00+00:00,4161.525,4161.525,4159.165,4160.075,0.032
2026-10-06 17:23:00+00:00,4159.975,4160.375,4158.115,4159.305,0.034
2026-10-06 17:24:00+00:00,4159.345,4160.325,4158.805,4160.325,0.041
2026-10-06 17:25:00+00:00,4160.325,4160.785,4159.785,4160.595,0.029
2026-10-06 17:26:00+00:00,4160.605,4161.565,4160.565,4160.575,0.02
2026-10-06 17:27:00+00:00,4160.575,4160.575,4159.165,4160.115,0.028
2026-10-06 17:28:00+00:00,4159.965,4160.635,4159.255,4159.255,0.019
2026-10-06 17:29:00+00:00,4159.255,4161.405,4158.465,4161.235,0.044
2026-10-06 17:30:00+00:00,4161.185,4161.395,4160.565,4160.665,0.024
2026-10-06 17:31:00+00:00,4160.745,4162.245,4160.505,4161.315,0.022
2026-10-06 17:32:00+00:00,4161.315,4161.805,4160.975,4161.635,0.016
2026-10-06 17:33:00+00:00,4161.635,4163.085,4161.465,4163.075,0.02
2026-10-06 17:34:00+00:00,4163.075,4163.975,4162.665,4163.385,0.02
2026-10-06 17:35:00+00:00,4163.335,4164.145,4163.015,4163.625,0.017
2026-10-06 17:36:00+00:00,4163.625,4163.725,4162.735,4163.475,0.018
2026-10-06 17:37:00+00:00,4163.445,4164.095,4163.435,4163.525,0.018
2026-10-06 17:38:00+00:00,4163.525,4163.695,4162.765,4163.475,0.015
2026-10-06 17:39:00+00:00,4163.475,4163.735,4162.655,4162.755,0.017
2026-10-06 17:40:00+00:00,4162.725,4163.535,4162.365,4163.535,0.02
2026-10-06 17:41:00+00:00,4163.535,4164.475,4163.395,4164.345,0.015
2026-10-06 17:42:00+00:00,4164.345,4164.965,4163.945,4164.135,0.013
2026-10-06 17:43:00+00:00,4164.135,4165.805,4163.985,4165.555,0.015
2026-10-06 17:44:00+00:00,4165.555,4165.885,4165.275,4165.355,0.015
2026-10-06 17:45:00+00:00,4165.385,4165.545,4164.205,4164.795,0.016
2026-10-06 17:46:00+00:00,4164.795,4164.995,4164.065,4164.485,0.024
2026-10-06 17:47:00+00:00,4164.355,4164.705,4164.115,4164.595,0.013
2026-10-06 17:48:00+00:00,4164.605,4165.085,4164.505,4165.045,0.013
2026-10-06 17:49:00+00:00,4165.025,4165.455,4164.715,4165.455,0.014
2026-10-06 17:50:00+00:00,4165.505,4166.105,4165.265,4165.445,0.017
2026-10-06 17:51:00+00:00,4165.435,4166.285,4165.435,4166.165,0.017
2026-10-06 17:52:00+00:00,4166.165,4166.575,4165.835,4166.185,0.021
2026-10-06 17:53:00+00:00,4166.235,4166.535,4165.865,4165.945,0.013
2026-10-06 17:54:00+00:00,4166.025,4166.395,4164.535,4165.395,0.02
2026-10-06 17:55:00+00:00,4165.425,4165.545,4164.905,4165.095,0.019
2026-10-06 17:56:00+00:00,4164.975,4165.265,4164.345,4164.445,0.021
2026-10-06 17:57:00+00:00,4164.555,4165.695,4164.375,4165.595,0.022
2026-10-06 17:58:00+00:00,4165.735,4165.885,4165.015,4165.805,0.02
2026-10-06 17:59:00+00:00,4165.795,4165.865,4165.025,4165.185,0.02
2026-10-06 18:00:00+00:00,4165.065,4165.635,4164.785,4164.845,0.024
2026-10-06 18:01:00+00:00,4164.985,4165.995,4164.405,4165.705,0.025
2026-10-06 18:02:00+00:00,4165.705,4166.165,4165.535,4166.075,0.025
2026-10-06 18:03:00+00:00,4166.075,4167.365,4166.075,4167.365,0.025
2026-10-06 18:04:00+00:00,4167.365,4167.465,4166.845,4167.065,0.018
2026-10-06 18:05:00+00:00,4166.945,4167.435,4166.425,4166.595,0.018
2026-10-06 18:06:00+00:00,4166.595,4167.675,4166.515,4167.675,0.018
2026-10-06 18:07:00+00:00,4167.595,4168.515,4167.375,4168.095,0.025
2026-10-06 18:08:00+00:00,4168.085,4168.485,4167.965,4168.195,0.018
2026-10-06 18:09:00+00:00,4168.085,4168.215,4167.335,4167.685,0.02
2026-10-06 18:10:00+00:00,4167.785,4168.545,4167.745,4168.525,0.02
2026-10-06 18:11:00+00:00,4168.535,4168.795,4168.085,4168.795,0.015
2026-10-06 18:12:00+00:00,4168.795,4169.165,4168.435,4168.915,0.018
2026-10-06 18:13:00+00:00,4169.065,4169.545,4168.355,4169.545,0.018
2026-10-06 18:14:00+00:00,4169.545,4170.245,4169.185,4169.925,0.025
2026-10-06 18:15:00+00:00,4169.825,4170.585,4169.815,4170.275,0.025
2026-10-06 18:16:00+00:00,4170.275,4170.605,4169.935,4170.065,0.024
2026-10-06 18:17:00+00:00,4169.905,4171.275,4169.905,4171.165,0.016
2026-10-06 18:18:00+00:00,4171.185,4172.795,4171.155,4172.655,0.024
2026-10-06 18:19:00+00:00,4172.525,4173.195,4172.085,4172.165,0.022
2026-10-06 18:20:00+00:00,4172.085,4172.345,4171.015,4171.595,0.025
2026-10-06 18:21:00+00:00,4171.545,4171.625,4170.955,4171.255,0.022
2026-10-06 18:22:00+00:00,4171.365,4171.465,4169.995,4170.455,0.02
2026-10-06 18:23:00+00:00,4170.515,4170.875,4168.525,4168.585,0.026
2026-10-06 18:24:00+00:00,4168.485,4169.725,4167.995,4169.535,0.023
2026-10-06 18:25:00+00:00,4169.515,4169.515,4168.695,4169.215,0.024
2026-10-06 18:26:00+00:00,4169.165,4170.475,4168.915,4170.405,0.022
2026-10-06 18:27:00+00:00,4170.445,4170.735,4169.385,4169.415,0.022
2026-10-06 18:28:00+00:00,4169.505,4169.905,4169.025,4169.065,0.027
2026-10-06 18:29:00+00:00,4168.955,4169.435,4168.365,4169.295,0.025
2026-10-06 18:30:00+00:00,4169.505,4169.835,4168.665,4169.115,0.021
2026-10-06 18:31:00+00:00,4169.165,4169.175,4167.915,4168.085,0.018
2026-10-06 18:32:00+00:00,4168.125,4168.605,4167.845,4167.915,0.017
2026-10-06 18:33:00+00:00,4168.025,4168.295,4167.805,4167.965,0.014
2026-10-06 18:34:00+00:00,4167.985,4168.445,4167.755,4167.985,0.012
2026-10-06 18:35:00+00:00,4167.855,4168.305,4167.655,4167.725,0.014
2026-10-06 18:36:00+00:00,4167.735,4168.275,4166.735,4168.275,0.02
2026-10-06 18:37:00+00:00,4168.065,4168.585,4167.365,4168.585,0.013
2026-10-06 18:38:00+00:00,4168.615,4168.935,4168.215,4168.475,0.016
2026-10-06 18:39:00+00:00,4168.465,4168.525,4167.955,4168.005,0.013
2026-10-06 18:40:00+00:00,4167.885,4168.355,4167.325,4168.345,0.014
2026-10-06 18:41:00+00:00,4168.285,4168.895,4168.145,4168.645,0.021
2026-10-06 18:42:00+00:00,4168.735,4170.275,4168.735,4170.145,0.025
2026-10-06 18:43:00+00:00,4170.125,4170.465,4169.865,4170.145,0.018
2026-10-06 18:44:00+00:00,4170.115,4170.565,4170.045,4170.505,0.013
2026-10-06 18:45:00+00:00,4170.585,4170.865,4169.815,4170.105,0.018
2026-10-06 18:46:00+00:00,4170.095,4170.145,4169.425,4169.985,0.017
2026-10-06 18:47:00+00:00,4170.035,4171.905,4169.935,4171.755,0.019
2026-10-06 18:48:00+00:00,4171.805,4173.095,4171.805,4172.755,0.017
2026-10-06 18:49:00+00:00,4172.635,4173.295,4172.505,4173.275,0.014
2026-10-06 18:50:00+00:00,4173.295,4173.575,4172.835,4173.455,0.019
2026-10-06 18:51:00+00:00,4173.425,4173.495,4172.965,4173.395,0.015
2026-10-06 18:52:00+00:00,4173.395,4173.475,4172.235,4172.675,0.018
2026-10-06 18:53:00+00:00,4172.555,4172.845,4172.425,4172.465,0.011
2026-10-06 18:54:00+00:00,4172.435,4172.605,4172.295,4172.435,0.01
2026-10-06 18:55:00+00:00,4172.535,4175.315,4172.415,4175.315,0.026
2026-10-06 18:56:00+00:00,4175.265,4176.905,4174.975,4176.785,0.022
2026-10-06 18:57:00+00:00,4176.785,4177.135,4175.745,4176.395,0.019
2026-10-06 18:58:00+00:00,4176.435,4176.965,4176.405,4176.685,0.016
2026-10-06 18:59:00+00:00,4176.685,4176.775,4176.065,4176.065,0.019
2026-10-06 19:00:00+00:00,4175.985,4179.985,4175.945,4177.095,0.023
2026-10-06 19:01:00+00:00,4177.205,4179.195,4176.275,4179.035,0.019
2026-10-06 19:02:00+00:00,4179.045,4184.725,4179.045,4181.305,0.034
2026-10-06 19:03:00+00:00,4181.375,4181.375,4178.175,4178.285,0.021
2026-10-06 19:04:00+00:00,4178.395,4178.655,4177.365,4178.115,0.018
2026-10-06 19:05:00+00:00,4178.335,4178.715,4177.995,4178.425,0.015
2026-10-06 19:06:00+00:00,4178.455,4178.545,4177.085,4177.195,0.019
2026-10-06 19:07:00+00:00,4177.195,4177.745,4176.835,4177.435,0.014
2026-10-06 19:08:00+00:00,4177.335,4178.295,4177.195,4177.995,0.014
2026-10-06 19:09:00+00:00,4177.865,4177.965,4176.645,4176.845,0.01
2026-10-06 19:10:00+00:00,4176.735,4177.275,4176.715,4176.955,0.012
2026-10-06 19:11:00+00:00,4177.055,4177.155,4175.595,4175.985,0.011
2026-10-06 19:12:00+00:00,4175.825,4175.915,4175.415,4175.715,0.01
2026-10-06 19:13:00+00:00,4175.535,4177.115,4175.405,4176.385,0.013
2026-10-06 19:14:00+00:00,4176.285,4176.875,4176.155,4176.545,0.011
2026-10-06 19:15:00+00:00,4176.655,4177.345,4176.245,4177.315,0.015
2026-10-06 19:16:00+00:00,4177.215,4177.615,4176.635,4177.265,0.014
2026-10-06 19:17:00+00:00,4177.405,4177.555,4176.275,4176.385,0.013
2026-10-06 19:18:00+00:00,4176.265,4176.365,4173.985,4174.085,0.015
2026-10-06 19:19:00+00:00,4174.085,4174.595,4173.965,4174.495,0.011
2026-10-06 19:20:00+00:00,4174.605,4175.705,4174.605,4175.255,0.015
2026-10-06 19:21:00+00:00,4175.305,4175.465,4174.775,4174.835,0.008
2026-10-06 19:22:00+00:00,4174.695,4174.845,4174.175,4174.175,0.008
2026-10-06 19:23:00+00:00,4174.195,4174.395,4173.635,4174.255,0.011
2026-10-06 19:24:00+00:00,4174.385,4174.485,4173.755,4173.835,0.012
2026-10-06 19:25:00+00:00,4173.855,4174.855,4173.705,4173.925,0.011
2026-10-06 19:26:00+00:00,4173.845,4174.265,4173.685,4174.055,0.016
2026-10-06 19:27:00+00:00,4173.965,4174.365,4173.175,4173.555,0.011
2026-10-06 19:28:00+00:00,4173.525,4173.825,4172.645,4172.745,0.015
2026-10-06 19:29:00+00:00,4172.745,4172.905,4172.055,4172.325,0.013
2026-10-06 19:30:00+00:00,4172.325,4172.365,4170.995,4171.685,0.016
2026-10-06 19:31:00+00:00,4171.815,4172.295,4171.395,4171.735,0.013
2026-10-06 19:32:00+00:00,4171.725,4171.855,4170.755,4171.145,0.011
2026-10-06 19:33:00+00:00,4171.145,4171.145,4169.995,4170.435,0.01
2026-10-06 19:34:00+00:00,4170.605,4170.645,4169.435,4169.435,0.008
2026-10-06 19:35:00+00:00,4169.545,4170.035,4169.185,4169.575,0.01
2026-10-06 19:36:00+00:00,4169.695,4170.095,4169.025,4169.325,0.007
2026-10-06 19:37:00+00:00,4169.315,4169.365,4168.425,4168.585,0.007
2026-10-06 19:38:00+00:00,4168.425,4169.515,4168.295,4169.455,0.006
2026-10-06 19:39:00+00:00,4169.525,4169.575,4168.735,4168.855,0.005
2026-10-06 19:40:00+00:00,4168.955,4169.525,4168.955,4169.525,0.011
2026-10-06 19:41:00+00:00,4169.495,4169.605,4169.205,4169.455,0.004
2026-10-06 19:42:00+00:00,4169.455,4169.855,4169.165,4169.495,0.008
2026-10-06 19:43:00+00:00,4169.375,4169.985,4169.315,4169.475,0.01
2026-10-06 19:44:00+00:00,4169.455,4169.585,4168.895,4169.205,0.011
2026-10-06 19:45:00+00:00,4169.215,4170.325,4168.985,4170.235,0.009
2026-10-06 19:46:00+00:00,4169.945,4170.345,4169.165,4169.415,0.01
2026-10-06 19:47:00+00:00,4169.315,4169.855,4169.105,4169.455,0.012
2026-10-06 19:48:00+00:00,4169.405,4169.545,4168.805,4169.015,0.008
2026-10-06 19:49:00+00:00,4168.905,4169.145,4167.365,4167.595,0.012
2026-10-06 19:50:00+00:00,4167.465,4168.565,4167.105,4167.245,0.014
2026-10-06 19:51:00+00:00,4167.275,4168.075,4167.035,4167.085,0.013
2026-10-06 19:52:00+00:00,4167.245,4167.995,4167.075,4167.735,0.014
2026-10-06 19:53:00+00:00,4167.755,4167.965,4167.445,4167.835,0.011
2026-10-06 19:54:00+00:00,4167.735,4168.295,4167.305,4167.735,0.01
2026-10-06 19:55:00+00:00,4167.735,4169.225,4167.705,4168.525,0.016
2026-10-06 19:56:00+00:00,4168.645,4169.695,4168.625,4169.695,0.011
2026-10-06 19:57:00+00:00,4169.575,4169.695,4168.635,4169.355,0.011
2026-10-06 19:58:00+00:00,4169.245,4169.845,4168.815,4169.235,0.018
2026-10-06 19:59:00+00:00,4169.375,4170.145,4169.375,4169.835,0.038
2026-10-06 20:00:00+00:00,4169.835,4170.535,4169.485,4169.775,0.014
2026-10-06 20:01:00+00:00,4169.895,4169.895,4169.205,4169.495,0.008
2026-10-06 20:02:00+00:00,4169.475,4169.485,4168.135,4168.965,0.009
2026-10-06 20:03:00+00:00,4169.245,4169.395,4168.875,4168.875,0.005
2026-10-06 20:04:00+00:00,4168.875,4169.175,4168.815,4169.175,0.004
2026-10-06 20:05:00+00:00,4169.175,4169.305,4168.845,4168.985,0.005
2026-10-06 20:06:00+00:00,4168.855,4169.235,4168.705,4168.875,0.005
2026-10-06 20:07:00+00:00,4168.985,4169.405,4168.925,4169.275,0.004
2026-10-06 20:08:00+00:00,4169.145,4169.795,4169.095,4169.365,0.005
2026-10-06 20:09:00+00:00,4169.235,4169.535,4168.935,4169.435,0.005
2026-10-06 20:10:00+00:00,4169.415,4170.575,4169.415,4169.745,0.008
2026-10-06 20:11:00+00:00,4169.655,4169.655,4168.885,4169.045,0.007
2026-10-06 20:12:00+00:00,4169.035,4169.135,4168.515,4168.955,0.005
2026-10-06 20:13:00+00:00,4168.835,4168.875,4168.565,4168.605,0.004
2026-10-06 20:14:00+00:00,4168.575,4168.815,4168.295,4168.335,0.003
2026-10-06 20:15:00+00:00,4168.285,4168.285,4167.995,4168.095,0.004
2026-10-06 20:16:00+00:00,4168.055,4168.315,4166.895,4167.025,0.007
2026-10-06 20:17:00+00:00,4167.045,4167.575,4167.045,4167.445,0.004
2026-10-06 20:18:00+00:00,4167.295,4167.295,4166.525,4166.725,0.005
2026-10-06 20:19:00+00:00,4166.595,4166.765,4165.235,4165.285,0.008
2026-10-06 20:20:00+00:00,4165.335,4165.945,4164.295,4164.995,0.011
2026-10-06 20:21:00+00:00,4165.145,4165.145,4163.885,4163.885,0.007
2026-10-06 20:22:00+00:00,4163.775,4164.385,4163.665,4164.385,0.005
2026-10-06 20:23:00+00:00,4164.445,4164.445,4163.745,4163.915,0.004
2026-10-06 20:24:00+00:00,4163.805,4164.375,4163.795,4164.265,0.006
2026-10-06 20:25:00+00:00,4164.265,4164.655,4163.375,4163.375,0.008
2026-10-06 20:26:00+00:00,4163.495,4163.625,4162.915,4163.045,0.007
2026-10-06 20:27:00+00:00,4163.135,4163.615,4162.665,4163.615,0.005
2026-10-06 20:28:00+00:00,4163.635,4163.835,4163.475,4163.765,0.004
2026-10-06 20:29:00+00:00,4163.905,4164.875,4163.875,4164.565,0.005
2026-10-06 20:30:00+00:00,4164.295,4164.865,4163.835,4164.265,0.007
2026-10-06 20:31:00+00:00,4164.395,4164.395,4163.935,4164.005,0.004
2026-10-06 20:32:00+00:00,4164.065,4164.065,4163.475,4163.645,0.003
2026-10-06 20:33:00+00:00,4163.615,4163.635,4162.965,4163.165,0.003
2026-10-06 20:34:00+00:00,4163.285,4163.685,4163.285,4163.385,0.004
2026-10-06 20:35:00+00:00,4163.495,4163.495,4162.975,4163.365,0.004
2026-10-06 20:36:00+00:00,4163.365,4163.905,4163.365,4163.865,0.005
2026-10-06 20:37:00+00:00,4164.005,4164.515,4163.855,4163.855,0.004
2026-10-06 20:38:00+00:00,4164.095,4164.585,4164.095,4164.585,0.002
2026-10-06 20:39:00+00:00,4164.405,4164.625,4164.345,4164.345,0.002
2026-10-06 20:40:00+00:00,4164.235,4164.325,4163.745,4164.195,0.008
2026-10-06 20:41:00+00:00,4164.195,4164.315,4163.915,4164.185,0.005
2026-10-06 20:42:00+00:00,4164.075,4164.075,4162.975,4163.515,0.005
2026-10-06 20:43:00+00:00,4163.475,4163.525,4163.365,4163.405,0.003
2026-10-06 20:44:00+00:00,4163.535,4163.815,4163.335,4163.815,0.003
2026-10-06 20:45:00+00:00,4163.675,4163.815,4162.655,4162.785,0.004
2026-10-06 20:46:00+00:00,4162.635,4163.105,4162.605,4163.105,0.003
2026-10-06 20:47:00+00:00,4163.075,4163.485,4163.075,4163.445,0.004
2026-10-06 20:48:00+00:00,4163.445,4163.545,4162.745,4163.275,0.005
2026-10-06 20:49:00+00:00,4163.275,4163.665,4162.935,4163.345,0.006
2026-10-06 20:50:00+00:00,4163.445,4163.715,4163.405,4163.685,0.004
2026-10-06 20:51:00+00:00,4163.805,4164.865,4163.805,4164.865,0.005
2026-10-06 20:52:00+00:00,4164.975,4165.245,4164.505,4164.505,0.004
2026-10-06 20:53:00+00:00,4164.275,4164.725,4164.245,4164.725,0.004
2026-10-06 20:54:00+00:00,4164.725,4164.835,4164.245,4164.425,0.004
2026-10-06 20:55:00+00:00,4164.285,4164.565,4163.835,4164.025,0.008
2026-10-06 20:56:00+00:00,4164.095,4164.105,4163.665,4163.665,0.006
2026-10-06 20:57:00+00:00,4163.725,4164.155,4163.495,4164.155,0.004
2026-10-06 20:58:00+00:00,4164.155,4164.475,4164.085,4164.355,0.005
2026-10-06 20:59:00+00:00,4164.235,4165.435,4164.235,4165.015,0.007
2026-10-06 22:00:00+00:00,4167.335,4168.055,4166.705,4167.105,0.007
2026-10-06 22:01:00+00:00,4167.235,4168.195,4166.525,4168.195,0.005
2026-10-06 22:02:00+00:00,4168.035,4168.095,4165.855,4166.175,0.007
2026-10-06 22:03:00+00:00,4166.075,4167.365,4165.965,4166.805,0.003
2026-10-06 22:04:00+00:00,4166.935,4167.425,4166.795,4167.145,0.003
2026-10-06 22:05:00+00:00,4166.945,4167.185,4165.825,4166.275,0.005
2026-10-06 22:06:00+00:00,4166.385,4166.685,4165.675,4166.465,0.004
2026-10-06 22:07:00+00:00,4166.355,4167.095,4166.355,4166.775,0.004
2026-10-06 22:08:00+00:00,4166.655,4167.405,4166.645,4166.865,0.003
2026-10-06 22:09:00+00:00,4166.755,4167.415,4166.425,4167.055,0.006
2026-10-06 22:10:00+00:00,4167.155,4167.795,4167.045,4167.305,0.007
2026-10-06 22:11:00+00:00,4167.465,4167.755,4167.115,4167.505,0.007
2026-10-06 22:12:00+00:00,4167.665,4168.165,4167.475,4167.535,0.004
2026-10-06 22:13:00+00:00,4167.745,4168.235,4167.525,4167.585,0.006
2026-10-06 22:14:00+00:00,4167.725,4168.215,4167.285,4167.585,0.009
2026-10-06 22:15:00+00:00,4167.575,4167.575,4167.015,4167.015,0.003
2026-10-06 22:16:00+00:00,4167.165,4167.665,4167.165,4167.555,0.002
2026-10-06 22:17:00+00:00,4167.745,4167.865,4167.305,4167.305,0.002
2026-10-06 22:18:00+00:00,4167.455,4167.595,4167.015,4167.215,0.003
2026-10-06 22:19:00+00:00,4167.475,4167.485,4167.135,4167.485,0.001
2026-10-06 22:20:00+00:00,4167.435,4167.575,4167.015,4167.075,0.002
2026-10-06 22:21:00+00:00,4167.285,4167.555,4167.115,4167.265,0.002
2026-10-06 22:22:00+00:00,4167.385,4167.595,4167.025,4167.465,0.002
2026-10-06 22:23:00+00:00,4167.585,4167.595,4167.365,4167.385,0.001
2026-10-06 22:24:00+00:00,4167.385,4167.665,4167.245,4167.515,0.002
2026-10-06 22:25:00+00:00,4167.395,4167.915,4167.095,4167.895,0.006
2026-10-06 22:26:00+00:00,4167.795,4167.795,4167.155,4167.155,0.004
2026-10-06 22:27:00+00:00,4167.295,4167.875,4167.055,4167.795,0.004
2026-10-06 22:28:00+00:00,4167.795,4167.835,4167.335,4167.335,0.001
2026-10-06 22:29:00+00:00,4167.195,4167.195,4166.395,4166.395,0.002
2026-10-06 22:30:00+00:00,4166.245,4166.245,4165.605,4165.605,0.004
2026-10-06 22:31:00+00:00,4165.555,4165.555,4165.025,4165.185,0.003
2026-10-06 22:32:00+00:00,4165.185,4165.645,4165.045,4165.045,0.003
2026-10-06 22:33:00+00:00,4165.085,4165.535,4164.935,4165.085,0.005
2026-10-06 22:34:00+00:00,4165.245,4165.255,4164.485,4164.485,0.003
2026-10-06 22:35:00+00:00,4164.665,4164.915,4164.065,4164.145,0.005
2026-10-06 22:36:00+00:00,4164.265,4164.765,4164.265,4164.495,0.003
2026-10-06 22:37:00+00:00,4164.605,4164.665,4164.435,4164.595,0.001
2026-10-06 22:38:00+00:00,4164.595,4164.805,4164.045,4164.045,0.002
2026-10-06 22:39:00+00:00,4164.045,4164.065,4163.585,4163.745,0.001
2026-10-06 22:40:00+00:00,4163.585,4163.585,4162.975,4163.025,0.003
2026-10-06 22:41:00+00:00,4163.025,4163.095,4162.915,4162.915,0.002
2026-10-06 22:42:00+00:00,4162.915,4163.575,4162.905,4163.245,0.002
2026-10-06 22:43:00+00:00,4163.265,4163.445,4162.755,4163.435,0.004
2026-10-06 22:44:00+00:00,4163.565,4163.785,4163.565,4163.635,0.001
2026-10-06 22:45:00+00:00,4163.635,4164.675,4163.315,4163.965,0.01
2026-10-06 22:46:00+00:00,4164.065,4164.065,4163.255,4163.255,0.006
2026-10-06 22:47:00+00:00,4163.255,4163.525,4163.205,4163.345,0.002
2026-10-06 22:48:00+00:00,4163.355,4163.665,4163.245,4163.555,0.002
2026-10-06 22:49:00+00:00,4163.665,4163.695,4163.325,4163.385,0.002
2026-10-06 22:50:00+00:00,4163.545,4163.695,4162.975,4163.115,0.003
2026-10-06 22:51:00+00:00,4163.135,4163.335,4163.085,4163.325,0.003
2026-10-06 22:52:00+00:00,4163.325,4163.325,4162.275,4162.355,0.005
2026-10-06 22:53:00+00:00,4162.355,4162.665,4161.935,4162.575,0.004
2026-10-06 22:54:00+00:00,4162.575,4163.045,4162.575,4163.045,0.004
2026-10-06 22:55:00+00:00,4162.955,4163.895,4162.935,4163.575,0.003
2026-10-06 22:56:00+00:00,4163.575,4163.805,4163.305,4163.725,0.004
2026-10-06 22:57:00+00:00,4163.715,4163.715,4163.365,4163.365,0.001
2026-10-06 22:58:00+00:00,4163.225,4163.345,4163.035,4163.345,0.001
2026-10-06 22:59:00+00:00,4163.305,4163.795,4163.185,4163.795,0.002
2026-10-06 23:00:00+00:00,4163.675,4163.675,4162.875,4163.215,0.002
2026-10-06 23:01:00+00:00,4163.355,4164.115,4163.345,4163.445,0.002
2026-10-06 23:02:00+00:00,4163.375,4163.935,4163.255,4163.935,0.001
2026-10-06 23:03:00+00:00,4165.185,4166.695,4164.305,4164.395,0.004
2026-10-06 23:04:00+00:00,4164.315,4164.315,4164.185,4164.215,0.001
2026-10-06 23:05:00+00:00,4163.975,4165.835,4163.865,4164.995,0.002
2026-10-06 23:06:00+00:00,4164.855,4165.655,4164.855,4165.655,0.001
2026-10-06 23:07:00+00:00,4165.515,4165.515,4164.405,4164.405,0.002
2026-10-06 23:08:00+00:00,4164.515,4164.785,4164.515,4164.785,0.001
2026-10-06 23:09:00+00:00,4164.665,4164.675,4164.595,4164.615,0.0
2026-10-06 23:10:00+00:00,4164.725,4166.365,4164.725,4166.065,0.003
2026-10-06 23:11:00+00:00,4166.065,4166.075,4165.835,4165.925,0.002
2026-10-06 23:12:00+00:00,4165.865,4165.875,4165.695,4165.695,0.002
2026-10-06 23:13:00+00:00,4165.665,4165.825,4165.515,4165.825,0.002
2026-10-06 23:14:00+00:00,4165.825,4165.825,4165.515,4165.515,0.002
2026-10-06 23:15:00+00:00,4165.515,4166.415,4165.505,4165.925,0.003
2026-10-06 23:16:00+00:00,4165.925,4166.115,4165.835,4165.925,0.001
2026-10-06 23:17:00+00:00,4165.925,4166.035,4165.835,4165.835,0.001
2026-10-06 23:18:00+00:00,4165.835,4166.995,4165.835,4166.725,0.003
2026-10-06 23:19:00+00:00,4166.835,4166.835,4166.455,4166.455,0.001
2026-10-06 23:20:00+00:00,4166.335,4166.335,4165.875,4165.995,0.002
2026-10-06 23:21:00+00:00,4165.995,4165.995,4165.615,4165.855,0.002
2026-10-06 23:22:00+00:00,4165.855,4165.985,4165.815,4165.985,0.001
2026-10-06 23:23:00+00:00,4165.945,4166.345,4165.895,4166.345,0.002
2026-10-06 23:24:00+00:00,4166.485,4166.995,4166.445,4166.835,0.003
2026-10-06 23:25:00+00:00,4166.835,4168.675,4166.835,4168.665,0.005
2026-10-06 23:26:00+00:00,4168.585,4168.855,4167.965,4167.965,0.003
2026-10-06 23:27:00+00:00,4168.115,4169.105,4168.115,4169.105,0.004
2026-10-06 23:28:00+00:00,4168.975,4169.535,4168.625,4168.845,0.008
2026-10-06 23:29:00+00:00,4168.845,4170.505,4168.725,4169.555,0.008
2026-10-06 23:30:00+00:00,4169.555,4169.785,4169.145,4169.785,0.007
2026-10-06 23:31:00+00:00,4169.655,4170.325,4168.715,4168.875,0.009
2026-10-06 23:32:00+00:00,4168.875,4169.425,4168.875,4169.295,0.005
2026-10-06 23:33:00+00:00,4169.265,4169.305,4168.045,4168.935,0.006
2026-10-06 23:34:00+00:00,4168.925,4168.925,4168.155,4168.155,0.005
2026-10-06 23:35:00+00:00,4168.155,4168.735,4168.155,4168.275,0.003
2026-10-06 23:36:00+00:00,4168.105,4168.535,4167.915,4168.125,0.003
2026-10-06 23:37:00+00:00,4168.035,4168.115,4167.945,4168.115,0.002
2026-10-06 23:38:00+00:00,4168.115,4168.405,4167.925,4167.965,0.003
2026-10-06 23:39:00+00:00,4167.965,4168.185,4166.975,4167.075,0.004
2026-10-06 23:40:00+00:00,4166.945,4166.945,4166.245,4166.275,0.004
2026-10-06 23:41:00+00:00,4166.245,4166.645,4165.835,4166.575,0.004
2026-10-06 23:42:00+00:00,4166.545,4167.485,4166.505,4167.465,0.005
2026-10-06 23:43:00+00:00,4167.485,4167.545,4166.915,4167.115,0.006
2026-10-06 23:44:00+00:00,4167.115,4167.405,4166.965,4166.965,0.002
2026-10-06 23:45:00+00:00,4167.105,4167.435,4166.445,4166.955,0.008
2026-10-06 23:46:00+00:00,4166.955,4167.095,4166.525,4166.685,0.007
2026-10-06 23:47:00+00:00,4166.655,4166.785,4166.185,4166.635,0.007
2026-10-06 23:48:00+00:00,4166.635,4166.635,4165.915,4166.345,0.006
2026-10-06 23:49:00+00:00,4166.325,4166.605,4166.115,4166.415,0.007
2026-10-06 23:50:00+00:00,4166.465,4167.105,4166.465,4167.105,0.006
2026-10-06 23:51:00+00:00,4167.085,4167.705,4166.835,4167.575,0.006
2026-10-06 23:52:00+00:00,4167.715,4168.435,4167.715,4168.435,0.005
2026-10-06 23:53:00+00:00,4168.295,4168.295,4167.405,4167.725,0.007
2026-10-06 23:54:00+00:00,4167.755,4168.195,4167.735,4167.985,0.007
2026-10-06 23:55:00+00:00,4167.985,4167.985,4167.425,4167.845,0.007
2026-10-06 23:56:00+00:00,4167.835,4167.835,4167.185,4167.245,0.003
2026-10-06 23:57:00+00:00,4167.245,4167.245,4166.525,4166.715,0.01
2026-10-06 23:58:00+00:00,4166.865,4166.875,4166.315,4166.315,0.007
2026-10-06 23:59:00+00:00,4166.495,4166.765,4166.175,4166.345,0.01
2026-10-07 00:00:00+00:00,4166.315,4166.845,4164.375,4165.135,0.026
2026-10-07 00:01:00+00:00,4165.265,4166.425,4164.815,4166.135,0.022
2026-10-07 00:02:00+00:00,4166.285,4167.015,4165.625,4165.665,0.017
2026-10-07 00:03:00+00:00,4165.665,4165.875,4165.335,4165.375,0.013
2026-10-07 00:04:00+00:00,4165.385,4165.525,4164.135,4164.535,0.013
2026-10-07 00:05:00+00:00,4164.545,4165.605,4164.155,4164.445,0.012
2026-10-07 00:06:00+00:00,4164.475,4164.805,4164.085,4164.385,0.006
2026-10-07 00:07:00+00:00,4164.515,4164.685,4163.755,4164.045,0.004
2026-10-07 00:08:00+00:00,4164.105,4164.885,4162.965,4162.965,0.011
2026-10-07 00:09:00+00:00,4162.965,4164.195,4162.515,4163.815,0.012
2026-10-07 00:10:00+00:00,4163.985,4165.595,4163.545,4164.125,0.014
2026-10-07 00:11:00+00:00,4164.265,4167.075,4163.825,4166.815,0.012
2026-10-07 00:12:00+00:00,4166.955,4170.075,4166.795,4169.105,0.016
2026-10-07 00:13:00+00:00,4169.205,4169.205,4167.825,4168.615,0.012
2026-10-07 00:14:00+00:00,4168.745,4169.365,4168.595,4169.365,0.01
2026-10-07 00:15:00+00:00,4169.505,4169.505,4166.905,4167.415,0.02
2026-10-07 00:16:00+00:00,4167.505,4169.725,4167.395,4169.205,0.015
2026-10-07 00:17:00+00:00,4169.205,4169.335,4167.475,4168.155,0.017
2026-10-07 00:18:00+00:00,4168.055,4168.085,4166.525,4166.795,0.018
2026-10-07 00:19:00+00:00,4166.685,4167.015,4165.155,4165.925,0.023
2026-10-07 00:20:00+00:00,4166.035,4166.325,4164.215,4164.285,0.016
2026-10-07 00:21:00+00:00,4164.425,4164.425,4162.825,4163.545,0.011
2026-10-07 00:22:00+00:00,4163.595,4163.745,4162.835,4162.885,0.011
2026-10-07 00:23:00+00:00,4162.885,4163.725,4162.735,4163.585,0.009
2026-10-07 00:24:00+00:00,4163.575,4163.755,4162.835,4163.425,0.009
2026-10-07 00:25:00+00:00,4163.375,4163.795,4162.285,4162.735,0.017
2026-10-07 00:26:00+00:00,4162.835,4162.945,4161.705,4162.455,0.018
2026-10-07 00:27:00+00:00,4162.455,4162.675,4162.045,4162.445,0.011
2026-10-07 00:28:00+00:00,4162.565,4162.565,4160.535,4161.165,0.015
2026-10-07 00:29:00+00:00,4161.105,4161.815,4160.415,4160.485,0.014
2026-10-07 00:30:00+00:00,4160.395,4160.765,4159.005,4159.145,0.021
2026-10-07 00:31:00+00:00,4159.255,4159.895,4158.855,4159.515,0.015
2026-10-07 00:32:00+00:00,4159.585,4159.585,4157.565,4158.435,0.011
2026-10-07 00:33:00+00:00,4158.605,4158.605,4156.145,4156.645,0.012
2026-10-07 00:34:00+00:00,4156.525,4157.235,4156.065,4157.235,0.014
2026-10-07 00:35:00+00:00,4157.335,4157.695,4156.045,4157.265,0.016
2026-10-07 00:36:00+00:00,4157.395,4158.695,4157.205,4158.555,0.015
2026-10-07 00:37:00+00:00,4158.645,4160.265,4158.525,4160.215,0.013
2026-10-07 00:38:00+00:00,4160.355,4160.755,4159.815,4160.225,0.01
2026-10-07 00:39:00+00:00,4160.185,4161.425,4159.955,4161.155,0.007
2026-10-07 00:40:00+00:00,4161.155,4162.015,4160.875,4161.845,0.011
2026-10-07 00:41:00+00:00,4161.845,4162.295,4161.275,4161.625,0.014
2026-10-07 00:42:00+00:00,4161.625,4162.045,4161.375,4161.385,0.012
2026-10-07 00:43:00+00:00,4161.575,4163.165,4160.555,4162.215,0.014
2026-10-07 00:44:00+00:00,4162.215,4162.755,4162.055,4162.755,0.011
2026-10-07 00:45:00+00:00,4162.665,4163.035,4160.455,4160.675,0.014
2026-10-07 00:46:00+00:00,4160.825,4160.955,4158.795,4158.885,0.015
2026-10-07 00:47:00+00:00,4158.785,4158.785,4157.965,4158.165,0.008
2026-10-07 00:48:00+00:00,4158.105,4159.575,4157.875,4159.085,0.011
2026-10-07 00:49:00+00:00,4158.865,4158.965,4157.815,4158.495,0.007
2026-10-07 00:50:00+00:00,4158.645,4158.765,4157.525,4158.275,0.009
2026-10-07 00:51:00+00:00,4158.055,4158.275,4157.575,4158.275,0.008
2026-10-07 00:52:00+00:00,4158.275,4158.675,4157.115,4158.655,0.012
2026-10-07 00:53:00+00:00,4158.535,4158.535,4157.585,4157.745,0.012
2026-10-07 00:54:00+00:00,4157.745,4158.625,4157.745,4158.265,0.01
2026-10-07 00:55:00+00:00,4158.265,4158.265,4157.095,4157.255,0.011
2026-10-07 00:56:00+00:00,4157.055,4157.365,4156.665,4156.875,0.01
2026-10-07 00:57:00+00:00,4156.875,4157.355,4155.885,4157.215,0.014
2026-10-07 00:58:00+00:00,4157.215,4157.805,4157.215,4157.515,0.014
2026-10-07 00:59:00+00:00,4157.335,4157.535,4156.195,4156.605,0.013
2026-10-07 01:00:00+00:00,4156.495,4156.615,4154.565,4154.565,0.018
2026-10-07 01:01:00+00:00,4154.565,4155.575,4153.465,4153.465,0.023
2026-10-07 01:02:00+00:00,4153.415,4154.455,4153.095,4153.695,0.022
2026-10-07 01:03:00+00:00,4153.695,4154.115,4153.145,4153.445,0.018
2026-10-07 01:04:00+00:00,4153.375,4154.555,4152.565,4154.555,0.021
2026-10-07 01:05:00+00:00,4154.445,4154.445,4153.055,4153.195,0.018
2026-10-07 01:06:00+00:00,4153.195,4154.665,4152.125,4153.585,0.018
2026-10-07 01:07:00+00:00,4153.585,4153.835,4152.485,4153.095,0.014
2026-10-07 01:08:00+00:00,4152.965,4153.955,4152.935,4153.745,0.011
2026-10-07 01:09:00+00:00,4153.745,4154.175,4152.985,4153.865,0.014
2026-10-07 01:10:00+00:00,4153.865,4153.865,4152.655,4153.085,0.014
2026-10-07 01:11:00+00:00,4153.085,4153.755,4152.905,4153.185,0.014
2026-10-07 01:12:00+00:00,4153.185,4154.395,4153.055,4153.715,0.012
2026-10-07 01:13:00+00:00,4153.595,4153.935,4152.865,4153.115,0.01
2026-10-07 01:14:00+00:00,4153.265,4153.615,4152.405,4152.415,0.012
2026-10-07 01:15:00+00:00,4152.415,4152.935,4152.155,4152.325,0.014
2026-10-07 01:16:00+00:00,4152.175,4153.495,4152.075,4152.915,0.01
2026-10-07 01:17:00+00:00,4152.915,4153.025,4152.125,4152.585,0.007
2026-10-07 01:18:00+00:00,4152.585,4152.605,4151.835,4151.835,0.009
2026-10-07 01:19:00+00:00,4151.835,4152.305,4151.555,4152.245,0.009
2026-10-07 01:20:00+00:00,4152.385,4152.555,4151.475,4151.475,0.012
2026-10-07 01:21:00+00:00,4151.325,4151.325,4150.445,4150.605,0.01
2026-10-07 01:22:00+00:00,4150.605,4150.905,4150.445,4150.715,0.01
2026-10-07 01:23:00+00:00,4150.595,4150.625,4150.105,4150.365,0.01
2026-10-07 01:24:00+00:00,4150.245,4150.935,4150.135,4150.935,0.012
2026-10-07 01:25:00+00:00,4150.935,4151.645,4150.625,4151.505,0.017
2026-10-07 01:26:00+00:00,4151.505,4152.775,4151.475,4152.325,0.016
2026-10-07 01:27:00+00:00,4152.395,4153.155,4152.215,4152.805,0.012
2026-10-07 01:28:00+00:00,4152.805,4153.175,4152.515,4153.055,0.011
2026-10-07 01:29:00+00:00,4152.945,4153.385,4152.685,4152.685,0.012
2026-10-07 01:30:00+00:00,4152.685,4154.755,4152.475,4154.265,0.025
2026-10-07 01:31:00+00:00,4154.265,4154.965,4154.005,4154.965,0.017
2026-10-07 01:32:00+00:00,4154.755,4155.435,4154.095,4154.345,0.013
2026-10-07 01:33:00+00:00,4154.345,4154.825,4154.245,4154.575,0.009
2026-10-07 01:34:00+00:00,4154.575,4154.855,4152.335,4152.795,0.016
2026-10-07 01:35:00+00:00,4152.915,4153.835,4152.015,4153.485,0.015
2026-10-07 01:36:00+00:00,4153.485,4154.105,4153.455,4154.035,0.009
2026-10-07 01:37:00+00:00,4153.975,4154.455,4153.455,4153.895,0.013
2026-10-07 01:38:00+00:00,4153.895,4154.035,4152.695,4153.335,0.013
2026-10-07 01:39:00+00:00,4153.455,4154.745,4153.115,4154.035,0.015
2026-10-07 01:40:00+00:00,4153.645,4154.505,4153.475,4154.375,0.01
2026-10-07 01:41:00+00:00,4154.375,4154.505,4152.575,4152.745,0.009
2026-10-07 01:42:00+00:00,4152.665,4152.745,4150.805,4151.275,0.013
2026-10-07 01:43:00+00:00,4151.175,4151.305,4149.745,4149.815,0.014
2026-10-07 01:44:00+00:00,4149.845,4151.695,4149.805,4151.535,0.015
2026-10-07 01:45:00+00:00,4151.535,4152.105,4150.935,4151.075,0.01
2026-10-07 01:46:00+00:00,4151.025,4151.165,4148.595,4148.875,0.016
2026-10-07 01:47:00+00:00,4148.595,4149.915,4148.595,4149.915,0.011
2026-10-07 01:48:00+00:00,4149.835,4151.015,4149.755,4149.905,0.018
2026-10-07 01:49:00+00:00,4149.905,4150.395,4149.535,4150.055,0.01
2026-10-07 01:50:00+00:00,4150.055,4150.185,4147.635,4148.045,0.018
2026-10-07 01:51:00+00:00,4148.045,4148.595,4147.655,4148.575,0.015
2026-10-07 01:52:00+00:00,4148.565,4149.015,4148.405,4148.675,0.012
2026-10-07 01:53:00+00:00,4148.475,4148.535,4147.825,4148.005,0.012
2026-10-07 01:54:00+00:00,4148.145,4148.145,4146.635,4147.585,0.013
2026-10-07 01:55:00+00:00,4147.615,4148.795,4147.345,4148.335,0.016
2026-10-07 01:56:00+00:00,4148.275,4148.975,4147.915,4148.165,0.011
2026-10-07 01:57:00+00:00,4148.165,4148.545,4148.135,4148.285,0.012
2026-10-07 01:58:00+00:00,4148.245,4148.475,4147.755,4147.915,0.009
2026-10-07 01:59:00+00:00,4147.845,4148.245,4147.385,4147.595,0.011
2026-10-07 02:00:00+00:00,4147.685,4148.165,4146.625,4146.915,0.014
2026-10-07 02:01:00+00:00,4146.905,4146.905,4145.765,4145.945,0.012
2026-10-07 02:02:00+00:00,4145.935,4146.465,4145.345,4145.745,0.014
2026-10-07 02:03:00+00:00,4145.745,4146.325,4145.105,4145.635,0.013
2026-10-07 02:04:00+00:00,4145.635,4145.715,4144.455,4145.325,0.027
2026-10-07 02:05:00+00:00,4145.325,4145.325,4143.065,4143.195,0.022
2026-10-07 02:06:00+00:00,4143.195,4143.855,4141.825,4142.405,0.024
2026-10-07 02:07:00+00:00,4142.405,4143.065,4140.525,4141.865,0.016
2026-10-07 02:08:00+00:00,4141.965,4144.755,4141.875,4143.295,0.02
2026-10-07 02:09:00+00:00,4143.295,4143.435,4142.595,4143.175,0.017
2026-10-07 02:10:00+00:00,4143.175,4144.225,4143.125,4143.895,0.02
2026-10-07 02:11:00+00:00,4143.895,4144.485,4143.005,4143.005,0.016
2026-10-07 02:12:00+00:00,4143.145,4144.265,4142.675,4144.255,0.016
2026-10-07 02:13:00+00:00,4144.215,4144.485,4143.445,4144.355,0.017
2026-10-07 02:14:00+00:00,4144.355,4144.615,4142.285,4143.045,0.021
2026-10-07 02:15:00+00:00,4143.045,4143.935,4142.625,4143.935,0.02
2026-10-07 02:16:00+00:00,4143.805,4144.685,4143.685,4143.865,0.019
2026-10-07 02:17:00+00:00,4143.865,4144.655,4143.225,4144.605,0.014
2026-10-07 02:18:00+00:00,4144.605,4145.125,4144.385,4144.595,0.016
2026-10-07 02:19:00+00:00,4144.445,4144.585,4143.945,4143.945,0.016
2026-10-07 02:20:00+00:00,4143.945,4144.255,4143.525,4144.005,0.016
2026-10-07 02:21:00+00:00,4144.005,4144.445,4143.675,4143.675,0.015
2026-10-07 02:22:00+00:00,4143.535,4143.605,4143.055,4143.585,0.013
2026-10-07 02:23:00+00:00,4143.605,4144.595,4143.465,4144.155,0.015
2026-10-07 02:24:00+00:00,4144.155,4144.585,4143.825,4143.825,0.011
2026-10-07 02:25:00+00:00,4143.825,4145.885,4143.715,4145.885,0.02
2026-10-07 02:26:00+00:00,4145.985,4146.315,4145.505,4145.945,0.012
2026-10-07 02:27:00+00:00,4145.935,4146.105,4145.295,4146.095,0.012
2026-10-07 02:28:00+00:00,4146.095,4146.555,4145.845,4146.555,0.014
2026-10-07 02:29:00+00:00,4146.555,4147.595,4146.555,4147.435,0.011
2026-10-07 02:30:00+00:00,4147.325,4148.215,4147.035,4148.095,0.012
2026-10-07 02:31:00+00:00,4148.095,4148.095,4146.515,4147.155,0.016
2026-10-07 02:32:00+00:00,4147.065,4147.575,4147.065,4147.455,0.009
2026-10-07 02:33:00+00:00,4147.455,4148.455,4147.415,4148.455,0.01
2026-10-07 02:34:00+00:00,4148.455,4148.585,4147.275,4148.085,0.009
2026-10-07 02:35:00+00:00,4148.225,4148.745,4147.815,4148.195,0.011
2026-10-07 02:36:00+00:00,4148.145,4148.145,4147.255,4147.275,0.007
2026-10-07 02:37:00+00:00,4147.275,4147.275,4146.315,4146.655,0.009
2026-10-07 02:38:00+00:00,4146.655,4146.655,4145.685,4145.905,0.011
2026-10-07 02:39:00+00:00,4145.905,4146.565,4145.235,4146.165,0.01
2026-10-07 02:40:00+00:00,4146.005,4146.915,4145.465,4146.625,0.011
2026-10-07 02:41:00+00:00,4146.625,4147.135,4146.295,4146.965,0.012
2026-10-07 02:42:00+00:00,4146.965,4148.225,4146.945,4147.915,0.008
2026-10-07 02:43:00+00:00,4147.745,4148.595,4147.745,4147.955,0.007
2026-10-07 02:44:00+00:00,4147.835,4148.135,4147.455,4147.875,0.011
2026-10-07 02:45:00+00:00,4147.865,4149.515,4147.825,4148.645,0.013
2026-10-07 02:46:00+00:00,4148.485,4148.665,4148.015,4148.335,0.012
2026-10-07 02:47:00+00:00,4148.335,4148.475,4147.375,4147.485,0.01
2026-10-07 02:48:00+00:00,4147.485,4147.705,4146.675,4146.965,0.009
2026-10-07 02:49:00+00:00,4146.685,4147.245,4146.655,4146.875,0.009
2026-10-07 02:50:00+00:00,4146.875,4147.575,4146.875,4147.005,0.009
2026-10-07 02:51:00+00:00,4146.995,4146.995,4145.715,4146.275,0.014
2026-10-07 02:52:00+00:00,4146.275,4146.965,4145.855,4146.765,0.012
2026-10-07 02:53:00+00:00,4146.765,4146.765,4146.055,4146.515,0.012
2026-10-07 02:54:00+00:00,4146.375,4146.375,4145.785,4145.905,0.011
2026-10-07 02:55:00+00:00,4145.905,4146.005,4145.375,4145.375,0.012
2026-10-07 02:56:00+00:00,4145.225,4145.225,4144.055,4144.405,0.016
2026-10-07 02:57:00+00:00,4144.405,4144.405,4142.585,4142.855,0.014
2026-10-07 02:58:00+00:00,4142.985,4143.115,4142.455,4142.675,0.011
2026-10-07 02:59:00+00:00,4142.675,4143.285,4142.675,4143.005,0.013
2026-10-07 03:00:00+00:00,4143.005,4143.005,4141.835,4142.355,0.017
2026-10-07 03:01:00+00:00,4142.355,4142.505,4141.375,4141.545,0.017
2026-10-07 03:02:00+00:00,4141.545,4142.745,4141.545,4142.745,0.014
2026-10-07 03:03:00+00:00,4142.675,4142.795,4142.215,4142.655,0.011
2026-10-07 03:04:00+00:00,4142.655,4143.005,4141.905,4141.905,0.011
2026-10-07 03:05:00+00:00,4141.905,4141.905,4140.745,4141.445,0.014
2026-10-07 03:06:00+00:00,4141.445,4141.915,4140.515,4141.745,0.014
2026-10-07 03:07:00+00:00,4141.455,4143.195,4140.975,4142.765,0.015
2026-10-07 03:08:00+00:00,4142.645,4143.165,4142.365,4143.115,0.013
2026-10-07 03:09:00+00:00,4143.115,4143.545,4142.105,4142.105,0.01
2026-10-07 03:10:00+00:00,4141.955,4142.245,4141.245,4141.245,0.01
2026-10-07 03:11:00+00:00,4141.245,4141.715,4140.635,4141.455,0.008
2026-10-07 03:12:00+00:00,4141.455,4141.505,4140.025,4140.035,0.013
2026-10-07 03:13:00+00:00,4140.035,4140.695,4139.845,4139.855,0.01
2026-10-07 03:14:00+00:00,4139.555,4140.885,4139.115,4140.145,0.012
2026-10-07 03:15:00+00:00,4140.145,4140.805,4140.025,4140.395,0.011
2026-10-07 03:16:00+00:00,4140.545,4140.675,4138.675,4139.125,0.017
2026-10-07 03:17:00+00:00,4139.125,4139.955,4138.985,4139.635,0.012
2026-10-07 03:18:00+00:00,4139.635,4140.355,4139.495,4140.085,0.01
2026-10-07 03:19:00+00:00,4140.235,4140.315,4139.865,4140.125,0.009
2026-10-07 03:20:00+00:00,4140.125,4140.725,4139.715,4140.125,0.011
2026-10-07 03:21:00+00:00,4139.965,4140.465,4139.755,4139.925,0.008
2026-10-07 03:22:00+00:00,4139.775,4139.915,4139.215,4139.915,0.008
2026-10-07 03:23:00+00:00,4139.915,4140.095,4139.815,4139.885,0.005
2026-10-07 03:24:00+00:00,4139.885,4140.035,4139.755,4139.755,0.004
2026-10-07 03:25:00+00:00,4139.755,4142.785,4139.755,4142.785,0.012
2026-10-07 03:26:00+00:00,4142.785,4144.325,4142.665,4144.115,0.012
2026-10-07 03:27:00+00:00,4144.115,4144.425,4143.765,4143.865,0.01
2026-10-07 03:28:00+00:00,4143.865,4144.075,4142.865,4143.115,0.009
2026-10-07 03:29:00+00:00,4143.115,4143.265,4142.615,4142.955,0.01
2026-10-07 03:30:00+00:00,4142.955,4143.485,4142.805,4143.125,0.012
2026-10-07 03:31:00+00:00,4143.125,4144.155,4142.795,4143.945,0.012
2026-10-07 03:32:00+00:00,4143.935,4144.355,4143.675,4143.895,0.011
2026-10-07 03:33:00+00:00,4143.765,4144.585,4143.635,4144.095,0.009
2026-10-07 03:34:00+00:00,4144.095,4144.385,4143.225,4143.355,0.009
2026-10-07 03:35:00+00:00,4143.355,4143.845,4142.795,4143.705,0.013
2026-10-07 03:36:00+00:00,4143.705,4144.015,4143.275,4143.415,0.012
2026-10-07 03:37:00+00:00,4143.415,4143.895,4143.275,4143.895,0.013
2026-10-07 03:38:00+00:00,4143.885,4144.435,4143.785,4144.435,0.01
2026-10-07 03:39:00+00:00,4144.435,4145.095,4144.145,4144.665,0.012
2026-10-07 03:40:00+00:00,4144.665,4145.085,4143.765,4144.325,0.008
2026-10-07 03:41:00+00:00,4144.285,4145.045,4144.125,4144.745,0.007
2026-10-07 03:42:00+00:00,4144.595,4144.915,4144.375,4144.525,0.006
2026-10-07 03:43:00+00:00,4144.525,4147.055,4144.525,4147.025,0.009
2026-10-07 03:44:00+00:00,4146.405,4146.675,4145.945,4146.095,0.008
2026-10-07 03:45:00+00:00,4146.055,4146.795,4146.055,4146.435,0.009
2026-10-07 03:46:00+00:00,4146.435,4146.905,4145.375,4145.435,0.01
2026-10-07 03:47:00+00:00,4145.295,4146.125,4144.955,4145.555,0.008
2026-10-07 03:48:00+00:00,4145.555,4147.005,4145.305,4146.585,0.016
2026-10-07 03:49:00+00:00,4146.665,4148.605,4146.665,4148.605,0.013
2026-10-07 03:50:00+00:00,4148.505,4148.505,4145.565,4145.565,0.011
2026-10-07 03:51:00+00:00,4145.565,4145.855,4145.295,4145.295,0.008
2026-10-07 03:52:00+00:00,4145.325,4145.635,4144.915,4145.625,0.009
2026-10-07 03:53:00+00:00,4145.525,4145.525,4144.675,4144.675,0.007
2026-10-07 03:54:00+00:00,4144.815,4145.355,4144.245,4144.965,0.01
2026-10-07 03:55:00+00:00,4145.095,4145.515,4144.965,4145.335,0.008
2026-10-07 03:56:00+00:00,4145.435,4146.015,4145.275,4146.015,0.007
2026-10-07 03:57:00+00:00,4145.985,4146.175,4144.055,4144.205,0.008
2026-10-07 03:58:00+00:00,4144.035,4144.415,4143.795,4144.325,0.005
2026-10-07 03:59:00+00:00,4144.265,4144.365,4143.675,4143.845,0.01
2026-10-07 04:00:00+00:00,4143.775,4144.135,4143.195,4144.085,0.01
2026-10-07 04:01:00+00:00,4143.955,4145.015,4143.435,4144.825,0.011
2026-10-07 04:02:00+00:00,4144.935,4145.075,4144.005,4144.645,0.009
2026-10-07 04:03:00+00:00,4144.335,4144.515,4143.975,4144.235,0.008
2026-10-07 04:04:00+00:00,4144.095,4144.165,4143.165,4143.435,0.008
2026-10-07 04:05:00+00:00,4143.475,4143.525,4142.765,4143.175,0.008
2026-10-07 04:06:00+00:00,4143.085,4143.585,4142.715,4143.115,0.008
2026-10-07 04:07:00+00:00,4143.115,4143.115,4141.695,4142.275,0.012
2026-10-07 04:08:00+00:00,4142.385,4142.545,4142.115,4142.305,0.008
2026-10-07 04:09:00+00:00,4142.265,4143.165,4142.215,4143.015,0.006
2026-10-07 04:10:00+00:00,4143.025,4143.535,4142.465,4142.825,0.012
2026-10-07 04:11:00+00:00,4142.705,4143.745,4142.705,4143.275,0.007
2026-10-07 04:12:00+00:00,4143.115,4143.475,4142.975,4143.395,0.004
2026-10-07 04:13:00+00:00,4143.535,4144.175,4143.355,4143.705,0.008
2026-10-07 04:14:00+00:00,4143.755,4143.975,4142.485,4142.885,0.007
2026-10-07 04:15:00+00:00,4142.885,4143.225,4142.445,4142.985,0.007
2026-10-07 04:16:00+00:00,4142.805,4142.835,4141.605,4141.605,0.008
2026-10-07 04:17:00+00:00,4141.705,4142.165,4141.175,4142.045,0.009
2026-10-07 04:18:00+00:00,4141.945,4142.075,4141.675,4141.845,0.004
2026-10-07 04:19:00+00:00,4141.955,4142.095,4141.535,4141.675,0.006
2026-10-07 04:20:00+00:00,4141.775,4142.165,4140.725,4141.675,0.014
2026-10-07 04:21:00+00:00,4141.575,4142.685,4141.575,4142.655,0.009
2026-10-07 04:22:00+00:00,4142.685,4143.115,4142.555,4142.635,0.006
2026-10-07 04:23:00+00:00,4142.665,4142.895,4142.555,4142.755,0.004
2026-10-07 04:24:00+00:00,4142.645,4142.945,4142.475,4142.545,0.005
2026-10-07 04:25:00+00:00,4142.575,4143.295,4142.275,4143.075,0.007
2026-10-07 04:26:00+00:00,4143.205,4143.475,4142.865,4143.125,0.008
2026-10-07 04:27:00+00:00,4143.145,4143.185,4142.305,4142.545,0.009
2026-10-07 04:28:00+00:00,4142.685,4142.805,4142.075,4142.385,0.005
2026-10-07 04:29:00+00:00,4142.285,4142.725,4141.905,4142.315,0.011
2026-10-07 04:30:00+00:00,4142.205,4142.715,4142.045,4142.045,0.007
2026-10-07 04:31:00+00:00,4142.195,4142.285,4140.995,4141.135,0.009
2026-10-07 04:32:00+00:00,4141.235,4141.235,4139.725,4140.335,0.011
2026-10-07 04:33:00+00:00,4140.465,4140.525,4139.635,4139.735,0.007
2026-10-07 04:34:00+00:00,4139.865,4140.705,4139.645,4139.785,0.011
2026-10-07 04:35:00+00:00,4139.955,4140.065,4138.955,4139.115,0.012
2026-10-07 04:36:00+00:00,4139.215,4139.365,4138.785,4139.225,0.012
2026-10-07 04:37:00+00:00,4139.075,4139.245,4138.835,4139.235,0.005
2026-10-07 04:38:00+00:00,4139.235,4139.875,4138.965,4139.605,0.011
2026-10-07 04:39:00+00:00,4139.435,4139.895,4139.395,4139.445,0.006
2026-10-07 04:40:00+00:00,4139.555,4139.555,4138.735,4138.865,0.006
2026-10-07 04:41:00+00:00,4138.975,4139.085,4138.435,4139.085,0.009
2026-10-07 04:42:00+00:00,4138.975,4139.465,4138.695,4139.075,0.007
2026-10-07 04:43:00+00:00,4139.075,4139.165,4137.785,4138.275,0.008
2026-10-07 04:44:00+00:00,4138.145,4138.445,4137.225,4137.485,0.011
2026-10-07 04:45:00+00:00,4137.415,4138.695,4137.155,4138.485,0.006
2026-10-07 04:46:00+00:00,4138.485,4138.995,4138.235,4138.865,0.007
2026-10-07 04:47:00+00:00,4138.835,4139.275,4138.585,4139.105,0.005
2026-10-07 04:48:00+00:00,4139.075,4139.105,4138.655,4138.805,0.004
2026-10-07 04:49:00+00:00,4138.805,4139.065,4137.825,4138.685,0.01
2026-10-07 04:50:00+00:00,4138.675,4139.565,4138.325,4139.565,0.01
2026-10-07 04:51:00+00:00,4139.505,4139.565,4138.695,4138.915,0.011
2026-10-07 04:52:00+00:00,4138.795,4139.015,4137.895,4137.965,0.006
2026-10-07 04:53:00+00:00,4137.815,4138.325,4137.245,4137.285,0.013
2026-10-07 04:54:00+00:00,4137.285,4138.405,4136.955,4137.665,0.008
2026-10-07 04:55:00+00:00,4137.675,4138.135,4137.185,4138.025,0.008
2026-10-07 04:56:00+00:00,4137.815,4138.125,4137.005,4137.035,0.009
2026-10-07 04:57:00+00:00,4136.915,4137.375,4136.765,4137.375,0.006
2026-10-07 04:58:00+00:00,4137.515,4137.655,4136.495,4136.675,0.009
2026-10-07 04:59:00+00:00,4136.695,4136.695,4135.175,4135.545,0.012
2026-10-07 05:00:00+00:00,4135.545,4135.935,4134.225,4135.065,0.015
2026-10-07 05:01:00+00:00,4135.095,4135.695,4134.655,4135.045,0.012
2026-10-07 05:02:00+00:00,4134.905,4135.035,4134.165,4134.515,0.012
2026-10-07 05:03:00+00:00,4134.505,4134.755,4133.855,4134.035,0.006
2026-10-07 05:04:00+00:00,4134.035,4135.625,4133.985,4135.625,0.012
2026-10-07 05:05:00+00:00,4135.725,4137.315,4135.725,4136.595,0.014
2026-10-07 05:06:00+00:00,4136.595,4136.965,4136.595,4136.855,0.007
2026-10-07 05:07:00+00:00,4136.575,4137.295,4136.275,4137.085,0.013
2026-10-07 05:08:00+00:00,4137.045,4137.045,4134.985,4134.985,0.011
2026-10-07 05:09:00+00:00,4134.985,4135.235,4134.625,4134.625,0.011
2026-10-07 05:10:00+00:00,4134.625,4135.515,4133.655,4135.375,0.025
2026-10-07 05:11:00+00:00,4135.365,4135.605,4134.865,4135.045,0.009
2026-10-07 05:12:00+00:00,4135.045,4135.075,4134.535,4134.985,0.014
2026-10-07 05:13:00+00:00,4135.125,4135.135,4134.675,4135.135,0.006
2026-10-07 05:14:00+00:00,4135.135,4135.515,4134.635,4134.635,0.014
2026-10-07 05:15:00+00:00,4134.495,4134.665,4133.675,4134.145,0.011
2026-10-07 05:16:00+00:00,4134.145,4134.145,4133.625,4133.765,0.008
2026-10-07 05:17:00+00:00,4133.765,4133.785,4132.915,4133.615,0.011
2026-10-07 05:18:00+00:00,4133.515,4134.095,4133.105,4133.375,0.011
2026-10-07 05:19:00+00:00,4133.375,4133.725,4133.045,4133.105,0.009
2026-10-07 05:20:00+00:00,4133.105,4133.665,4133.015,4133.175,0.008
2026-10-07 05:21:00+00:00,4133.175,4133.535,4132.255,4132.255,0.01
2026-10-07 05:22:00+00:00,4132.255,4132.405,4131.855,4132.405,0.006
2026-10-07 05:23:00+00:00,4132.405,4133.565,4132.405,4133.305,0.01
2026-10-07 05:24:00+00:00,4133.435,4133.435,4132.645,4133.015,0.007
2026-10-07 05:25:00+00:00,4133.005,4134.565,4132.995,4134.115,0.01
2026-10-07 05:26:00+00:00,4134.115,4134.655,4133.765,4133.995,0.009
2026-10-07 05:27:00+00:00,4133.855,4134.435,4133.835,4133.995,0.009
2026-10-07 05:28:00+00:00,4133.995,4134.585,4133.675,4134.445,0.01
2026-10-07 05:29:00+00:00,4134.435,4134.455,4133.635,4134.215,0.008
2026-10-07 05:30:00+00:00,4134.215,4134.385,4133.395,4133.785,0.009
2026-10-07 05:31:00+00:00,4133.695,4133.765,4132.615,4133.575,0.009
2026-10-07 05:32:00+00:00,4133.575,4133.995,4133.445,4133.545,0.008
2026-10-07 05:33:00+00:00,4133.545,4134.375,4132.955,4133.955,0.01
2026-10-07 05:34:00+00:00,4134.015,4134.515,4133.655,4133.935,0.012
2026-10-07 05:35:00+00:00,4133.895,4135.175,4133.895,4134.625,0.012
2026-10-07 05:36:00+00:00,4134.655,4135.305,4133.795,4135.135,0.011
2026-10-07 05:37:00+00:00,4135.185,4136.615,4134.535,4136.085,0.011
2026-10-07 05:38:00+00:00,4135.985,4137.145,4135.765,4136.695,0.011
2026-10-07 05:39:00+00:00,4136.655,4137.445,4135.655,4136.025,0.009
2026-10-07 05:40:00+00:00,4136.165,4137.505,4136.035,4136.805,0.009
2026-10-07 05:41:00+00:00,4136.765,4137.525,4136.765,4137.525,0.008
2026-10-07 05:42:00+00:00,4137.235,4137.425,4136.585,4136.765,0.01
2026-10-07 05:43:00+00:00,4136.765,4137.285,4136.625,4136.865,0.01
2026-10-07 05:44:00+00:00,4136.975,4137.495,4136.855,4137.305,0.009
2026-10-07 05:45:00+00:00,4137.125,4137.875,4136.445,4136.445,0.015
2026-10-07 05:46:00+00:00,4136.305,4136.445,4135.545,4136.275,0.012
2026-10-07 05:47:00+00:00,4136.325,4137.105,4136.135,4136.805,0.01
2026-10-07 05:48:00+00:00,4136.805,4137.845,4136.465,4136.775,0.013
2026-10-07 05:49:00+00:00,4136.665,4137.285,4136.565,4137.095,0.009
2026-10-07 05:50:00+00:00,4136.975,4137.965,4136.775,4137.155,0.008
2026-10-07 05:51:00+00:00,4137.105,4137.545,4136.665,4136.775,0.01
2026-10-07 05:52:00+00:00,4136.695,4137.285,4136.665,4136.905,0.011
2026-10-07 05:53:00+00:00,4136.905,4136.905,4135.545,4135.705,0.011
2026-10-07 05:54:00+00:00,4135.665,4135.845,4134.075,4134.385,0.01
2026-10-07 05:55:00+00:00,4134.245,4134.765,4132.305,4133.305,0.02
2026-10-07 05:56:00+00:00,4133.345,4133.555,4132.825,4133.265,0.015
2026-10-07 05:57:00+00:00,4133.125,4133.125,4131.315,4131.955,0.016
2026-10-07 05:58:00+00:00,4131.955,4133.725,4131.955,4132.235,0.019
2026-10-07 05:59:00+00:00,4132.485,4132.585,4129.015,4129.015,0.015
2026-10-07 06:00:00+00:00,4129.155,4130.125,4128.705,4129.375,0.021
2026-10-07 06:01:00+00:00,4129.325,4129.615,4127.745,4127.935,0.022
2026-10-07 06:02:00+00:00,4127.935,4128.435,4127.325,4128.005,0.019
2026-10-07 06:03:00+00:00,4127.955,4129.635,4127.955,4129.635,0.014
2026-10-07 06:04:00+00:00,4129.745,4130.935,4128.775,4130.935,0.015
2026-10-07 06:05:00+00:00,4131.075,4132.965,4130.835,4132.365,0.016
2026-10-07 06:06:00+00:00,4132.365,4132.495,4131.745,4131.745,0.011
2026-10-07 06:07:00+00:00,4131.705,4132.615,4131.355,4132.195,0.016
2026-10-07 06:08:00+00:00,4132.295,4132.935,4131.685,4132.795,0.016
2026-10-07 06:09:00+00:00,4132.745,4133.245,4132.425,4132.785,0.009
2026-10-07 06:10:00+00:00,4132.755,4134.545,4132.655,4133.615,0.012
2026-10-07 06:11:00+00:00,4133.695,4134.385,4133.365,4134.385,0.012
2026-10-07 06:12:00+00:00,4134.385,4135.825,4134.385,4135.485,0.013
2026-10-07 06:13:00+00:00,4135.385,4135.645,4133.485,4134.605,0.012
2026-10-07 06:14:00+00:00,4134.495,4134.795,4134.285,4134.395,0.01
2026-10-07 06:15:00+00:00,4134.395,4134.615,4133.875,4134.605,0.011
2026-10-07 06:16:00+00:00,4134.605,4135.555,4133.375,4134.715,0.015
2026-10-07 06:17:00+00:00,4134.855,4134.855,4134.285,4134.725,0.006
2026-10-07 06:18:00+00:00,4134.765,4134.895,4133.345,4133.895,0.014
2026-10-07 06:19:00+00:00,4133.885,4134.385,4133.685,4134.235,0.011
2026-10-07 06:20:00+00:00,4134.225,4134.395,4133.485,4134.005,0.008
2026-10-07 06:21:00+00:00,4133.755,4134.235,4133.285,4133.705,0.008
2026-10-07 06:22:00+00:00,4133.595,4133.595,4131.855,4131.995,0.012
2026-10-07 06:23:00+00:00,4132.025,4132.295,4130.645,4131.175,0.011
2026-10-07 06:24:00+00:00,4131.235,4131.235,4129.965,4130.575,0.009
2026-10-07 06:25:00+00:00,4130.665,4131.345,4130.165,4131.255,0.011
2026-10-07 06:26:00+00:00,4131.215,4131.215,4130.265,4130.655,0.009
2026-10-07 06:27:00+00:00,4130.635,4131.315,4130.305,4130.305,0.011
2026-10-07 06:28:00+00:00,4130.575,4131.115,4130.375,4130.815,0.011
2026-10-07 06:29:00+00:00,4130.795,4131.815,4130.595,4131.605,0.013
2026-10-07 06:30:00+00:00,4131.495,4132.685,4131.355,4132.685,0.017
2026-10-07 06:31:00+00:00,4132.605,4132.835,4130.965,4130.965,0.014
2026-10-07 06:32:00+00:00,4131.075,4131.335,4130.135,4131.315,0.018
2026-10-07 06:33:00+00:00,4131.415,4134.145,4131.035,4133.955,0.017
2026-10-07 06:34:00+00:00,4133.825,4134.345,4133.315,4133.725,0.014
2026-10-07 06:35:00+00:00,4133.575,4135.075,4133.575,4134.525,0.012
2026-10-07 06:36:00+00:00,4134.385,4134.385,4132.355,4132.355,0.009
2026-10-07 06:37:00+00:00,4132.255,4132.765,4131.935,4131.955,0.004
2026-10-07 06:38:00+00:00,4131.885,4132.665,4131.775,4132.395,0.014
2026-10-07 06:39:00+00:00,4132.375,4132.895,4132.245,4132.875,0.013
2026-10-07 06:40:00+00:00,4133.035,4133.995,4132.785,4133.905,0.01
2026-10-07 06:41:00+00:00,4133.985,4135.285,4133.905,4134.315,0.012
2026-10-07 06:42:00+00:00,4134.335,4134.505,4133.365,4134.505,0.009
2026-10-07 06:43:00+00:00,4134.505,4134.755,4133.905,4134.225,0.011
2026-10-07 06:44:00+00:00,4134.185,4134.505,4133.595,4133.745,0.01
2026-10-07 06:45:00+00:00,4133.725,4135.245,4133.645,4134.525,0.011
2026-10-07 06:46:00+00:00,4134.395,4135.025,4133.765,4134.545,0.012
2026-10-07 06:47:00+00:00,4134.675,4134.765,4133.565,4134.065,0.01
2026-10-07 06:48:00+00:00,4134.115,4134.815,4133.935,4134.235,0.012
2026-10-07 06:49:00+00:00,4134.235,4135.215,4134.235,4134.955,0.008
2026-10-07 06:50:00+00:00,4134.815,4135.095,4134.215,4134.485,0.007
2026-10-07 06:51:00+00:00,4134.485,4134.755,4133.815,4134.095,0.006
2026-10-07 06:52:00+00:00,4134.095,4134.115,4133.605,4133.605,0.007
2026-10-07 06:53:00+00:00,4133.535,4133.635,4132.865,4133.005,0.009
2026-10-07 06:54:00+00:00,4132.945,4133.005,4132.465,4132.855,0.011
2026-10-07 06:55:00+00:00,4132.795,4132.935,4132.035,4132.415,0.016
2026-10-07 06:56:00+00:00,4132.435,4132.435,4131.355,4131.835,0.018
2026-10-07 06:57:00+00:00,4131.905,4133.415,4131.905,4133.245,0.02
2026-10-07 06:58:00+00:00,4133.255,4134.085,4132.305,4132.335,0.025
2026-10-07 06:59:00+00:00,4132.325,4132.325,4130.845,4130.895,0.018
2026-10-07 07:00:00+00:00,4130.895,4131.775,4130.535,4131.355,0.039
2026-10-07 07:01:00+00:00,4131.405,4132.835,4130.585,4131.995,0.036
2026-10-07 07:02:00+00:00,4132.205,4132.805,4130.835,4131.985,0.032
2026-10-07 07:03:00+00:00,4131.905,4132.195,4130.655,4131.285,0.03
2026-10-07 07:04:00+00:00,4131.155,4134.195,4131.155,4133.965,0.029
2026-10-07 07:05:00+00:00,4133.875,4133.975,4133.335,4133.655,0.028
2026-10-07 07:06:00+00:00,4133.535,4134.405,4132.515,4134.185,0.027
2026-10-07 07:07:00+00:00,4134.205,4134.235,4132.735,4133.305,0.019
2026-10-07 07:08:00+00:00,4133.255,4135.195,4132.955,4135.015,0.025
2026-10-07 07:09:00+00:00,4135.035,4135.035,4133.545,4134.785,0.025
2026-10-07 07:10:00+00:00,4134.685,4135.465,4134.265,4135.045,0.026
2026-10-07 07:11:00+00:00,4135.035,4135.145,4132.445,4133.535,0.023
2026-10-07 07:12:00+00:00,4133.585,4134.895,4133.035,4133.345,0.025
2026-10-07 07:13:00+00:00,4133.255,4133.945,4132.465,4133.455,0.02
2026-10-07 07:14:00+00:00,4133.415,4133.635,4131.965,4132.005,0.02
2026-10-07 07:15:00+00:00,4132.005,4132.235,4130.775,4131.305,0.028
2026-10-07 07:16:00+00:00,4131.325,4131.425,4129.655,4129.745,0.026
2026-10-07 07:17:00+00:00,4129.655,4130.025,4128.625,4129.775,0.025
2026-10-07 07:18:00+00:00,4129.715,4130.045,4128.775,4129.405,0.02
2026-10-07 07:19:00+00:00,4129.505,4130.235,4129.005,4129.895,0.024
2026-10-07 07:20:00+00:00,4129.605,4131.255,4129.505,4131.255,0.027
2026-10-07 07:21:00+00:00,4131.255,4132.745,4130.905,4132.075,0.029
2026-10-07 07:22:00+00:00,4132.125,4134.265,4131.765,4133.975,0.03
2026-10-07 07:23:00+00:00,4133.915,4133.975,4133.095,4133.795,0.021
2026-10-07 07:24:00+00:00,4133.805,4134.345,4132.885,4133.725,0.025
2026-10-07 07:25:00+00:00,4133.635,4134.275,4133.295,4133.815,0.026
2026-10-07 07:26:00+00:00,4133.655,4135.055,4133.485,4134.305,0.024
2026-10-07 07:27:00+00:00,4134.235,4135.845,4133.475,4135.825,0.026
2026-10-07 07:28:00+00:00,4135.815,4136.015,4133.895,4133.895,0.027
2026-10-07 07:29:00+00:00,4133.795,4134.115,4132.705,4133.345,0.024
2026-10-07 07:30:00+00:00,4133.375,4134.255,4132.845,4134.205,0.031
2026-10-07 07:31:00+00:00,4134.165,4134.515,4133.095,4134.395,0.036
2026-10-07 07:32:00+00:00,4134.425,4138.355,4134.425,4138.355,0.029
2026-10-07 07:33:00+00:00,4138.345,4139.825,4137.305,4137.455,0.038
2026-10-07 07:34:00+00:00,4137.455,4137.965,4136.405,4137.525,0.03
2026-10-07 07:35:00+00:00,4137.485,4138.035,4136.165,4136.275,0.026
2026-10-07 07:36:00+00:00,4136.155,4137.045,4135.345,4136.435,0.024
2026-10-07 07:37:00+00:00,4136.545,4137.265,4136.105,4137.175,0.021
2026-10-07 07:38:00+00:00,4137.175,4138.115,4135.265,4135.855,0.025
2026-10-07 07:39:00+00:00,4135.835,4136.105,4135.075,4135.365,0.026
2026-10-07 07:40:00+00:00,4135.525,4136.495,4135.195,4135.885,0.019
2026-10-07 07:41:00+00:00,4135.905,4136.975,4135.555,4135.995,0.023
2026-10-07 07:42:00+00:00,4136.025,4138.725,4135.535,4137.785,0.026
2026-10-07 07:43:00+00:00,4137.775,4138.345,4137.145,4137.195,0.023
2026-10-07 07:44:00+00:00,4137.235,4138.475,4136.535,4137.715,0.027
2026-10-07 07:45:00+00:00,4137.645,4137.715,4137.155,4137.295,0.018
2026-10-07 07:46:00+00:00,4137.275,4137.295,4135.375,4135.805,0.021
2026-10-07 07:47:00+00:00,4135.805,4135.815,4134.255,4134.595,0.023
2026-10-07 07:48:00+00:00,4134.615,4135.225,4134.045,4134.715,0.024
2026-10-07 07:49:00+00:00,4134.555,4134.555,4133.605,4134.025,0.024
2026-10-07 07:50:00+00:00,4134.025,4134.265,4133.465,4134.205,0.021
2026-10-07 07:51:00+00:00,4134.375,4135.325,4131.895,4135.075,0.037
2026-10-07 07:52:00+00:00,4134.965,4135.135,4133.925,4134.115,0.035
2026-10-07 07:53:00+00:00,4134.105,4134.105,4132.175,4132.955,0.041
2026-10-07 07:54:00+00:00,4132.965,4133.975,4132.535,4133.845,0.035
2026-10-07 07:55:00+00:00,4133.935,4133.935,4131.675,4131.695,0.04
2026-10-07 07:56:00+00:00,4131.685,4132.095,4130.885,4131.625,0.037
2026-10-07 07:57:00+00:00,4131.535,4131.925,4129.045,4129.285,0.044
2026-10-07 07:58:00+00:00,4129.305,4132.475,4128.985,4132.475,0.041
2026-10-07 07:59:00+00:00,4132.465,4133.855,4131.765,4133.045,0.038
2026-10-07 08:00:00+00:00,4132.875,4133.735,4132.265,4132.595,0.036
2026-10-07 08:01:00+00:00,4132.705,4132.825,4129.175,4130.125,0.036
2026-10-07 08:02:00+00:00,4130.035,4131.325,4129.135,4131.145,0.032
2026-10-07 08:03:00+00:00,4131.155,4135.575,4131.075,4135.025,0.032
2026-10-07 08:04:00+00:00,4134.975,4135.985,4134.445,4135.735,0.03
2026-10-07 08:05:00+00:00,4135.815,4137.295,4135.215,4136.485,0.037
2026-10-07 08:06:00+00:00,4136.395,4136.965,4135.555,4135.615,0.033
2026-10-07 08:07:00+00:00,4135.745,4135.875,4133.915,4135.165,0.031
2026-10-07 08:08:00+00:00,4135.135,4135.825,4134.375,4134.635,0.028
2026-10-07 08:09:00+00:00,4134.675,4134.985,4132.355,4133.075,0.031
2026-10-07 08:10:00+00:00,4133.085,4133.665,4132.125,4132.325,0.029
2026-10-07 08:11:00+00:00,4132.315,4132.315,4130.805,4131.865,0.028
2026-10-07 08:12:00+00:00,4131.865,4132.815,4130.865,4132.745,0.028
2026-10-07 08:13:00+00:00,4132.685,4133.035,4131.515,4131.995,0.025
2026-10-07 08:14:00+00:00,4131.995,4132.985,4131.855,4132.715,0.024
2026-10-07 08:15:00+00:00,4132.675,4132.735,4130.755,4131.635,0.023
2026-10-07 08:16:00+00:00,4131.545,4131.545,4129.225,4129.675,0.031
2026-10-07 08:17:00+00:00,4129.645,4131.175,4128.715,4130.905,0.032
2026-10-07 08:18:00+00:00,4131.025,4131.455,4130.275,4130.545,0.022
2026-10-07 08:19:00+00:00,4130.525,4130.635,4129.405,4130.605,0.025
2026-10-07 08:20:00+00:00,4130.585,4131.185,4130.025,4130.405,0.026
2026-10-07 08:21:00+00:00,4130.415,4131.355,4130.415,4130.745,0.033
2026-10-07 08:22:00+00:00,4130.655,4131.225,4129.815,4129.825,0.026
2026-10-07 08:23:00+00:00,4129.845,4131.045,4128.995,4129.545,0.024
2026-10-07 08:24:00+00:00,4129.545,4129.585,4127.015,4127.195,0.034
2026-10-07 08:25:00+00:00,4127.245,4128.475,4125.185,4127.925,0.041
2026-10-07 08:26:00+00:00,4127.895,4129.525,4127.355,4127.525,0.034
2026-10-07 08:27:00+00:00,4127.485,4129.255,4127.205,4127.745,0.031
2026-10-07 08:28:00+00:00,4127.805,4128.575,4126.685,4126.985,0.032
2026-10-07 08:29:00+00:00,4126.895,4127.445,4125.805,4126.475,0.039
2026-10-07 08:30:00+00:00,4126.525,4127.805,4125.255,4127.755,0.039
2026-10-07 08:31:00+00:00,4127.775,4129.025,4127.295,4128.065,0.03
2026-10-07 08:32:00+00:00,4127.965,4129.285,4127.585,4128.625,0.028
2026-10-07 08:33:00+00:00,4128.815,4129.155,4127.335,4127.595,0.024
2026-10-07 08:34:00+00:00,4127.575,4128.235,4126.565,4128.235,0.025
2026-10-07 08:35:00+00:00,4128.355,4128.885,4127.665,4128.275,0.025
2026-10-07 08:36:00+00:00,4128.335,4128.495,4127.015,4127.705,0.026
2026-10-07 08:37:00+00:00,4127.695,4128.125,4126.915,4127.565,0.024
2026-10-07 08:38:00+00:00,4127.525,4127.985,4126.995,4127.455,0.021
2026-10-07 08:39:00+00:00,4127.535,4128.205,4127.345,4127.785,0.018
2026-10-07 08:40:00+00:00,4127.795,4127.795,4125.815,4125.865,0.02
2026-10-07 08:41:00+00:00,4125.905,4126.865,4125.665,4125.965,0.02
2026-10-07 08:42:00+00:00,4125.975,4126.485,4125.255,4126.095,0.015
2026-10-07 08:43:00+00:00,4126.105,4127.375,4125.795,4127.095,0.019
2026-10-07 08:44:00+00:00,4127.115,4128.035,4127.115,4127.185,0.019
2026-10-07 08:45:00+00:00,4126.835,4127.415,4126.355,4126.775,0.019
2026-10-07 08:46:00+00:00,4126.775,4127.275,4126.045,4127.005,0.026
2026-10-07 08:47:00+00:00,4127.005,4127.945,4126.835,4127.225,0.023
2026-10-07 08:48:00+00:00,4127.195,4127.665,4126.005,4126.585,0.018
2026-10-07 08:49:00+00:00,4126.615,4126.895,4125.875,4126.245,0.015
2026-10-07 08:50:00+00:00,4126.305,4126.615,4124.635,4125.595,0.024
2026-10-07 08:51:00+00:00,4125.595,4125.855,4124.565,4125.735,0.026
2026-10-07 08:52:00+00:00,4125.695,4126.245,4125.475,4125.665,0.02
2026-10-07 08:53:00+00:00,4125.665,4125.665,4124.745,4124.745,0.018
2026-10-07 08:54:00+00:00,4124.645,4125.765,4124.365,4124.915,0.019
2026-10-07 08:55:00+00:00,4124.955,4126.135,4124.835,4125.045,0.024
2026-10-07 08:56:00+00:00,4125.055,4125.635,4124.415,4125.635,0.018
2026-10-07 08:57:00+00:00,4125.645,4125.765,4124.655,4125.135,0.015
2026-10-07 08:58:00+00:00,4125.115,4125.135,4122.965,4123.605,0.023
2026-10-07 08:59:00+00:00,4123.625,4124.305,4123.205,4124.095,0.018
2026-10-07 09:00:00+00:00,4124.095,4125.635,4123.765,4125.225,0.026
2026-10-07 09:01:00+00:00,4125.215,4125.635,4124.795,4125.245,0.026
2026-10-07 09:02:00+00:00,4125.345,4126.155,4124.705,4125.415,0.027
2026-10-07 09:03:00+00:00,4125.435,4125.435,4123.395,4123.525,0.025
2026-10-07 09:04:00+00:00,4123.495,4123.905,4122.785,4123.545,0.02
2026-10-07 09:05:00+00:00,4123.905,4124.175,4122.815,4123.205,0.019
2026-10-07 09:06:00+00:00,4123.265,4123.575,4120.315,4120.805,0.03
2026-10-07 09:07:00+00:00,4120.815,4120.825,4119.735,4120.255,0.024
2026-10-07 09:08:00+00:00,4120.275,4122.145,4120.065,4121.855,0.023
2026-10-07 09:09:00+00:00,4121.925,4123.905,4121.755,4123.665,0.028
2026-10-07 09:10:00+00:00,4123.685,4123.815,4122.535,4122.535,0.025
2026-10-07 09:11:00+00:00,4122.535,4123.015,4122.375,4122.865,0.023
2026-10-07 09:12:00+00:00,4122.885,4123.735,4122.515,4122.535,0.028
2026-10-07 09:13:00+00:00,4122.565,4123.155,4122.095,4122.845,0.025
2026-10-07 09:14:00+00:00,4122.885,4124.445,4122.765,4124.065,0.021
2026-10-07 09:15:00+00:00,4124.085,4124.305,4123.365,4123.635,0.023
2026-10-07 09:16:00+00:00,4123.635,4123.785,4122.115,4122.205,0.023
2026-10-07 09:17:00+00:00,4122.335,4123.345,4121.995,4122.325,0.024
2026-10-07 09:18:00+00:00,4122.315,4122.895,4121.975,4122.845,0.025
2026-10-07 09:19:00+00:00,4122.825,4123.205,4121.585,4121.915,0.026
2026-10-07 09:20:00+00:00,4121.915,4122.405,4121.505,4121.845,0.023
2026-10-07 09:21:00+00:00,4121.845,4121.855,4120.675,4121.515,0.021
2026-10-07 09:22:00+00:00,4121.625,4122.395,4121.065,4122.295,0.022
2026-10-07 09:23:00+00:00,4122.305,4122.565,4121.725,4122.045,0.026
2026-10-07 09:24:00+00:00,4122.145,4122.545,4121.375,4121.975,0.022
2026-10-07 09:25:00+00:00,4122.005,4122.635,4121.685,4122.635,0.022
2026-10-07 09:26:00+00:00,4122.585,4123.405,4122.585,4122.775,0.02
2026-10-07 09:27:00+00:00,4122.925,4123.225,4122.145,4122.845,0.022
2026-10-07 09:28:00+00:00,4122.875,4122.915,4121.715,4121.825,0.022
2026-10-07 09:29:00+00:00,4121.855,4122.435,4120.855,4120.995,0.017
2026-10-07 09:30:00+00:00,4120.995,4121.675,4119.835,4120.455,0.02
2026-10-07 09:31:00+00:00,4120.465,4120.615,4119.115,4119.525,0.025
2026-10-07 09:32:00+00:00,4119.505,4120.965,4118.705,4120.615,0.027
2026-10-07 09:33:00+00:00,4120.505,4121.125,4120.045,4120.125,0.02
2026-10-07 09:34:00+00:00,4120.085,4120.135,4118.915,4118.915,0.024
2026-10-07 09:35:00+00:00,4118.965,4119.875,4118.935,4119.665,0.024
2026-10-07 09:36:00+00:00,4119.665,4120.075,4118.465,4120.075,0.023
2026-10-07 09:37:00+00:00,4120.215,4121.265,4120.155,4121.035,0.018
2026-10-07 09:38:00+00:00,4120.995,4121.055,4119.265,4119.565,0.018
2026-10-07 09:39:00+00:00,4119.515,4120.055,4118.715,4120.045,0.024
2026-10-07 09:40:00+00:00,4120.025,4120.225,4119.035,4119.055,0.024
2026-10-07 09:41:00+00:00,4119.055,4119.055,4117.805,4118.235,0.023
2026-10-07 09:42:00+00:00,4118.105,4118.585,4117.785,4118.515,0.022
2026-10-07 09:43:00+00:00,4118.515,4119.715,4118.095,4119.565,0.014
2026-10-07 09:44:00+00:00,4119.585,4120.165,4119.505,4120.155,0.022
2026-10-07 09:45:00+00:00,4120.165,4120.165,4118.915,4119.185,0.019
2026-10-07 09:46:00+00:00,4119.175,4119.175,4117.375,4117.955,0.021
2026-10-07 09:47:00+00:00,4117.895,4119.875,4117.435,4119.555,0.021
2026-10-07 09:48:00+00:00,4119.535,4119.855,4118.845,4119.405,0.018
2026-10-07 09:49:00+00:00,4119.415,4119.475,4118.795,4119.315,0.017
2026-10-07 09:50:00+00:00,4119.255,4119.335,4118.475,4119.035,0.02
2026-10-07 09:51:00+00:00,4119.035,4119.275,4118.465,4118.505,0.017
2026-10-07 09:52:00+00:00,4118.585,4119.165,4118.225,4118.705,0.019
2026-10-07 09:53:00+00:00,4118.705,4118.965,4117.275,4117.995,0.021
2026-10-07 09:54:00+00:00,4117.935,4119.135,4117.745,4119.135,0.019
2026-10-07 09:55:00+00:00,4119.125,4120.015,4117.625,4117.785,0.023
2026-10-07 09:56:00+00:00,4117.725,4118.065,4116.895,4117.055,0.019
2026-10-07 09:57:00+00:00,4117.065,4118.635,4117.045,4118.535,0.022
2026-10-07 09:58:00+00:00,4118.685,4119.105,4118.325,4118.635,0.019
2026-10-07 09:59:00+00:00,4118.655,4120.525,4118.475,4119.925,0.036
2026-10-07 10:00:00+00:00,4119.915,4120.075,4117.925,4118.165,0.04
2026-10-07 10:01:00+00:00,4118.255,4118.305,4116.825,4117.445,0.026
2026-10-07 10:02:00+00:00,4117.435,4117.725,4116.575,4117.125,0.025
2026-10-07 10:03:00+00:00,4117.125,4119.775,4117.125,4119.345,0.03
2026-10-07 10:04:00+00:00,4119.485,4120.615,4119.075,4120.295,0.025
2026-10-07 10:05:00+00:00,4120.295,4120.295,4117.665,4118.055,0.028
2026-10-07 10:06:00+00:00,4118.045,4118.345,4116.615,4117.525,0.027
2026-10-07 10:07:00+00:00,4117.465,4117.925,4115.685,4116.935,0.028
2026-10-07 10:08:00+00:00,4117.115,4117.355,4115.565,4116.265,0.034
2026-10-07 10:09:00+00:00,4116.265,4117.845,4116.055,4116.825,0.024
2026-10-07 10:10:00+00:00,4116.945,4117.585,4116.885,4117.585,0.02
2026-10-07 10:11:00+00:00,4117.565,4118.475,4117.035,4118.385,0.015
2026-10-07 10:12:00+00:00,4118.245,4118.325,4116.005,4116.205,0.015
2026-10-07 10:13:00+00:00,4116.185,4116.325,4115.405,4115.645,0.016
2026-10-07 10:14:00+00:00,4115.645,4116.705,4115.515,4116.615,0.023
2026-10-07 10:15:00+00:00,4116.465,4117.475,4116.205,4117.375,0.021
2026-10-07 10:16:00+00:00,4117.485,4117.635,4115.425,4115.485,0.023
2026-10-07 10:17:00+00:00,4115.455,4116.125,4114.665,4115.575,0.021
2026-10-07 10:18:00+00:00,4115.515,4115.955,4115.055,4115.885,0.017
2026-10-07 10:19:00+00:00,4115.925,4116.645,4115.805,4116.055,0.016
2026-10-07 10:20:00+00:00,4116.185,4116.755,4114.295,4114.665,0.026
2026-10-07 10:21:00+00:00,4114.705,4115.785,4114.425,4115.665,0.019
2026-10-07 10:22:00+00:00,4115.665,4115.945,4115.105,4115.495,0.02
2026-10-07 10:23:00+00:00,4115.395,4116.535,4115.185,4116.315,0.018
2026-10-07 10:24:00+00:00,4116.305,4117.015,4115.905,4116.995,0.018
2026-10-07 10:25:00+00:00,4116.955,4118.105,4116.705,4117.665,0.026
2026-10-07 10:26:00+00:00,4117.575,4117.845,4116.785,4116.785,0.029
2026-10-07 10:27:00+00:00,4116.825,4117.225,4116.215,4116.415,0.018
2026-10-07 10:28:00+00:00,4116.435,4116.875,4116.135,4116.155,0.018
2026-10-07 10:29:00+00:00,4116.155,4116.255,4114.575,4114.645,0.018
2026-10-07 10:30:00+00:00,4114.485,4115.575,4112.095,4112.445,0.028
2026-10-07 10:31:00+00:00,4112.445,4112.545,4110.305,4110.525,0.033
2026-10-07 10:32:00+00:00,4110.495,4110.885,4109.455,4110.655,0.035
2026-10-07 10:33:00+00:00,4110.665,4111.695,4110.645,4110.865,0.026
2026-10-07 10:34:00+00:00,4110.865,4111.475,4109.775,4111.475,0.026
2026-10-07 10:35:00+00:00,4111.425,4113.115,4111.405,4112.975,0.021
2026-10-07 10:36:00+00:00,4112.995,4113.095,4111.625,4113.065,0.021
2026-10-07 10:37:00+00:00,4113.075,4115.185,4112.805,4115.065,0.026
2026-10-07 10:38:00+00:00,4115.065,4116.035,4115.065,4115.355,0.022
2026-10-07 10:39:00+00:00,4115.355,4116.735,4115.235,4116.465,0.02
2026-10-07 10:40:00+00:00,4116.365,4116.465,4115.395,4116.055,0.018
2026-10-07 10:41:00+00:00,4116.135,4116.225,4114.815,4114.845,0.021
2026-10-07 10:42:00+00:00,4114.865,4115.005,4112.575,4113.225,0.027
2026-10-07 10:43:00+00:00,4113.185,4114.565,4112.805,4114.025,0.038
2026-10-07 10:44:00+00:00,4113.945,4114.295,4112.845,4113.615,0.029
2026-10-07 10:45:00+00:00,4113.535,4114.095,4112.755,4113.135,0.026
2026-10-07 10:46:00+00:00,4113.095,4113.175,4111.245,4112.935,0.034
2026-10-07 10:47:00+00:00,4112.805,4114.045,4112.515,4113.685,0.024
2026-10-07 10:48:00+00:00,4113.495,4114.585,4113.315,4114.265,0.022
2026-10-07 10:49:00+00:00,4114.325,4114.605,4113.515,4114.275,0.022
2026-10-07 10:50:00+00:00,4114.095,4116.205,4114.045,4115.645,0.024
2026-10-07 10:51:00+00:00,4115.775,4117.685,4115.655,4117.645,0.025
2026-10-07 10:52:00+00:00,4117.625,4117.905,4116.485,4117.705,0.023
2026-10-07 10:53:00+00:00,4117.705,4117.915,4116.565,4116.885,0.017
2026-10-07 10:54:00+00:00,4116.855,4118.265,4116.805,4118.175,0.02
2026-10-07 10:55:00+00:00,4118.115,4118.605,4117.745,4118.055,0.021
2026-10-07 10:56:00+00:00,4118.055,4118.215,4117.185,4117.665,0.022
2026-10-07 10:57:00+00:00,4117.745,4118.885,4117.725,4117.745,0.021
2026-10-07 10:58:00+00:00,4117.725,4118.225,4116.825,4117.585,0.024
2026-10-07 10:59:00+00:00,4117.615,4117.795,4117.185,4117.315,0.004
2026-10-07 11:00:00+00:00,4117.375,4117.945,4116.625,4117.745,0.016
2026-10-07 11:01:00+00:00,4117.595,4118.725,4117.395,4118.715,0.026
2026-10-07 11:02:00+00:00,4118.665,4119.085,4117.635,4117.795,0.026
2026-10-07 11:03:00+00:00,4117.935,4119.385,4117.775,4118.595,0.02
2026-10-07 11:04:00+00:00,4118.555,4119.325,4118.445,4119.285,0.027
2026-10-07 11:05:00+00:00,4119.285,4119.965,4118.555,4119.875,0.027
2026-10-07 11:06:00+00:00,4119.845,4120.325,4119.415,4119.865,0.024
2026-10-07 11:07:00+00:00,4119.825,4120.495,4119.755,4120.105,0.023
2026-10-07 11:08:00+00:00,4120.195,4120.195,4119.605,4120.085,0.019
2026-10-07 11:09:00+00:00,4120.085,4120.475,4119.955,4120.305,0.015
2026-10-07 11:10:00+00:00,4120.305,4120.725,4119.895,4120.025,0.021
2026-10-07 11:11:00+00:00,4120.025,4121.715,4120.025,4121.695,0.023
2026-10-07 11:12:00+00:00,4121.665,4121.995,4120.565,4120.825,0.023
2026-10-07 11:13:00+00:00,4120.695,4121.515,4120.505,4121.105,0.02
2026-10-07 11:14:00+00:00,4121.145,4121.335,4120.195,4121.325,0.015
2026-10-07 11:15:00+00:00,4121.335,4121.335,4119.785,4120.405,0.021
2026-10-07 11:16:00+00:00,4120.405,4120.535,4119.345,4119.525,0.017
2026-10-07 11:17:00+00:00,4119.505,4119.915,4119.055,4119.685,0.018
2026-10-07 11:18:00+00:00,4119.725,4120.635,4119.725,4120.355,0.016
2026-10-07 11:19:00+00:00,4120.355,4121.325,4119.575,4120.175,0.015
2026-10-07 11:20:00+00:00,4120.225,4120.335,4119.555,4119.625,0.014
2026-10-07 11:21:00+00:00,4119.645,4120.025,4119.175,4119.755,0.016
2026-10-07 11:22:00+00:00,4119.715,4120.375,4119.625,4119.625,0.016
2026-10-07 11:23:00+00:00,4119.625,4120.135,4119.445,4119.875,0.018
2026-10-07 11:24:00+00:00,4119.895,4119.925,4119.085,4119.825,0.015
2026-10-07 11:25:00+00:00,4119.825,4120.225,4117.655,4118.675,0.035
2026-10-07 11:26:00+00:00,4118.685,4119.605,4118.205,4119.495,0.029
2026-10-07 11:27:00+00:00,4119.525,4119.945,4118.895,4119.085,0.024
2026-10-07 11:28:00+00:00,4119.085,4119.885,4118.885,4119.715,0.022
2026-10-07 11:29:00+00:00,4119.785,4122.495,4119.775,4119.955,0.03
2026-10-07 11:30:00+00:00,4119.855,4119.855,4117.745,4119.675,0.048
2026-10-07 11:31:00+00:00,4119.595,4120.525,4118.315,4118.905,0.045
2026-10-07 11:32:00+00:00,4118.905,4119.055,4118.045,4118.575,0.042
2026-10-07 11:33:00+00:00,4118.645,4119.305,4118.065,4119.085,0.028
2026-10-07 11:34:00+00:00,4119.115,4120.215,4118.985,4120.195,0.024
2026-10-07 11:35:00+00:00,4120.205,4121.615,4119.975,4121.175,0.024
2026-10-07 11:36:00+00:00,4121.155,4121.495,4120.195,4120.355,0.028
2026-10-07 11:37:00+00:00,4120.335,4120.945,4120.005,4120.945,0.021
2026-10-07 11:38:00+00:00,4120.945,4121.115,4119.075,4119.195,0.022
2026-10-07 11:39:00+00:00,4119.275,4119.775,4118.295,4118.305,0.023
2026-10-07 11:40:00+00:00,4118.195,4118.195,4116.385,4116.885,0.027
2026-10-07 11:41:00+00:00,4116.885,4117.955,4116.885,4117.555,0.022
2026-10-07 11:42:00+00:00,4117.555,4117.975,4116.895,4117.205,0.02
2026-10-07 11:43:00+00:00,4117.205,4117.645,4116.475,4116.945,0.028
2026-10-07 11:44:00+00:00,4116.915,4118.125,4116.695,4117.475,0.027
2026-10-07 11:45:00+00:00,4117.375,4117.585,4116.695,4117.395,0.021
2026-10-07 11:46:00+00:00,4117.415,4117.415,4116.195,4116.845,0.024
2026-10-07 11:47:00+00:00,4116.875,4117.445,4115.895,4115.945,0.023
2026-10-07 11:48:00+00:00,4115.945,4117.825,4115.945,4117.445,0.026
2026-10-07 11:49:00+00:00,4117.535,4118.385,4117.195,4117.995,0.025
2026-10-07 11:50:00+00:00,4117.995,4118.145,4115.775,4115.825,0.027
2026-10-07 11:51:00+00:00,4115.805,4116.565,4115.305,4116.055,0.023
2026-10-07 11:52:00+00:00,4116.055,4116.405,4115.445,4115.445,0.022
2026-10-07 11:53:00+00:00,4115.455,4116.945,4115.455,4116.515,0.025
2026-10-07 11:54:00+00:00,4116.545,4118.665,4116.355,4118.555,0.029
2026-10-07 11:55:00+00:00,4118.425,4120.025,4117.775,4119.745,0.034
2026-10-07 11:56:00+00:00,4119.805,4120.615,4119.075,4120.345,0.037
2026-10-07 11:57:00+00:00,4120.345,4121.925,4119.945,4121.345,0.032
2026-10-07 11:58:00+00:00,4121.195,4122.435,4120.215,4121.835,0.041
2026-10-07 11:59:00+00:00,4121.685,4123.635,4120.835,4122.115,0.039
2026-10-07 12:00:00+00:00,4121.995,4124.035,4121.495,4123.545,0.039
2026-10-07 12:01:00+00:00,4123.655,4124.005,4122.325,4122.545,0.037
2026-10-07 12:02:00+00:00,4122.545,4123.355,4122.225,4122.765,0.03
2026-10-07 12:03:00+00:00,4122.815,4124.565,4122.655,4123.745,0.028
2026-10-07 12:04:00+00:00,4123.835,4124.355,4122.715,4122.865,0.027
2026-10-07 12:05:00+00:00,4122.845,4123.725,4122.625,4123.615,0.028
2026-10-07 12:06:00+00:00,4123.635,4124.675,4123.475,4124.105,0.027
2026-10-07 12:07:00+00:00,4124.065,4124.205,4123.705,4123.975,0.025
2026-10-07 12:08:00+00:00,4124.005,4124.535,4123.655,4124.155,0.024
2026-10-07 12:09:00+00:00,4124.155,4124.445,4122.555,4122.845,0.026
2026-10-07 12:10:00+00:00,4122.825,4123.555,4122.025,4122.365,0.028
2026-10-07 12:11:00+00:00,4122.305,4122.515,4120.375,4120.465,0.029
2026-10-07 12:12:00+00:00,4120.325,4120.715,4119.825,4120.445,0.032
2026-10-07 12:13:00+00:00,4120.385,4120.905,4120.195,4120.605,0.027
2026-10-07 12:14:00+00:00,4120.735,4121.085,4119.575,4119.945,0.03
2026-10-07 12:15:00+00:00,4119.965,4120.355,4116.685,4116.685,0.036
2026-10-07 12:16:00+00:00,4116.685,4118.685,4115.975,4118.595,0.036
2026-10-07 12:17:00+00:00,4118.615,4119.655,4118.615,4119.125,0.029
2026-10-07 12:18:00+00:00,4119.125,4119.555,4117.765,4117.765,0.035
2026-10-07 12:19:00+00:00,4117.805,4118.695,4117.255,4118.595,0.033
2026-10-07 12:20:00+00:00,4118.595,4123.685,4118.485,4121.445,0.05
2026-10-07 12:21:00+00:00,4121.425,4121.425,4117.345,4117.415,0.035
2026-10-07 12:22:00+00:00,4117.245,4118.315,4116.715,4117.085,0.042
2026-10-07 12:23:00+00:00,4116.845,4116.845,4113.195,4114.005,0.049
2026-10-07 12:24:00+00:00,4114.005,4115.135,4112.465,4113.275,0.047
2026-10-07 12:25:00+00:00,4113.255,4113.285,4107.575,4107.745,0.053
2026-10-07 12:26:00+00:00,4107.555,4107.555,4096.525,4096.875,0.056
2026-10-07 12:27:00+00:00,4096.765,4098.435,4084.705,4086.945,0.05
2026-10-07 12:28:00+00:00,4087.095,4087.925,4080.805,4080.805,0.046
2026-10-07 12:29:00+00:00,4080.595,4084.765,4080.465,4080.945,0.045
2026-10-07 12:30:00+00:00,4080.835,4082.865,4074.385,4076.265,0.063
2026-10-07 12:31:00+00:00,4076.435,4084.77,4076.435,4084.575,0.064
2026-10-07 12:32:00+00:00,4085.015,4089.585,4082.885,4088.555,0.051
2026-10-07 12:33:00+00:00,4088.455,4088.565,4083.375,4083.385,0.049
2026-10-07 12:34:00+00:00,4083.195,4083.195,4079.595,4081.035,0.041
2026-10-07 12:35:00+00:00,4081.315,4085.305,4080.155,4084.165,0.048
2026-10-07 12:36:00+00:00,4084.085,4086.705,4083.375,4084.405,0.045
2026-10-07 12:37:00+00:00,4084.325,4086.885,4079.385,4081.335,0.046
2026-10-07 12:38:00+00:00,4081.435,4084.445,4079.265,4083.485,0.049
2026-10-07 12:39:00+00:00,4083.485,4087.355,4077.715,4077.754,0.049
2026-10-07 12:40:00+00:00,4077.764,4080.714,4072.765,4073.285,0.051
2026-10-07 12:41:00+00:00,4073.455,4078.275,4072.545,4077.645,0.052
2026-10-07 12:42:00+00:00,4077.775,4079.555,4074.805,4079.385,0.046
2026-10-07 12:43:00+00:00,4079.245,4080.555,4075.945,4076.375,0.042
2026-10-07 12:44:00+00:00,4076.395,4076.635,4072.035,4072.125,0.049
2026-10-07 12:45:00+00:00,4072.245,4074.585,4071.395,4072.535,0.058
2026-10-07 12:46:00+00:00,4072.675,4072.675,4069.055,4069.245,0.053
2026-10-07 12:47:00+00:00,4069.305,4077.475,4068.625,4077.405,0.063
2026-10-07 12:48:00+00:00,4077.285,4078.535,4074.495,4076.925,0.047
2026-10-07 12:49:00+00:00,4076.755,4077.955,4073.655,4074.725,0.053
2026-10-07 12:50:00+00:00,4074.505,4074.855,4068.655,4068.955,0.06
2026-10-07 12:51:00+00:00,4068.835,4073.674,4066.875,4070.805,0.065
2026-10-07 12:52:00+00:00,4070.685,4080.455,4070.495,4080.455,0.043
2026-10-07 12:53:00+00:00,4080.415,4083.91,4080.415,4082.965,0.03
2026-10-07 12:54:00+00:00,4082.855,4084.675,4081.355,4081.355,0.029
2026-10-07 12:55:00+00:00,4081.245,4085.115,4080.285,4084.465,0.029
2026-10-07 12:56:00+00:00,4084.465,4086.094,4082.535,4085.865,0.026
2026-10-07 12:57:00+00:00,4085.825,4088.625,4085.825,4088.475,0.025
2026-10-07 12:58:00+00:00,4088.685,4089.545,4085.455,4086.705,0.029
2026-10-07 12:59:00+00:00,4086.555,4088.045,4085.265,4087.835,0.034
2026-10-07 13:00:00+00:00,4087.815,4095.1,4087.195,4092.025,0.042
2026-10-07 13:01:00+00:00,4092.185,4097.685,4089.455,4091.705,0.053
2026-10-07 13:02:00+00:00,4091.285,4091.285,4087.375,4089.505,0.028
2026-10-07 13:03:00+00:00,4090.045,4091.485,4089.405,4089.735,0.017
2026-10-07 13:04:00+00:00,4089.845,4092.535,4089.785,4090.295,0.044
2026-10-07 13:05:00+00:00,4090.425,4092.445,4089.915,4091.165,0.016
2026-10-07 13:06:00+00:00,4091.265,4091.585,4089.625,4091.185,0.012
2026-10-07 13:07:00+00:00,4091.035,4092.355,4090.195,4090.895,0.012
2026-10-07 13:08:00+00:00,4091.045,4091.185,4088.515,4089.775,0.011
2026-10-07 13:09:00+00:00,4089.935,4090.355,4087.565,4089.085,0.011
2026-10-07 13:10:00+00:00,4088.955,4089.805,4087.715,4088.265,0.008
2026-10-07 13:11:00+00:00,4088.405,4088.935,4087.235,4088.485,0.011
2026-10-07 13:12:00+00:00,4088.475,4091.645,4088.155,4089.665,0.019
2026-10-07 13:13:00+00:00,4089.775,4093.475,4089.635,4093.225,0.013
2026-10-07 13:14:00+00:00,4093.395,4094.665,4092.805,4094.665,0.012
2026-10-07 13:15:00+00:00,4094.785,4095.235,4093.125,4093.655,0.014
2026-10-07 13:16:00+00:00,4093.525,4095.805,4093.515,4094.575,0.013
2026-10-07 13:17:00+00:00,4094.595,4095.485,4093.445,4095.485,0.011
2026-10-07 13:18:00+00:00,4095.365,4096.185,4094.805,4096.155,0.013
2026-10-07 13:19:00+00:00,4096.295,4097.895,4096.175,4097.175,0.012
2026-10-07 13:20:00+00:00,4097.045,4097.695,4095.665,4097.555,0.018
2026-10-07 13:21:00+00:00,4097.555,4098.735,4096.685,4096.825,0.013
2026-10-07 13:22:00+00:00,4096.785,4097.565,4096.195,4096.285,0.014
2026-10-07 13:23:00+00:00,4096.285,4096.955,4094.845,4096.955,0.017
2026-10-07 13:24:00+00:00,4096.835,4096.835,4091.215,4091.275,0.031
2026-10-07 13:25:00+00:00,4091.145,4092.145,4090.075,4090.125,0.026
2026-10-07 13:26:00+00:00,4090.065,4090.495,4088.195,4088.385,0.032
2026-10-07 13:27:00+00:00,4088.375,4089.925,4088.065,4089.495,0.026
2026-10-07 13:28:00+00:00,4089.415,4090.965,4088.925,4090.905,0.025
2026-10-07 13:29:00+00:00,4090.915,4091.675,4090.405,4090.665,0.017
2026-10-07 13:30:00+00:00,4090.795,4093.035,4090.435,4092.085,0.035
2026-10-07 13:31:00+00:00,4092.085,4094.765,4091.775,4092.095,0.034
2026-10-07 13:32:00+00:00,4092.195,4092.215,4086.745,4086.745,0.025
2026-10-07 13:33:00+00:00,4086.735,4088.505,4086.315,4086.665,0.026
2026-10-07 13:34:00+00:00,4086.405,4087.775,4084.905,4087.285,0.019
2026-10-07 13:35:00+00:00,4087.205,4089.035,4086.635,4087.005,0.019
2026-10-07 13:36:00+00:00,4087.145,4087.395,4084.835,4086.885,0.026
2026-10-07 13:37:00+00:00,4086.635,4087.185,4085.025,4085.395,0.02
2026-10-07 13:38:00+00:00,4085.505,4085.715,4082.705,4084.075,0.025
2026-10-07 13:39:00+00:00,4084.105,4085.565,4083.455,4083.515,0.029
2026-10-07 13:40:00+00:00,4083.605,4084.575,4082.885,4084.335,0.027
2026-10-07 13:41:00+00:00,4084.305,4085.665,4082.905,4084.825,0.019
2026-10-07 13:42:00+00:00,4084.705,4088.875,4084.705,4088.525,0.024
2026-10-07 13:43:00+00:00,4088.525,4088.975,4087.245,4088.525,0.036
2026-10-07 13:44:00+00:00,4088.405,4090.895,4088.325,4089.475,0.038
2026-10-07 13:45:00+00:00,4089.505,4094.885,4089.505,4094.735,0.053
2026-10-07 13:46:00+00:00,4094.595,4097.275,4093.495,4093.495,0.04
2026-10-07 13:47:00+00:00,4093.445,4093.465,4090.685,4091.585,0.043
2026-10-07 13:48:00+00:00,4091.675,4093.125,4091.045,4091.465,0.037
2026-10-07 13:49:00+00:00,4091.365,4096.085,4091.335,4093.435,0.039
2026-10-07 13:50:00+00:00,4093.425,4099.015,4093.415,4098.095,0.047
2026-10-07 13:51:00+00:00,4098.195,4099.685,4097.225,4097.755,0.042
2026-10-07 13:52:00+00:00,4097.875,4099.275,4095.625,4098.075,0.042
2026-10-07 13:53:00+00:00,4098.025,4098.885,4096.155,4096.595,0.039
2026-10-07 13:54:00+00:00,4096.875,4097.605,4095.895,4097.455,0.034
2026-10-07 13:55:00+00:00,4097.295,4098.005,4095.395,4096.645,0.039
2026-10-07 13:56:00+00:00,4096.725,4096.965,4093.105,4093.895,0.042
2026-10-07 13:57:00+00:00,4093.755,4093.755,4090.875,4092.775,0.033
2026-10-07 13:58:00+00:00,4092.675,4095.245,4092.675,4094.985,0.037
2026-10-07 13:59:00+00:00,4095.105,4098.715,4094.765,4098.715,0.028
2026-10-07 14:00:00+00:00,4098.635,4100.105,4097.795,4099.605,0.052
2026-10-07 14:01:00+00:00,4099.305,4101.555,4099.235,4100.075,0.041
2026-10-07 14:02:00+00:00,4100.165,4100.435,4094.455,4095.845,0.04
2026-10-07 14:03:00+00:00,4095.745,4096.115,4094.605,4095.525,0.045
2026-10-07 14:04:00+00:00,4095.485,4096.745,4094.605,4096.035,0.04
2026-10-07 14:05:00+00:00,4095.895,4096.775,4093.785,4094.575,0.03
2026-10-07 14:06:00+00:00,4094.605,4096.525,4093.625,4096.525,0.042
2026-10-07 14:07:00+00:00,4096.635,4097.725,4095.285,4095.285,0.044
2026-10-07 14:08:00+00:00,4095.265,4097.445,4095.085,4096.425,0.04
2026-10-07 14:09:00+00:00,4096.425,4096.535,4094.475,4096.105,0.045
2026-10-07 14:10:00+00:00,4096.195,4098.365,4095.695,4097.955,0.05
2026-10-07 14:11:00+00:00,4098.055,4100.265,4097.285,4099.945,0.045
2026-10-07 14:12:00+00:00,4099.825,4100.605,4098.555,4099.205,0.044
2026-10-07 14:13:00+00:00,4099.185,4099.185,4096.965,4097.315,0.045
2026-10-07 14:14:00+00:00,4097.415,4098.735,4097.415,4098.225,0.041
2026-10-07 14:15:00+00:00,4098.135,4101.435,4097.845,4099.135,0.047
2026-10-07 14:16:00+00:00,4099.215,4100.265,4098.335,4099.715,0.044
2026-10-07 14:17:00+00:00,4099.635,4100.675,4098.465,4100.465,0.038
2026-10-07 14:18:00+00:00,4100.535,4104.035,4100.375,4102.475,0.05
2026-10-07 14:19:00+00:00,4102.455,4103.255,4097.305,4097.435,0.042
2026-10-07 14:20:00+00:00,4097.415,4099.405,4095.875,4098.155,0.052
2026-10-07 14:21:00+00:00,4098.155,4098.625,4096.185,4097.595,0.047
2026-10-07 14:22:00+00:00,4097.455,4099.785,4097.045,4098.085,0.043
2026-10-07 14:23:00+00:00,4098.065,4100.365,4097.695,4098.335,0.049
2026-10-07 14:24:00+00:00,4098.345,4098.715,4096.665,4098.655,0.036
2026-10-07 14:25:00+00:00,4098.605,4100.335,4097.975,4099.455,0.046
2026-10-07 14:26:00+00:00,4099.375,4099.765,4096.665,4097.065,0.042
2026-10-07 14:27:00+00:00,4097.015,4098.035,4095.305,4098.035,0.04
2026-10-07 14:28:00+00:00,4098.045,4099.755,4097.625,4097.875,0.043
2026-10-07 14:29:00+00:00,4097.875,4099.855,4097.515,4099.855,0.044
2026-10-07 14:30:00+00:00,4099.805,4102.935,4099.235,4100.655,0.056
2026-10-07 14:31:00+00:00,4100.675,4104.365,4100.555,4103.855,0.053
2026-10-07 14:32:00+00:00,4103.855,4106.285,4103.135,4104.745,0.051
2026-10-07 14:33:00+00:00,4104.745,4106.105,4102.585,4103.605,0.053
2026-10-07 14:34:00+00:00,4103.735,4106.095,4103.335,4105.145,0.047
2026-10-07 14:35:00+00:00,4105.265,4106.855,4102.255,4106.385,0.051
2026-10-07 14:36:00+00:00,4106.375,4106.865,4103.655,4103.695,0.045
2026-10-07 14:37:00+00:00,4103.865,4105.305,4101.775,4102.645,0.043
2026-10-07 14:38:00+00:00,4102.645,4105.375,4102.595,4105.015,0.046
2026-10-07 14:39:00+00:00,4105.105,4106.245,4104.055,4106.055,0.043
2026-10-07 14:40:00+00:00,4106.215,4109.155,4106.145,4108.845,0.044
2026-10-07 14:41:00+00:00,4108.785,4108.845,4106.015,4106.655,0.041
2026-10-07 14:42:00+00:00,4106.645,4106.945,4104.175,4104.635,0.041
2026-10-07 14:43:00+00:00,4104.415,4105.195,4103.215,4104.685,0.042
2026-10-07 14:44:00+00:00,4104.645,4104.965,4102.575,4102.585,0.047
2026-10-07 14:45:00+00:00,4102.555,4105.195,4102.525,4104.775,0.046
2026-10-07 14:46:00+00:00,4104.795,4105.825,4104.415,4105.715,0.041
2026-10-07 14:47:00+00:00,4105.715,4106.065,4103.305,4104.155,0.041
2026-10-07 14:48:00+00:00,4104.055,4104.785,4103.645,4104.215,0.039
2026-10-07 14:49:00+00:00,4104.255,4104.255,4102.675,4103.085,0.035
2026-10-07 14:50:00+00:00,4103.225,4105.335,4102.755,4105.245,0.043
2026-10-07 14:51:00+00:00,4105.245,4107.135,4105.005,4107.015,0.042
2026-10-07 14:52:00+00:00,4107.095,4107.775,4106.325,4106.355,0.033
2026-10-07 14:53:00+00:00,4106.295,4106.775,4105.365,4105.365,0.029
2026-10-07 14:54:00+00:00,4105.295,4106.475,4104.005,4104.565,0.036
2026-10-07 14:55:00+00:00,4104.565,4106.805,4104.025,4106.765,0.032
2026-10-07 14:56:00+00:00,4106.935,4108.775,4106.935,4108.205,0.032
2026-10-07 14:57:00+00:00,4108.215,4108.275,4104.815,4105.325,0.042
2026-10-07 14:58:00+00:00,4105.435,4105.655,4104.155,4105.255,0.037
2026-10-07 14:59:00+00:00,4105.095,4105.115,4103.165,4104.705,0.034
2026-10-07 15:00:00+00:00,4104.705,4104.825,4101.515,4101.665,0.052
2026-10-07 15:01:00+00:00,4101.665,4104.715,4101.215,4104.165,0.045
2026-10-07 15:02:00+00:00,4104.165,4105.745,4103.125,4103.125,0.04
2026-10-07 15:03:00+00:00,4103.125,4103.205,4099.295,4100.485,0.044
2026-10-07 15:04:00+00:00,4100.485,4101.425,4100.195,4100.745,0.038
2026-10-07 15:05:00+00:00,4100.635,4103.055,4100.535,4102.805,0.044
2026-10-07 15:06:00+00:00,4102.715,4104.385,4102.125,4103.345,0.041
2026-10-07 15:07:00+00:00,4103.345,4104.015,4102.255,4102.845,0.037
2026-10-07 15:08:00+00:00,4102.995,4105.125,4101.985,4105.125,0.037
2026-10-07 15:09:00+00:00,4105.105,4105.685,4103.675,4104.415,0.034
2026-10-07 15:10:00+00:00,4104.515,4104.895,4102.425,4102.625,0.039
2026-10-07 15:11:00+00:00,4102.625,4102.995,4101.605,4102.005,0.026
2026-10-07 15:12:00+00:00,4102.015,4102.205,4099.955,4100.145,0.034
2026-10-07 15:13:00+00:00,4100.185,4108.285,4099.895,4107.685,0.066
2026-10-07 15:14:00+00:00,4107.685,4108.245,4103.905,4103.935,0.057
2026-10-07 15:15:00+00:00,4103.935,4107.125,4103.935,4105.365,0.047
2026-10-07 15:16:00+00:00,4105.385,4105.385,4102.185,4104.015,0.046
2026-10-07 15:17:00+00:00,4104.005,4104.005,4102.145,4102.405,0.049
2026-10-07 15:18:00+00:00,4102.385,4102.425,4099.745,4101.495,0.042
2026-10-07 15:19:00+00:00,4101.635,4104.035,4101.255,4102.795,0.042
2026-10-07 15:20:00+00:00,4102.895,4103.835,4102.705,4102.725,0.039
2026-10-07 15:21:00+00:00,4102.735,4103.065,4099.695,4100.105,0.04
2026-10-07 15:22:00+00:00,4100.255,4101.385,4099.085,4101.265,0.04
2026-10-07 15:23:00+00:00,4101.285,4101.335,4100.265,4100.335,0.034
2026-10-07 15:24:00+00:00,4100.445,4102.315,4100.425,4101.595,0.036
2026-10-07 15:25:00+00:00,4101.455,4101.595,4099.955,4100.935,0.037
2026-10-07 15:26:00+00:00,4100.935,4101.135,4099.495,4100.405,0.034
2026-10-07 15:27:00+00:00,4100.525,4101.425,4100.445,4100.535,0.038
2026-10-07 15:28:00+00:00,4100.465,4102.195,4100.175,4101.785,0.034
2026-10-07 15:29:00+00:00,4101.855,4103.765,4100.885,4103.235,0.049
2026-10-07 15:30:00+00:00,4103.255,4106.555,4102.515,4106.545,0.047
2026-10-07 15:31:00+00:00,4106.555,4110.745,4106.555,4109.865,0.052
2026-10-07 15:32:00+00:00,4109.865,4110.775,4106.875,4106.875,0.051
2026-10-07 15:33:00+00:00,4106.835,4108.065,4106.035,4107.095,0.039
2026-10-07 15:34:00+00:00,4107.135,4108.155,4105.725,4108.105,0.038
2026-10-07 15:35:00+00:00,4108.245,4110.455,4108.135,4110.095,0.039
2026-10-07 15:36:00+00:00,4110.145,4111.885,4109.055,4111.835,0.037
2026-10-07 15:37:00+00:00,4111.965,4113.565,4111.505,4111.835,0.038
2026-10-07 15:38:00+00:00,4111.745,4111.745,4109.525,4110.455,0.04
2026-10-07 15:39:00+00:00,4110.475,4110.805,4108.725,4108.725,0.032
2026-10-07 15:40:00+00:00,4108.715,4109.255,4107.705,4108.905,0.033
2026-10-07 15:41:00+00:00,4108.945,4109.715,4107.705,4109.145,0.037
2026-10-07 15:42:00+00:00,4109.105,4109.155,4107.645,4108.315,0.031
2026-10-07 15:43:00+00:00,4108.315,4108.935,4107.845,4108.285,0.035
2026-10-07 15:44:00+00:00,4108.235,4109.405,4107.485,4108.845,0.029
2026-10-07 15:45:00+00:00,4108.885,4109.975,4108.825,4109.115,0.028
2026-10-07 15:46:00+00:00,4109.115,4109.625,4108.125,4109.155,0.034
2026-10-07 15:47:00+00:00,4109.195,4109.475,4107.195,4107.605,0.029
2026-10-07 15:48:00+00:00,4107.605,4107.755,4106.305,4107.015,0.027
2026-10-07 15:49:00+00:00,4106.985,4107.365,4105.485,4105.485,0.03
2026-10-07 15:50:00+00:00,4105.565,4106.215,4105.405,4105.545,0.025
2026-10-07 15:51:00+00:00,4105.525,4106.105,4103.665,4103.945,0.03
2026-10-07 15:52:00+00:00,4103.835,4103.965,4102.295,4103.435,0.032
2026-10-07 15:53:00+00:00,4103.575,4104.345,4102.995,4103.995,0.025
2026-10-07 15:54:00+00:00,4103.995,4105.425,4103.435,4105.425,0.028
2026-10-07 15:55:00+00:00,4105.425,4106.265,4104.875,4105.695,0.03
2026-10-07 15:56:00+00:00,4105.815,4107.405,4105.715,4106.335,0.026
2026-10-07 15:57:00+00:00,4106.315,4107.255,4106.155,4106.725,0.029
2026-10-07 15:58:00+00:00,4106.735,4106.905,4105.865,4106.875,0.024
2026-10-07 15:59:00+00:00,4106.875,4106.995,4105.535,4105.965,0.027
2026-10-07 16:00:00+00:00,4105.845,4107.455,4105.605,4106.905,0.035
2026-10-07 16:01:00+00:00,4106.875,4108.865,4103.095,4103.545,0.046
2026-10-07 16:02:00+00:00,4103.545,4108.289,4102.285,4107.085,0.058
2026-10-07 16:03:00+00:00,4107.185,4108.275,4106.745,4107.865,0.042
2026-10-07 16:04:00+00:00,4107.895,4110.045,4106.875,4109.745,0.037
2026-10-07 16:05:00+00:00,4109.485,4110.695,4109.215,4110.275,0.037
2026-10-07 16:06:00+00:00,4110.215,4114.925,4110.215,4113.955,0.044
2026-10-07 16:07:00+00:00,4113.865,4114.975,4112.035,4112.215,0.043
2026-10-07 16:08:00+00:00,4112.285,4112.535,4111.295,4112.275,0.034
2026-10-07 16:09:00+00:00,4112.185,4113.235,4111.615,4112.015,0.03
2026-10-07 16:10:00+00:00,4112.015,4112.665,4111.025,4111.695,0.03
2026-10-07 16:11:00+00:00,4111.655,4111.845,4110.625,4111.435,0.023
2026-10-07 16:12:00+00:00,4111.425,4112.435,4110.965,4112.205,0.029
2026-10-07 16:13:00+00:00,4112.275,4112.645,4111.765,4111.965,0.024
2026-10-07 16:14:00+00:00,4111.965,4112.025,4110.035,4110.665,0.026
2026-10-07 16:15:00+00:00,4110.675,4111.505,4110.505,4111.055,0.022
2026-10-07 16:16:00+00:00,4111.055,4111.785,4110.805,4111.085,0.026
2026-10-07 16:17:00+00:00,4111.085,4112.055,4110.255,4111.595,0.031
2026-10-07 16:18:00+00:00,4111.685,4112.565,4111.055,4112.415,0.023
2026-10-07 16:19:00+00:00,4112.325,4113.185,4112.135,4112.905,0.026
2026-10-07 16:20:00+00:00,4112.895,4113.555,4112.665,4113.055,0.022
2026-10-07 16:21:00+00:00,4113.085,4113.505,4112.365,4113.125,0.021
2026-10-07 16:22:00+00:00,4113.135,4114.705,4113.085,4114.085,0.028
2026-10-07 16:23:00+00:00,4114.035,4114.765,4113.645,4114.635,0.02
2026-10-07 16:24:00+00:00,4114.785,4114.975,4113.335,4113.805,0.022
2026-10-07 16:25:00+00:00,4113.805,4114.635,4113.765,4114.185,0.019
2026-10-07 16:26:00+00:00,4114.085,4114.405,4112.385,4113.985,0.027
2026-10-07 16:27:00+00:00,4113.985,4114.395,4113.315,4114.015,0.022
2026-10-07 16:28:00+00:00,4114.135,4114.975,4113.775,4114.015,0.023
2026-10-07 16:29:00+00:00,4114.105,4114.725,4113.525,4114.695,0.026
2026-10-07 16:30:00+00:00,4114.665,4115.535,4113.775,4114.345,0.03
2026-10-07 16:31:00+00:00,4114.285,4114.395,4113.585,4113.695,0.023
2026-10-07 16:32:00+00:00,4113.665,4114.275,4112.985,4113.555,0.02
2026-10-07 16:33:00+00:00,4113.545,4114.175,4113.015,4113.085,0.022
2026-10-07 16:34:00+00:00,4113.155,4113.215,4111.415,4111.415,0.019
2026-10-07 16:35:00+00:00,4111.455,4111.735,4110.165,4110.405,0.025
2026-10-07 16:36:00+00:00,4110.475,4111.565,4110.095,4111.435,0.026
2026-10-07 16:37:00+00:00,4111.415,4112.185,4110.855,4110.855,0.026
2026-10-07 16:38:00+00:00,4110.985,4113.087,4110.645,4111.325,0.026
2026-10-07 16:39:00+00:00,4111.375,4111.935,4109.515,4110.215,0.023
2026-10-07 16:40:00+00:00,4110.095,4110.125,4107.985,4108.235,0.028
2026-10-07 16:41:00+00:00,4108.285,4108.815,4107.705,4108.815,0.027
2026-10-07 16:42:00+00:00,4108.885,4109.665,4108.285,4109.425,0.022
2026-10-07 16:43:00+00:00,4109.475,4109.715,4107.885,4108.015,0.029
2026-10-07 16:44:00+00:00,4107.865,4109.155,4107.815,4108.765,0.024
2026-10-07 16:45:00+00:00,4108.755,4110.395,4108.715,4110.175,0.024
2026-10-07 16:46:00+00:00,4110.185,4112.645,4109.725,4110.095,0.04
2026-10-07 16:47:00+00:00,4110.075,4110.475,4109.495,4109.785,0.025
2026-10-07 16:48:00+00:00,4109.775,4109.775,4108.815,4109.045,0.02
2026-10-07 16:49:00+00:00,4109.045,4109.475,4107.855,4107.945,0.027
2026-10-07 16:50:00+00:00,4108.135,4109.005,4107.645,4108.915,0.026
2026-10-07 16:51:00+00:00,4108.915,4109.625,4108.735,4108.895,0.025
2026-10-07 16:52:00+00:00,4108.845,4110.415,4108.845,4110.015,0.022
2026-10-07 16:53:00+00:00,4110.005,4110.125,4108.865,4109.225,0.018
2026-10-07 16:54:00+00:00,4109.225,4109.965,4109.045,4109.535,0.018
2026-10-07 16:55:00+00:00,4109.645,4110.345,4109.105,4109.815,0.021
2026-10-07 16:56:00+00:00,4109.935,4110.515,4109.475,4110.375,0.019
2026-10-07 16:57:00+00:00,4110.475,4111.305,4109.625,4110.035,0.022
2026-10-07 16:58:00+00:00,4110.165,4110.275,4109.245,4109.555,0.014
2026-10-07 16:59:00+00:00,4109.335,4110.145,4109.295,4109.765,0.015
2026-10-07 17:00:00+00:00,4109.835,4110.165,4108.915,4109.835,0.025
2026-10-07 17:01:00+00:00,4109.625,4109.975,4108.645,4108.825,0.018
2026-10-07 17:02:00+00:00,4108.825,4115.005,4108.795,4114.385,0.06
2026-10-07 17:03:00+00:00,4114.385,4115.835,4111.525,4111.525,0.044
2026-10-07 17:04:00+00:00,4111.635,4113.745,4111.305,4113.095,0.041
2026-10-07 17:05:00+00:00,4113.205,4113.415,4112.215,4112.745,0.036
2026-10-07 17:06:00+00:00,4112.685,4115.695,4112.105,4114.615,0.04
2026-10-07 17:07:00+00:00,4114.495,4117.645,4113.885,4117.525,0.035
2026-10-07 17:08:00+00:00,4117.645,4118.905,4116.905,4117.615,0.044
2026-10-07 17:09:00+00:00,4117.575,4119.795,4117.055,4119.675,0.041
2026-10-07 17:10:00+00:00,4119.675,4122.815,4119.055,4122.775,0.048
2026-10-07 17:11:00+00:00,4122.675,4127.265,4122.035,4122.825,0.054
2026-10-07 17:12:00+00:00,4122.845,4123.625,4120.875,4122.975,0.04
2026-10-07 17:13:00+00:00,4122.825,4122.865,4119.725,4119.875,0.035
2026-10-07 17:14:00+00:00,4119.765,4121.045,4118.685,4120.205,0.035
2026-10-07 17:15:00+00:00,4120.225,4121.105,4118.525,4120.885,0.039
2026-10-07 17:16:00+00:00,4120.895,4121.935,4120.325,4120.695,0.032
2026-10-07 17:17:00+00:00,4120.695,4120.765,4118.905,4119.575,0.028
2026-10-07 17:18:00+00:00,4119.615,4121.515,4119.445,4121.095,0.03
2026-10-07 17:19:00+00:00,4121.195,4121.355,4120.175,4120.585,0.023
2026-10-07 17:20:00+00:00,4120.585,4123.335,4120.325,4121.015,0.039
2026-10-07 17:21:00+00:00,4121.065,4121.685,4119.855,4120.895,0.029
2026-10-07 17:22:00+00:00,4120.925,4121.075,4120.175,4120.785,0.026
2026-10-07 17:23:00+00:00,4120.785,4121.475,4119.215,4120.275,0.035
2026-10-07 17:24:00+00:00,4120.245,4120.485,4118.625,4119.085,0.043
2026-10-07 17:25:00+00:00,4118.985,4119.505,4117.095,4117.375,0.03
2026-10-07 17:26:00+00:00,4117.385,4117.795,4116.235,4116.535,0.023
2026-10-07 17:27:00+00:00,4116.575,4117.165,4114.935,4115.425,0.03
2026-10-07 17:28:00+00:00,4115.525,4117.105,4114.105,4116.655,0.031
2026-10-07 17:29:00+00:00,4116.625,4116.625,4114.175,4114.485,0.044
2026-10-07 17:30:00+00:00,4114.505,4116.975,4113.635,4116.825,0.033
2026-10-07 17:31:00+00:00,4116.785,4117.395,4115.485,4115.705,0.027
2026-10-07 17:32:00+00:00,4115.665,4115.775,4113.805,4114.425,0.023
2026-10-07 17:33:00+00:00,4114.325,4115.445,4114.165,4114.685,0.026
2026-10-07 17:34:00+00:00,4114.605,4115.125,4113.965,4115.015,0.021
2026-10-07 17:35:00+00:00,4114.985,4116.055,4114.375,4115.485,0.024
2026-10-07 17:36:00+00:00,4115.485,4115.725,4113.995,4115.175,0.021
2026-10-07 17:37:00+00:00,4115.195,4115.385,4113.295,4114.335,0.019
2026-10-07 17:38:00+00:00,4114.315,4114.325,4112.905,4113.475,0.02
2026-10-07 17:39:00+00:00,4113.595,4113.935,4112.815,4113.135,0.018
2026-10-07 17:40:00+00:00,4113.145,4113.145,4111.565,4112.795,0.022
2026-10-07 17:41:00+00:00,4112.835,4113.105,4111.895,4111.915,0.021
2026-10-07 17:42:00+00:00,4111.995,4113.305,4111.805,4111.925,0.023
2026-10-07 17:43:00+00:00,4111.925,4112.355,4111.335,4112.045,0.022
2026-10-07 17:44:00+00:00,4112.045,4112.105,4111.385,4112.005,0.016
2026-10-07 17:45:00+00:00,4111.935,4112.705,4111.625,4112.215,0.02
2026-10-07 17:46:00+00:00,4112.215,4114.685,4112.185,4114.065,0.025
2026-10-07 17:47:00+00:00,4113.945,4115.855,4113.865,4114.355,0.04
2026-10-07 17:48:00+00:00,4114.355,4114.715,4112.345,4112.625,0.027
2026-10-07 17:49:00+00:00,4112.605,4113.035,4112.165,4112.165,0.02
2026-10-07 17:50:00+00:00,4112.355,4112.695,4111.295,4111.815,0.024
2026-10-07 17:51:00+00:00,4111.825,4112.265,4111.215,4112.135,0.021
2026-10-07 17:52:00+00:00,4112.085,4112.115,4110.515,4110.525,0.019
2026-10-07 17:53:00+00:00,4110.625,4110.855,4109.635,4110.465,0.016
2026-10-07 17:54:00+00:00,4110.495,4110.905,4109.755,4109.995,0.019
2026-10-07 17:55:00+00:00,4109.985,4110.325,4109.275,4109.605,0.023
2026-10-07 17:56:00+00:00,4109.715,4109.915,4108.865,4109.265,0.016
2026-10-07 17:57:00+00:00,4109.315,4110.005,4109.195,4109.715,0.013
2026-10-07 17:58:00+00:00,4109.785,4110.335,4109.675,4110.335,0.013
2026-10-07 17:59:00+00:00,4110.445,4111.197,4110.345,4110.865,0.022
2026-10-07 18:00:00+00:00,4111.7,4111.7,4109.585,4110.685,0.024
2026-10-07 18:01:00+00:00,4110.705,4110.705,4109.215,4109.995,0.026
2026-10-07 18:02:00+00:00,4110.045,4111.635,4109.665,4111.135,0.023
2026-10-07 18:03:00+00:00,4110.895,4111.865,4110.595,4110.965,0.015
2026-10-07 18:04:00+00:00,4111.015,4115.415,4110.865,4115.225,0.032
2026-10-07 18:05:00+00:00,4115.285,4120.355,4115.145,4117.975,0.05
2026-10-07 18:06:00+00:00,4117.955,4118.545,4116.905,4117.105,0.031
2026-10-07 18:07:00+00:00,4116.895,4116.935,4115.625,4116.865,0.029
2026-10-07 18:08:00+00:00,4116.835,4116.835,4115.195,4115.465,0.02
2026-10-07 18:09:00+00:00,4115.585,4115.595,4113.775,4115.085,0.026
2026-10-07 18:10:00+00:00,4115.095,4115.155,4113.545,4114.015,0.029
2026-10-07 18:11:00+00:00,4114.105,4114.665,4113.405,4114.385,0.025
2026-10-07 18:12:00+00:00,4114.335,4114.525,4113.365,4114.445,0.021
2026-10-07 18:13:00+00:00,4114.405,4114.795,4113.595,4113.855,0.022
2026-10-07 18:14:00+00:00,4113.745,4114.225,4113.235,4113.515,0.019
2026-10-07 18:15:00+00:00,4113.635,4113.885,4112.485,4112.915,0.022
2026-10-07 18:16:00+00:00,4113.015,4113.335,4112.695,4112.935,0.017
2026-10-07 18:17:00+00:00,4112.935,4113.545,4112.405,4113.095,0.016
2026-10-07 18:18:00+00:00,4113.105,4113.105,4112.025,4112.245,0.021
2026-10-07 18:19:00+00:00,4112.245,4113.955,4112.095,4113.545,0.024
2026-10-07 18:20:00+00:00,4113.285,4113.495,4112.485,4112.535,0.022
2026-10-07 18:21:00+00:00,4112.535,4112.675,4112.205,4112.535,0.02
2026-10-07 18:22:00+00:00,4112.705,4113.255,4111.725,4111.775,0.02
2026-10-07 18:23:00+00:00,4111.805,4111.945,4111.235,4111.245,0.018
2026-10-07 18:24:00+00:00,4111.245,4111.905,4110.585,4111.385,0.023
2026-10-07 18:25:00+00:00,4111.385,4111.735,4110.525,4110.655,0.023
2026-10-07 18:26:00+00:00,4110.585,4111.875,4110.535,4111.875,0.022
2026-10-07 18:27:00+00:00,4111.875,4112.605,4110.775,4111.615,0.026
2026-10-07 18:28:00+00:00,4111.745,4113.105,4111.745,4111.955,0.037
2026-10-07 18:29:00+00:00,4112.035,4112.035,4111.215,4111.925,0.032
2026-10-07 18:30:00+00:00,4111.935,4112.335,4110.715,4110.925,0.022
2026-10-07 18:31:00+00:00,4110.835,4111.175,4110.215,4110.895,0.023
2026-10-07 18:32:00+00:00,4110.865,4111.305,4110.615,4110.875,0.017
2026-10-07 18:33:00+00:00,4110.865,4111.475,4110.775,4110.975,0.016
2026-10-07 18:34:00+00:00,4110.945,4111.145,4110.515,4110.935,0.014
2026-10-07 18:35:00+00:00,4110.945,4112.902,4109.805,4111.655,0.017
2026-10-07 18:36:00+00:00,4111.705,4112.035,4110.705,4111.435,0.022
2026-10-07 18:37:00+00:00,4111.435,4111.995,4110.725,4110.725,0.021
2026-10-07 18:38:00+00:00,4110.725,4110.735,4107.445,4108.145,0.028
2026-10-07 18:39:00+00:00,4108.115,4109.335,4108.095,4108.845,0.019
2026-10-07 18:40:00+00:00,4108.845,4110.765,4108.825,4110.765,0.02
2026-10-07 18:41:00+00:00,4110.645,4111.035,4109.905,4110.055,0.024
2026-10-07 18:42:00+00:00,4110.105,4111.315,4109.935,4110.675,0.021
2026-10-07 18:43:00+00:00,4110.705,4112.915,4110.405,4110.625,0.024
2026-10-07 18:44:00+00:00,4110.645,4111.355,4110.255,4110.275,0.023
2026-10-07 18:45:00+00:00,4110.305,4110.445,4109.535,4109.745,0.017
2026-10-07 18:46:00+00:00,4109.655,4110.765,4109.085,4109.465,0.025
2026-10-07 18:47:00+00:00,4109.465,4110.275,4109.335,4109.995,0.018
2026-10-07 18:48:00+00:00,4109.995,4111.515,4109.995,4111.305,0.019
2026-10-07 18:49:00+00:00,4111.305,4112.265,4111.305,4112.135,0.022
2026-10-07 18:50:00+00:00,4112.185,4113.525,4111.625,4112.065,0.023
2026-10-07 18:51:00+00:00,4112.005,4112.365,4111.715,4112.315,0.016
2026-10-07 18:52:00+00:00,4112.315,4112.785,4111.755,4112.785,0.015
2026-10-07 18:53:00+00:00,4112.695,4112.695,4111.345,4111.795,0.014
2026-10-07 18:54:00+00:00,4111.745,4111.855,4110.735,4111.025,0.015
2026-10-07 18:55:00+00:00,4111.235,4111.755,4111.025,4111.235,0.019
2026-10-07 18:56:00+00:00,4111.305,4111.765,4111.045,4111.435,0.02
2026-10-07 18:57:00+00:00,4111.405,4111.595,4110.095,4110.325,0.017
2026-10-07 18:58:00+00:00,4110.315,4110.445,4109.425,4109.775,0.015
2026-10-07 18:59:00+00:00,4109.625,4110.065,4109.275,4109.395,0.019
2026-10-07 19:00:00+00:00,4109.375,4110.425,4108.835,4110.285,0.021
2026-10-07 19:01:00+00:00,4110.165,4110.685,4109.875,4110.685,0.014
2026-10-07 19:02:00+00:00,4110.655,4110.805,4107.685,4108.655,0.028
2026-10-07 19:03:00+00:00,4108.645,4109.235,4106.255,4106.305,0.045
2026-10-07 19:04:00+00:00,4106.385,4107.895,4106.045,4107.805,0.048
2026-10-07 19:05:00+00:00,4107.815,4109.175,4107.455,4108.745,0.033
2026-10-07 19:06:00+00:00,4108.735,4108.735,4104.435,4105.645,0.046
2026-10-07 19:07:00+00:00,4105.765,4106.425,4104.905,4104.915,0.039
2026-10-07 19:08:00+00:00,4104.805,4105.935,4103.175,4105.915,0.034
2026-10-07 19:09:00+00:00,4105.915,4106.975,4104.895,4105.005,0.027
2026-10-07 19:10:00+00:00,4105.105,4106.665,4105.055,4106.225,0.025
2026-10-07 19:11:00+00:00,4106.035,4107.145,4105.935,4106.335,0.024
2026-10-07 19:12:00+00:00,4106.455,4108.095,4106.285,4107.725,0.018
2026-10-07 19:13:00+00:00,4107.555,4108.125,4107.285,4107.675,0.016
2026-10-07 19:14:00+00:00,4107.675,4108.635,4107.005,4107.385,0.017
2026-10-07 19:15:00+00:00,4107.485,4107.725,4106.045,4107.475,0.021
2026-10-07 19:16:00+00:00,4107.475,4109.385,4107.475,4109.075,0.024
2026-10-07 19:17:00+00:00,4109.075,4109.175,4107.995,4108.795,0.021
2026-10-07 19:18:00+00:00,4108.705,4109.035,4108.105,4108.895,0.018
2026-10-07 19:19:00+00:00,4108.895,4109.365,4108.555,4109.365,0.018
2026-10-07 19:20:00+00:00,4109.365,4110.125,4108.585,4108.725,0.021
2026-10-07 19:21:00+00:00,4108.725,4109.275,4108.655,4109.115,0.013
2026-10-07 19:22:00+00:00,4109.115,4109.115,4108.175,4108.775,0.018
2026-10-07 19:23:00+00:00,4108.725,4109.305,4108.525,4109.305,0.014
2026-10-07 19:24:00+00:00,4109.305,4109.625,4108.675,4108.695,0.015
2026-10-07 19:25:00+00:00,4108.685,4108.825,4107.445,4107.645,0.015
2026-10-07 19:26:00+00:00,4107.665,4107.725,4106.785,4107.635,0.015
2026-10-07 19:27:00+00:00,4107.635,4107.715,4107.255,4107.655,0.011
2026-10-07 19:28:00+00:00,4107.695,4107.795,4107.135,4107.135,0.019
2026-10-07 19:29:00+00:00,4107.135,4107.395,4106.805,4107.035,0.013
2026-10-07 19:30:00+00:00,4107.025,4107.895,4106.895,4107.625,0.019
2026-10-07 19:31:00+00:00,4107.745,4107.755,4106.025,4106.745,0.02
2026-10-07 19:32:00+00:00,4106.815,4107.625,4106.595,4106.665,0.021
2026-10-07 19:33:00+00:00,4106.675,4106.965,4105.995,4106.775,0.013
2026-10-07 19:34:00+00:00,4106.735,4107.195,4106.525,4106.885,0.017
2026-10-07 19:35:00+00:00,4106.935,4106.935,4105.815,4106.095,0.026
2026-10-07 19:36:00+00:00,4105.925,4106.505,4105.815,4105.895,0.016
2026-10-07 19:37:00+00:00,4105.895,4106.475,4105.795,4106.145,0.023
2026-10-07 19:38:00+00:00,4106.135,4106.905,4105.605,4106.555,0.019
2026-10-07 19:39:00+00:00,4106.725,4106.755,4105.985,4106.115,0.014
2026-10-07 19:40:00+00:00,4106.135,4107.305,4105.375,4105.585,0.018
2026-10-07 19:41:00+00:00,4105.615,4105.825,4105.075,4105.315,0.018
2026-10-07 19:42:00+00:00,4105.405,4106.175,4105.165,4106.135,0.013
2026-10-07 19:43:00+00:00,4106.005,4106.015,4105.215,4105.215,0.016
2026-10-07 19:44:00+00:00,4105.365,4105.525,4104.335,4104.775,0.018
2026-10-07 19:45:00+00:00,4104.855,4104.895,4103.365,4104.055,0.018
2026-10-07 19:46:00+00:00,4104.055,4104.375,4103.485,4103.635,0.017
2026-10-07 19:47:00+00:00,4103.555,4104.195,4102.845,4103.505,0.019
2026-10-07 19:48:00+00:00,4103.275,4103.315,4102.005,4102.905,0.022
2026-10-07 19:49:00+00:00,4102.905,4103.745,4102.905,4103.155,0.015
2026-10-07 19:50:00+00:00,4103.395,4103.955,4102.435,4102.825,0.027
2026-10-07 19:51:00+00:00,4102.865,4103.485,4102.165,4102.215,0.019
2026-10-07 19:52:00+00:00,4102.195,4102.925,4101.785,4102.295,0.018
2026-10-07 19:53:00+00:00,4102.045,4102.755,4101.325,4102.705,0.018
2026-10-07 19:54:00+00:00,4102.765,4103.215,4101.445,4101.525,0.024
2026-10-07 19:55:00+00:00,4101.555,4102.515,4101.555,4101.835,0.034
2026-10-07 19:56:00+00:00,4101.875,4102.935,4101.865,4102.505,0.023
2026-10-07 19:57:00+00:00,4102.555,4102.565,4100.975,4101.055,0.023
2026-10-07 19:58:00+00:00,4101.085,4101.445,4100.595,4101.055,0.025
2026-10-07 19:59:00+00:00,4100.965,4101.775,4100.915,4101.175,0.041
2026-10-07 20:00:00+00:00,4101.285,4104.545,4100.965,4104.075,0.025
2026-10-07 20:01:00+00:00,4103.955,4104.695,4103.105,4103.695,0.015
2026-10-07 20:02:00+00:00,4103.655,4103.795,4102.575,4103.565,0.014
2026-10-07 20:03:00+00:00,4103.585,4103.945,4103.255,4103.325,0.012
2026-10-07 20:04:00+00:00,4103.565,4104.095,4103.545,4103.825,0.012
2026-10-07 20:05:00+00:00,4103.905,4104.745,4103.495,4104.295,0.015
2026-10-07 20:06:00+00:00,4104.345,4104.965,4104.215,4104.785,0.015
2026-10-07 20:07:00+00:00,4104.655,4105.525,4104.325,4105.305,0.011
2026-10-07 20:08:00+00:00,4105.375,4105.615,4105.155,4105.305,0.009
2026-10-07 20:09:00+00:00,4105.265,4105.265,4104.755,4104.855,0.011
2026-10-07 20:10:00+00:00,4104.885,4105.125,4104.645,4104.905,0.009
2026-10-07 20:11:00+00:00,4104.885,4106.075,4104.665,4106.045,0.01
2026-10-07 20:12:00+00:00,4105.945,4106.555,4105.345,4106.555,0.011
2026-10-07 20:13:00+00:00,4106.555,4107.315,4106.175,4106.875,0.014
2026-10-07 20:14:00+00:00,4106.875,4106.885,4106.545,4106.835,0.007
2026-10-07 20:15:00+00:00,4106.835,4107.885,4106.435,4107.675,0.01
2026-10-07 20:16:00+00:00,4107.595,4108.145,4107.355,4107.865,0.01
2026-10-07 20:17:00+00:00,4107.885,4108.315,4107.725,4108.185,0.011
2026-10-07 20:18:00+00:00,4108.245,4108.245,4107.825,4107.935,0.009
2026-10-07 20:19:00+00:00,4107.975,4108.435,4107.865,4108.135,0.008
2026-10-07 20:20:00+00:00,4108.225,4108.715,4108.085,4108.595,0.006
2026-10-07 20:21:00+00:00,4108.695,4109.375,4108.515,4109.375,0.007
2026-10-07 20:22:00+00:00,4109.455,4110.635,4109.405,4110.485,0.011
2026-10-07 20:23:00+00:00,4110.485,4110.885,4110.045,4110.095,0.007
2026-10-07 20:24:00+00:00,4110.085,4110.305,4109.895,4110.125,0.007
2026-10-07 20:25:00+00:00,4110.045,4111.625,4110.045,4111.625,0.01
2026-10-07 20:26:00+00:00,4111.625,4112.205,4111.345,4112.205,0.011
2026-10-07 20:27:00+00:00,4112.205,4112.245,4111.765,4112.195,0.006
2026-10-07 20:28:00+00:00,4112.185,4112.405,4111.655,4112.095,0.011
2026-10-07 20:29:00+00:00,4112.135,4113.335,4112.055,4112.685,0.012
2026-10-07 20:30:00+00:00,4112.695,4113.545,4112.435,4113.545,0.012
2026-10-07 20:31:00+00:00,4113.535,4113.575,4112.055,4112.065,0.009
2026-10-07 20:32:00+00:00,4112.115,4112.135,4111.665,4111.665,0.006
2026-10-07 20:33:00+00:00,4111.475,4111.475,4110.395,4110.475,0.008
2026-10-07 20:34:00+00:00,4110.445,4110.755,4109.915,4109.915,0.008
2026-10-07 20:35:00+00:00,4110.025,4110.025,4109.445,4109.665,0.01
2026-10-07 20:36:00+00:00,4109.675,4110.505,4109.625,4110.265,0.008
2026-10-07 20:37:00+00:00,4110.195,4110.965,4110.195,4110.545,0.009
2026-10-07 20:38:00+00:00,4110.575,4110.575,4109.995,4110.015,0.008
2026-10-07 20:39:00+00:00,4109.885,4109.925,4109.405,4109.865,0.007
2026-10-07 20:40:00+00:00,4109.825,4109.995,4109.715,4109.845,0.007
2026-10-07 20:41:00+00:00,4109.935,4109.975,4108.575,4108.785,0.007
2026-10-07 20:42:00+00:00,4108.735,4108.905,4108.175,4108.905,0.007
2026-10-07 20:43:00+00:00,4108.905,4109.435,4108.905,4109.275,0.006
2026-10-07 20:44:00+00:00,4109.295,4109.335,4108.825,4109.335,0.006
2026-10-07 20:45:00+00:00,4109.335,4109.545,4108.845,4109.005,0.007
2026-10-07 20:46:00+00:00,4109.005,4109.345,4108.915,4109.315,0.002
2026-10-07 20:47:00+00:00,4109.345,4109.345,4108.975,4109.295,0.002
2026-10-07 20:48:00+00:00,4109.295,4109.775,4109.195,4109.205,0.004
2026-10-07 20:49:00+00:00,4109.205,4109.825,4109.205,4109.695,0.004
2026-10-07 20:50:00+00:00,4109.785,4111.265,4108.695,4108.695,0.011
2026-10-07 20:51:00+00:00,4108.545,4108.545,4107.465,4107.465,0.006
2026-10-07 20:52:00+00:00,4107.465,4107.465,4106.685,4106.685,0.004
2026-10-07 20:53:00+00:00,4106.775,4107.225,4106.095,4107.085,0.004
2026-10-07 20:54:00+00:00,4107.085,4107.715,4106.845,4107.385,0.006
2026-10-07 20:55:00+00:00,4107.325,4109.805,4107.325,4109.415,0.01
2026-10-07 20:56:00+00:00,4109.415,4110.405,4109.365,4110.365,0.004
2026-10-07 20:57:00+00:00,4110.365,4110.685,4109.785,4109.945,0.011
2026-10-07 20:58:00+00:00,4109.985,4111.938,4109.985,4111.265,0.008
2026-10-07 20:59:00+00:00,4111.365,4111.945,4110.835,4111.295,0.014
2026-10-07 22:00:00+00:00,4115.635,4119.135,4115.065,4115.535,0.01
2026-10-07 22:01:00+00:00,4115.655,4115.655,4114.305,4115.115,0.005
2026-10-07 22:02:00+00:00,4114.725,4115.225,4114.445,4115.005,0.004
2026-10-07 22:03:00+00:00,4115.105,4115.155,4114.455,4114.765,0.002
2026-10-07 22:04:00+00:00,4114.605,4114.855,4113.005,4113.005,0.009
2026-10-07 22:05:00+00:00,4112.885,4113.175,4111.825,4111.965,0.01
2026-10-07 22:06:00+00:00,4112.39,4112.444,4110.845,4110.845,0.006
2026-10-07 22:07:00+00:00,4110.845,4111.335,4109.735,4110.165,0.007
2026-10-07 22:08:00+00:00,4109.995,4110.185,4109.615,4109.845,0.004
2026-10-07 22:09:00+00:00,4109.995,4110.645,4109.829,4110.135,0.004
2026-10-07 22:10:00+00:00,4110.285,4111.405,4109.995,4110.825,0.008
2026-10-07 22:11:00+00:00,4110.605,4111.265,4109.695,4110.905,0.007
2026-10-07 22:12:00+00:00,4111.095,4111.095,4109.935,4110.185,0.005
2026-10-07 22:13:00+00:00,4110.065,4110.305,4109.355,4109.355,0.005
2026-10-07 22:14:00+00:00,4109.245,4109.685,4108.255,4108.455,0.008
2026-10-07 22:15:00+00:00,4108.635,4109.275,4108.365,4108.745,0.004
2026-10-07 22:16:00+00:00,4108.405,4108.875,4108.215,4108.355,0.004
2026-10-07 22:17:00+00:00,4108.465,4109.225,4108.205,4108.655,0.003
2026-10-07 22:18:00+00:00,4108.885,4109.115,4108.705,4108.875,0.002
2026-10-07 22:19:00+00:00,4108.995,4108.995,4108.235,4108.235,0.001
2026-10-07 22:20:00+00:00,4108.135,4108.235,4107.015,4107.015,0.005
2026-10-07 22:21:00+00:00,4107.125,4107.265,4106.415,4107.035,0.004
2026-10-07 22:22:00+00:00,4106.885,4107.435,4106.255,4107.325,0.004
2026-10-07 22:23:00+00:00,4107.195,4107.315,4106.495,4106.565,0.004
2026-10-07 22:24:00+00:00,4106.765,4106.765,4105.915,4105.995,0.002
2026-10-07 22:25:00+00:00,4106.165,4106.185,4105.165,4105.545,0.003
2026-10-07 22:26:00+00:00,4105.475,4105.665,4105.185,4105.385,0.003
2026-10-07 22:27:00+00:00,4105.375,4105.585,4105.145,4105.305,0.004
2026-10-07 22:28:00+00:00,4105.205,4105.635,4103.685,4104.845,0.006
2026-10-07 22:29:00+00:00,4104.595,4106.255,4104.595,4106.065,0.007
2026-10-07 22:30:00+00:00,4106.175,4106.965,4105.985,4106.685,0.009
2026-10-07 22:31:00+00:00,4106.525,4106.965,4106.285,4106.495,0.006
2026-10-07 22:32:00+00:00,4106.385,4106.725,4106.085,4106.275,0.003
2026-10-07 22:33:00+00:00,4106.405,4106.555,4105.375,4105.495,0.004
2026-10-07 22:34:00+00:00,4105.645,4105.645,4104.865,4105.215,0.003
2026-10-07 22:35:00+00:00,4105.365,4105.675,4104.135,4104.455,0.005
2026-10-07 22:36:00+00:00,4104.585,4104.685,4104.105,4104.355,0.003
2026-10-07 22:37:00+00:00,4104.505,4104.805,4104.195,4104.195,0.004
2026-10-07 22:38:00+00:00,4104.335,4104.815,4104.335,4104.505,0.002
2026-10-07 22:39:00+00:00,4104.505,4104.585,4104.505,4104.585,0.001
2026-10-07 22:40:00+00:00,4104.605,4105.065,4104.605,4105.065,0.001
2026-10-07 22:41:00+00:00,4105.215,4105.215,4104.905,4105.045,0.001
2026-10-07 22:42:00+00:00,4104.955,4105.015,4104.865,4104.955,0.001
2026-10-07 22:43:00+00:00,4105.105,4105.415,4104.935,4105.105,0.001
2026-10-07 22:44:00+00:00,4105.255,4105.425,4105.145,4105.425,0.001
2026-10-07 22:45:00+00:00,4105.275,4105.565,4105.255,4105.415,0.001
2026-10-07 22:46:00+00:00,4105.325,4105.555,4105.325,4105.405,0.001
2026-10-07 22:47:00+00:00,4105.555,4105.715,4105.475,4105.475,0.001
2026-10-07 22:48:00+00:00,4105.625,4106.135,4105.625,4105.975,0.003
2026-10-07 22:49:00+00:00,4105.975,4106.125,4105.905,4106.125,0.003
2026-10-07 22:50:00+00:00,4105.975,4106.955,4105.975,4106.955,0.005
2026-10-07 22:51:00+00:00,4106.805,4106.815,4106.525,4106.815,0.005
2026-10-07 22:52:00+00:00,4106.695,4107.015,4106.585,4107.015,0.004
2026-10-07 22:53:00+00:00,4107.015,4107.015,4106.635,4106.675,0.006
2026-10-07 22:54:00+00:00,4106.695,4106.695,4106.225,4106.305,0.003
2026-10-07 22:55:00+00:00,4106.325,4106.325,4105.625,4105.935,0.008
2026-10-07 22:56:00+00:00,4105.935,4105.995,4105.175,4105.375,0.004
2026-10-07 22:57:00+00:00,4105.525,4106.175,4105.285,4106.175,0.004
2026-10-07 22:58:00+00:00,4106.145,4106.305,4105.725,4105.945,0.001
2026-10-07 22:59:00+00:00,4106.095,4106.965,4105.985,4106.905,0.001
2026-10-07 23:00:00+00:00,4106.755,4107.875,4106.465,4107.425,0.003
2026-10-07 23:01:00+00:00,4107.285,4107.815,4107.285,4107.505,0.002
2026-10-07 23:02:00+00:00,4107.465,4107.875,4107.425,4107.875,0.001
2026-10-07 23:03:00+00:00,4107.565,4108.445,4107.565,4108.445,0.002
2026-10-07 23:04:00+00:00,4108.565,4110.135,4108.565,4110.015,0.003
2026-10-07 23:05:00+00:00,4109.905,4109.915,4108.855,4108.855,0.002
2026-10-07 23:06:00+00:00,4108.905,4109.245,4108.775,4109.015,0.002
2026-10-07 23:07:00+00:00,4108.435,4108.765,4107.215,4108.515,0.005
2026-10-07 23:08:00+00:00,4108.645,4110.225,4108.335,4109.705,0.004
2026-10-07 23:09:00+00:00,4109.555,4109.985,4109.255,4109.895,0.003
2026-10-07 23:10:00+00:00,4109.845,4110.065,4109.705,4109.765,0.004
2026-10-07 23:11:00+00:00,4109.775,4109.865,4109.225,4109.865,0.005
2026-10-07 23:12:00+00:00,4109.835,4110.095,4109.675,4109.675,0.004
2026-10-07 23:13:00+00:00,4109.815,4109.915,4109.605,4109.855,0.002
2026-10-07 23:14:00+00:00,4109.705,4109.975,4109.655,4109.975,0.002
2026-10-07 23:15:00+00:00,4109.975,4110.965,4109.685,4110.965,0.005
2026-10-07 23:16:00+00:00,4111.015,4111.285,4110.585,4110.795,0.005
2026-10-07 23:17:00+00:00,4110.595,4111.245,4110.595,4111.095,0.002
2026-10-07 23:18:00+00:00,4111.245,4111.645,4111.245,4111.325,0.003
2026-10-07 23:19:00+00:00,4111.325,4111.465,4111.295,4111.295,0.001
2026-10-07 23:20:00+00:00,4111.395,4111.605,4111.135,4111.315,0.003
2026-10-07 23:21:00+00:00,4111.465,4112.195,4111.135,4111.715,0.005
2026-10-07 23:22:00+00:00,4111.715,4112.265,4111.025,4111.165,0.007
2026-10-07 23:23:00+00:00,4111.275,4111.645,4109.925,4110.255,0.011
2026-10-07 23:24:00+00:00,4110.755,4110.835,4109.195,4110.645,0.01
2026-10-07 23:25:00+00:00,4110.505,4110.855,4109.865,4110.005,0.007
2026-10-07 23:26:00+00:00,4109.935,4110.445,4109.935,4110.445,0.002
2026-10-07 23:27:00+00:00,4110.515,4111.265,4109.905,4110.105,0.004
2026-10-07 23:28:00+00:00,4109.975,4110.825,4109.575,4109.575,0.008
2026-10-07 23:29:00+00:00,4109.425,4109.785,4108.025,4109.015,0.009
2026-10-07 23:30:00+00:00,4109.015,4109.315,4108.365,4109.305,0.006
2026-10-07 23:31:00+00:00,4109.185,4109.995,4108.755,4109.575,0.01
2026-10-07 23:32:00+00:00,4109.455,4109.865,4109.365,4109.715,0.006
2026-10-07 23:33:00+00:00,4109.715,4112.305,4109.595,4112.175,0.011
2026-10-07 23:34:00+00:00,4111.985,4112.905,4110.775,4111.845,0.013
2026-10-07 23:35:00+00:00,4111.745,4112.525,4111.675,4112.385,0.004
2026-10-07 23:36:00+00:00,4112.505,4114.065,4112.375,4113.945,0.008
2026-10-07 23:37:00+00:00,4113.635,4114.235,4112.555,4114.235,0.012
2026-10-07 23:38:00+00:00,4114.145,4114.505,4113.805,4114.505,0.006
2026-10-07 23:39:00+00:00,4114.505,4114.595,4112.975,4113.115,0.008
2026-10-07 23:40:00+00:00,4113.005,4113.715,4112.895,4113.215,0.005
2026-10-07 23:41:00+00:00,4113.255,4113.255,4112.995,4113.245,0.003
2026-10-07 23:42:00+00:00,4113.335,4113.955,4113.195,4113.475,0.003
2026-10-07 23:43:00+00:00,4113.305,4113.445,4112.855,4112.895,0.003
2026-10-07 23:44:00+00:00,4112.865,4113.015,4112.145,4112.365,0.004
2026-10-07 23:45:00+00:00,4112.495,4112.495,4111.425,4112.235,0.009
2026-10-07 23:46:00+00:00,4112.205,4112.235,4111.645,4111.645,0.004
2026-10-07 23:47:00+00:00,4111.795,4112.055,4110.875,4110.875,0.003
2026-10-07 23:48:00+00:00,4110.915,4111.135,4110.735,4110.925,0.004
2026-10-07 23:49:00+00:00,4111.005,4111.455,4110.395,4110.655,0.005
2026-10-07 23:50:00+00:00,4110.525,4111.065,4110.525,4110.895,0.004
2026-10-07 23:51:00+00:00,4110.775,4110.775,4109.645,4110.125,0.006
2026-10-07 23:52:00+00:00,4110.215,4110.215,4109.405,4109.405,0.004
2026-10-07 23:53:00+00:00,4109.545,4110.515,4109.545,4109.995,0.007
2026-10-07 23:54:00+00:00,4109.895,4109.995,4108.785,4109.425,0.006
2026-10-07 23:55:00+00:00,4109.435,4109.875,4108.665,4109.875,0.009
2026-10-07 23:56:00+00:00,4110.005,4110.405,4109.495,4109.635,0.006
2026-10-07 23:57:00+00:00,4109.675,4109.855,4108.905,4109.835,0.009
2026-10-07 23:58:00+00:00,4109.835,4110.075,4109.605,4109.715,0.006
2026-10-07 23:59:00+00:00,4109.715,4109.715,4108.515,4108.665,0.007
2026-10-08 00:00:00+00:00,4108.645,4110.415,4108.175,4110.205,0.021
2026-10-08 00:01:00+00:00,4110.265,4110.855,4109.125,4110.185,0.014
2026-10-08 00:02:00+00:00,4110.305,4110.535,4109.595,4110.265,0.01
2026-10-08 00:03:00+00:00,4110.265,4110.715,4109.955,4110.375,0.007
2026-10-08 00:04:00+00:00,4110.445,4111.865,4110.285,4111.165,0.011
2026-10-08 00:05:00+00:00,4111.285,4111.605,4109.405,4109.565,0.013
2026-10-08 00:06:00+00:00,4109.695,4110.345,4107.175,4108.645,0.021
2026-10-08 00:07:00+00:00,4108.445,4109.095,4108.335,4108.455,0.013
2026-10-08 00:08:00+00:00,4108.605,4108.865,4107.515,4107.975,0.01
2026-10-08 00:09:00+00:00,4107.845,4107.855,4107.055,4107.195,0.013
2026-10-08 00:10:00+00:00,4107.045,4107.745,4105.965,4106.755,0.016
2026-10-08 00:11:00+00:00,4106.705,4107.485,4106.355,4106.985,0.012
2026-10-08 00:12:00+00:00,4106.975,4110.775,4106.725,4110.735,0.018
2026-10-08 00:13:00+00:00,4110.735,4112.625,4109.405,4109.405,0.022
2026-10-08 00:14:00+00:00,4109.555,4111.465,4109.555,4110.715,0.014
2026-10-08 00:15:00+00:00,4110.625,4111.295,4109.065,4109.725,0.015
2026-10-08 00:16:00+00:00,4109.725,4110.185,4108.995,4109.675,0.012
2026-10-08 00:17:00+00:00,4109.575,4110.385,4109.105,4109.555,0.012
2026-10-08 00:18:00+00:00,4109.435,4111.095,4109.435,4110.145,0.012
2026-10-08 00:19:00+00:00,4110.135,4110.505,4109.515,4109.785,0.007
2026-10-08 00:20:00+00:00,4109.785,4109.895,4107.215,4108.645,0.016
2026-10-08 00:21:00+00:00,4108.575,4109.135,4107.415,4107.415,0.011
2026-10-08 00:22:00+00:00,4107.415,4108.955,4107.155,4108.145,0.017
2026-10-08 00:23:00+00:00,4108.295,4109.875,4106.375,4109.875,0.016
2026-10-08 00:24:00+00:00,4109.785,4110.175,4108.425,4109.935,0.014
2026-10-08 00:25:00+00:00,4109.935,4110.225,4108.135,4108.855,0.012
2026-10-08 00:26:00+00:00,4108.815,4109.435,4107.405,4108.605,0.015
2026-10-08 00:27:00+00:00,4108.605,4108.605,4106.515,4107.335,0.009
2026-10-08 00:28:00+00:00,4106.955,4109.155,4106.815,4108.895,0.011
2026-10-08 00:29:00+00:00,4108.755,4108.865,4107.495,4107.875,0.006
2026-10-08 00:30:00+00:00,4107.725,4107.865,4106.595,4106.855,0.007
2026-10-08 00:31:00+00:00,4107.025,4107.945,4106.485,4106.485,0.006
2026-10-08 00:32:00+00:00,4106.355,4107.985,4106.045,4107.865,0.006
2026-10-08 00:33:00+00:00,4108.025,4109.075,4107.825,4108.425,0.006
2026-10-08 00:34:00+00:00,4108.425,4109.565,4108.425,4109.265,0.005
2026-10-08 00:35:00+00:00,4109.145,4110.125,4109.125,4109.595,0.008
2026-10-08 00:36:00+00:00,4109.445,4111.245,4109.005,4110.455,0.007
2026-10-08 00:37:00+00:00,4110.305,4111.335,4108.755,4109.445,0.009
2026-10-08 00:38:00+00:00,4109.305,4109.685,4108.095,4108.295,0.005
2026-10-08 00:39:00+00:00,4108.555,4108.775,4106.385,4107.405,0.008
2026-10-08 00:40:00+00:00,4107.335,4109.735,4107.335,4107.705,0.013
2026-10-08 00:41:00+00:00,4107.805,4109.505,4107.775,4108.395,0.015
2026-10-08 00:42:00+00:00,4108.395,4108.725,4106.695,4106.835,0.008
2026-10-08 00:43:00+00:00,4106.695,4108.185,4105.935,4105.935,0.006
2026-10-08 00:44:00+00:00,4106.065,4107.305,4106.045,4106.735,0.006
2026-10-08 00:45:00+00:00,4106.585,4107.375,4106.255,4107.345,0.005
2026-10-08 00:46:00+00:00,4107.455,4111.015,4107.455,4110.855,0.017
2026-10-08 00:47:00+00:00,4110.855,4111.695,4109.735,4111.065,0.017
2026-10-08 00:48:00+00:00,4110.765,4112.535,4109.165,4112.075,0.014
2026-10-08 00:49:00+00:00,4111.915,4116.145,4111.915,4116.145,0.021
2026-10-08 00:50:00+00:00,4116.015,4118.155,4115.815,4116.215,0.02
2026-10-08 00:51:00+00:00,4116.365,4117.225,4115.775,4116.045,0.016
2026-10-08 00:52:00+00:00,4116.085,4118.485,4115.645,4118.085,0.016
2026-10-08 00:53:00+00:00,4117.785,4119.145,4117.645,4118.925,0.017
2026-10-08 00:54:00+00:00,4118.815,4119.555,4117.925,4118.105,0.018
2026-10-08 00:55:00+00:00,4118.205,4120.175,4118.095,4119.855,0.018
2026-10-08 00:56:00+00:00,4119.735,4119.855,4117.975,4118.005,0.014
2026-10-08 00:57:00+00:00,4118.005,4120.935,4118.005,4120.315,0.02
2026-10-08 00:58:00+00:00,4120.425,4120.915,4118.605,4118.625,0.022
2026-10-08 00:59:00+00:00,4119.105,4120.165,4117.325,4117.445,0.03
2026-10-08 01:00:00+00:00,4117.295,4127.795,4116.685,4124.115,0.049
2026-10-08 01:01:00+00:00,4124.155,4130.255,4124.115,4129.045,0.046
2026-10-08 01:02:00+00:00,4129.275,4132.505,4128.005,4132.015,0.046
2026-10-08 01:03:00+00:00,4132.275,4133.155,4129.755,4131.015,0.049
2026-10-08 01:04:00+00:00,4130.825,4133.525,4129.815,4130.165,0.036
2026-10-08 01:05:00+00:00,4130.245,4135.295,4130.105,4133.415,0.039
2026-10-08 01:06:00+00:00,4133.415,4135.475,4131.185,4131.485,0.031
2026-10-08 01:07:00+00:00,4131.265,4131.955,4127.985,4128.035,0.036
2026-10-08 01:08:00+00:00,4128.065,4129.135,4125.505,4127.615,0.039
2026-10-08 01:09:00+00:00,4127.605,4127.925,4126.255,4126.585,0.029
2026-10-08 01:10:00+00:00,4126.385,4126.385,4122.955,4123.855,0.031
2026-10-08 01:11:00+00:00,4123.735,4125.735,4123.315,4125.535,0.025
2026-10-08 01:12:00+00:00,4125.535,4126.505,4124.995,4125.635,0.022
2026-10-08 01:13:00+00:00,4125.515,4125.515,4123.035,4123.035,0.024
2026-10-08 01:14:00+00:00,4123.035,4124.995,4121.655,4121.775,0.031
2026-10-08 01:15:00+00:00,4121.635,4121.635,4119.175,4120.155,0.033
2026-10-08 01:16:00+00:00,4119.995,4120.865,4119.325,4120.375,0.023
2026-10-08 01:17:00+00:00,4120.255,4122.795,4120.255,4121.245,0.025
2026-10-08 01:18:00+00:00,4121.375,4124.395,4121.305,4123.085,0.026
2026-10-08 01:19:00+00:00,4123.235,4124.455,4122.355,4124.205,0.02
2026-10-08 01:20:00+00:00,4124.345,4124.495,4121.355,4121.825,0.024
2026-10-08 01:21:00+00:00,4121.825,4122.125,4120.315,4120.815,0.024
2026-10-08 01:22:00+00:00,4120.675,4120.885,4119.385,4120.155,0.024
2026-10-08 01:23:00+00:00,4120.225,4122.355,4119.565,4121.505,0.024
2026-10-08 01:24:00+00:00,4121.405,4124.395,4119.965,4124.085,0.027
2026-10-08 01:25:00+00:00,4124.245,4127.745,4124.245,4127.505,0.028
2026-10-08 01:26:00+00:00,4127.645,4129.445,4127.645,4128.985,0.02
2026-10-08 01:27:00+00:00,4128.775,4129.615,4127.095,4128.065,0.021
2026-10-08 01:28:00+00:00,4127.985,4128.335,4126.585,4128.245,0.016
2026-10-08 01:29:00+00:00,4128.395,4129.505,4127.885,4129.055,0.021
2026-10-08 01:30:00+00:00,4128.905,4130.405,4127.645,4127.995,0.028
2026-10-08 01:31:00+00:00,4128.005,4129.075,4127.785,4128.365,0.026
2026-10-08 01:32:00+00:00,4128.415,4129.015,4127.265,4128.515,0.028
2026-10-08 01:33:00+00:00,4128.385,4130.915,4128.205,4130.485,0.023
2026-10-08 01:34:00+00:00,4130.485,4131.055,4129.295,4130.235,0.018
2026-10-08 01:35:00+00:00,4130.285,4133.775,4130.245,4133.595,0.019
2026-10-08 01:36:00+00:00,4133.575,4135.155,4133.025,4134.185,0.019
2026-10-08 01:37:00+00:00,4134.195,4134.795,4132.815,4132.815,0.017
2026-10-08 01:38:00+00:00,4132.815,4133.545,4132.665,4133.235,0.015
2026-10-08 01:39:00+00:00,4133.085,4133.945,4132.355,4133.345,0.015
2026-10-08 01:40:00+00:00,4133.485,4134.945,4133.185,4133.815,0.024
2026-10-08 01:41:00+00:00,4133.795,4134.195,4132.225,4132.765,0.017
2026-10-08 01:42:00+00:00,4132.905,4133.075,4131.245,4131.445,0.02
2026-10-08 01:43:00+00:00,4131.305,4132.465,4131.265,4131.735,0.017
2026-10-08 01:44:00+00:00,4131.735,4133.155,4131.055,4132.475,0.024
2026-10-08 01:45:00+00:00,4132.625,4133.015,4129.485,4129.775,0.028
2026-10-08 01:46:00+00:00,4129.755,4134.285,4129.755,4134.285,0.027
2026-10-08 01:47:00+00:00,4134.455,4136.315,4134.165,4135.355,0.028
2026-10-08 01:48:00+00:00,4135.355,4136.385,4134.365,4136.385,0.019
2026-10-08 01:49:00+00:00,4136.385,4137.565,4135.415,4137.565,0.026
2026-10-08 01:50:00+00:00,4137.715,4137.845,4134.125,4134.375,0.023
2026-10-08 01:51:00+00:00,4134.245,4134.475,4133.295,4133.295,0.024
2026-10-08 01:52:00+00:00,4133.295,4135.425,4133.295,4134.555,0.022
2026-10-08 01:53:00+00:00,4134.405,4135.225,4133.505,4134.215,0.018
2026-10-08 01:54:00+00:00,4134.215,4135.715,4133.035,4133.315,0.024
2026-10-08 01:55:00+00:00,4133.315,4133.755,4132.285,4133.295,0.028
2026-10-08 01:56:00+00:00,4133.145,4133.995,4133.035,4133.235,0.015
2026-10-08 01:57:00+00:00,4133.235,4135.165,4133.235,4134.495,0.015
2026-10-08 01:58:00+00:00,4134.335,4134.775,4132.995,4132.995,0.02
2026-10-08 01:59:00+00:00,4132.995,4134.045,4132.425,4133.205,0.024
2026-10-08 02:00:00+00:00,4133.205,4134.435,4132.775,4134.435,0.021
2026-10-08 02:01:00+00:00,4134.435,4135.125,4134.105,4134.755,0.021
2026-10-08 02:02:00+00:00,4135.035,4135.435,4134.065,4134.635,0.021
2026-10-08 02:03:00+00:00,4134.635,4139.255,4134.475,4137.585,0.03
2026-10-08 02:04:00+00:00,4137.455,4139.245,4137.455,4138.805,0.022
2026-10-08 02:05:00+00:00,4138.805,4139.215,4137.905,4138.675,0.028
2026-10-08 02:06:00+00:00,4138.675,4139.655,4138.095,4138.575,0.016
2026-10-08 02:07:00+00:00,4138.575,4138.955,4137.655,4138.295,0.018
2026-10-08 02:08:00+00:00,4138.295,4139.355,4137.855,4139.325,0.017
2026-10-08 02:09:00+00:00,4138.365,4139.905,4138.095,4139.115,0.015
2026-10-08 02:10:00+00:00,4139.115,4139.115,4138.545,4138.715,0.014
2026-10-08 02:11:00+00:00,4138.715,4139.025,4138.115,4138.315,0.011
2026-10-08 02:12:00+00:00,4138.305,4139.095,4137.895,4139.035,0.009
2026-10-08 02:13:00+00:00,4139.175,4139.765,4138.955,4139.165,0.017
2026-10-08 02:14:00+00:00,4139.165,4139.615,4138.465,4138.865,0.014
2026-10-08 02:15:00+00:00,4138.695,4139.265,4138.485,4139.265,0.014
2026-10-08 02:16:00+00:00,4139.265,4140.575,4138.665,4138.815,0.018
2026-10-08 02:17:00+00:00,4138.735,4139.785,4138.495,4139.785,0.01
2026-10-08 02:18:00+00:00,4139.785,4140.195,4138.965,4139.945,0.013
2026-10-08 02:19:00+00:00,4139.945,4140.115,4139.535,4139.715,0.009
2026-10-08 02:20:00+00:00,4139.645,4139.855,4139.005,4139.125,0.009
2026-10-08 02:21:00+00:00,4139.125,4139.125,4137.535,4138.335,0.014
2026-10-08 02:22:00+00:00,4138.295,4138.695,4138.055,4138.265,0.011
2026-10-08 02:23:00+00:00,4138.165,4138.265,4137.285,4137.315,0.01
2026-10-08 02:24:00+00:00,4137.315,4137.975,4136.215,4137.265,0.021
2026-10-08 02:25:00+00:00,4137.375,4137.795,4136.645,4137.795,0.01
2026-10-08 02:26:00+00:00,4137.685,4139.185,4137.255,4137.535,0.011
2026-10-08 02:27:00+00:00,4137.385,4139.275,4137.175,4138.975,0.008
2026-10-08 02:28:00+00:00,4139.095,4139.095,4138.115,4138.145,0.006
2026-10-08 02:29:00+00:00,4138.145,4138.145,4137.365,4137.675,0.011
2026-10-08 02:30:00+00:00,4137.675,4137.845,4136.375,4137.155,0.026
2026-10-08 02:31:00+00:00,4137.275,4138.365,4136.595,4137.845,0.02
2026-10-08 02:32:00+00:00,4137.845,4139.785,4137.845,4139.185,0.019
2026-10-08 02:33:00+00:00,4139.185,4141.875,4139.145,4141.105,0.023
2026-10-08 02:34:00+00:00,4141.105,4143.235,4140.985,4142.945,0.02
2026-10-08 02:35:00+00:00,4142.795,4143.245,4140.845,4140.845,0.022
2026-10-08 02:36:00+00:00,4140.985,4142.255,4140.985,4141.815,0.019
2026-10-08 02:37:00+00:00,4141.815,4142.805,4141.305,4142.375,0.02
2026-10-08 02:38:00+00:00,4142.225,4142.325,4141.645,4141.715,0.013
2026-10-08 02:39:00+00:00,4141.715,4141.715,4139.515,4140.615,0.016
2026-10-08 02:40:00+00:00,4140.615,4140.905,4138.775,4139.015,0.018
2026-10-08 02:41:00+00:00,4138.855,4139.245,4138.135,4139.245,0.019
2026-10-08 02:42:00+00:00,4139.245,4141.995,4139.245,4141.695,0.019
2026-10-08 02:43:00+00:00,4141.695,4143.005,4141.165,4142.105,0.016
2026-10-08 02:44:00+00:00,4142.105,4143.695,4141.985,4143.445,0.025
2026-10-08 02:45:00+00:00,4143.445,4143.595,4141.355,4141.355,0.015
2026-10-08 02:46:00+00:00,4141.355,4142.405,4141.355,4141.935,0.017
2026-10-08 02:47:00+00:00,4141.935,4141.935,4140.205,4140.355,0.016
2026-10-08 02:48:00+00:00,4140.505,4140.655,4139.645,4139.915,0.015
2026-10-08 02:49:00+00:00,4140.155,4140.165,4137.815,4137.955,0.017
2026-10-08 02:50:00+00:00,4137.855,4138.165,4136.855,4137.045,0.018
2026-10-08 02:51:00+00:00,4137.045,4137.165,4135.655,4136.455,0.017
2026-10-08 02:52:00+00:00,4136.455,4136.455,4134.505,4134.505,0.021
2026-10-08 02:53:00+00:00,4134.465,4134.475,4133.205,4134.425,0.023
2026-10-08 02:54:00+00:00,4134.535,4134.585,4133.065,4133.265,0.013
2026-10-08 02:55:00+00:00,4133.175,4134.105,4132.325,4133.375,0.021
2026-10-08 02:56:00+00:00,4133.265,4133.425,4132.535,4133.275,0.016
2026-10-08 02:57:00+00:00,4133.275,4133.325,4132.455,4132.845,0.014
2026-10-08 02:58:00+00:00,4132.735,4133.925,4132.445,4133.515,0.016
2026-10-08 02:59:00+00:00,4133.375,4133.955,4132.735,4133.665,0.014
2026-10-08 03:00:00+00:00,4133.825,4135.875,4133.565,4135.395,0.016
2026-10-08 03:01:00+00:00,4135.265,4135.545,4134.085,4134.185,0.014
2026-10-08 03:02:00+00:00,4134.165,4135.535,4133.855,4134.015,0.014
2026-10-08 03:03:00+00:00,4134.085,4135.715,4133.885,4134.925,0.013
2026-10-08 03:04:00+00:00,4135.045,4135.395,4133.795,4133.965,0.015
2026-10-08 03:05:00+00:00,4133.975,4134.355,4133.685,4133.845,0.016
2026-10-08 03:06:00+00:00,4133.715,4133.715,4132.765,4133.485,0.021
2026-10-08 03:07:00+00:00,4133.485,4134.005,4132.565,4133.455,0.014
2026-10-08 03:08:00+00:00,4133.455,4133.565,4132.345,4132.845,0.014
2026-10-08 03:09:00+00:00,4132.955,4132.985,4131.035,4131.145,0.018
2026-10-08 03:10:00+00:00,4131.285,4131.405,4129.835,4130.155,0.024
2026-10-08 03:11:00+00:00,4130.165,4130.475,4129.205,4129.205,0.02
2026-10-08 03:12:00+00:00,4129.205,4130.675,4129.205,4130.375,0.021
2026-10-08 03:13:00+00:00,4130.225,4131.405,4129.655,4131.155,0.015
2026-10-08 03:14:00+00:00,4130.455,4130.815,4128.855,4129.595,0.016
2026-10-08 03:15:00+00:00,4129.475,4130.435,4129.475,4129.785,0.015
2026-10-08 03:16:00+00:00,4129.785,4130.655,4129.595,4130.655,0.015
2026-10-08 03:17:00+00:00,4130.655,4130.655,4129.345,4130.255,0.013
2026-10-08 03:18:00+00:00,4130.255,4132.385,4130.095,4132.385,0.017
2026-10-08 03:19:00+00:00,4132.385,4132.455,4131.345,4131.675,0.016
2026-10-08 03:20:00+00:00,4131.635,4132.965,4131.425,4132.965,0.013
2026-10-08 03:21:00+00:00,4133.135,4134.835,4132.865,4133.905,0.018
2026-10-08 03:22:00+00:00,4133.965,4135.335,4133.955,4135.215,0.01
2026-10-08 03:23:00+00:00,4135.485,4137.645,4135.335,4137.125,0.015
2026-10-08 03:24:00+00:00,4137.125,4137.545,4133.605,4133.955,0.015
2026-10-08 03:25:00+00:00,4134.005,4135.405,4133.225,4133.295,0.016
2026-10-08 03:26:00+00:00,4133.015,4133.135,4131.375,4132.825,0.022
2026-10-08 03:27:00+00:00,4132.995,4133.405,4132.605,4132.665,0.015
2026-10-08 03:28:00+00:00,4132.575,4134.455,4132.575,4134.455,0.012
2026-10-08 03:29:00+00:00,4134.595,4135.655,4134.495,4135.405,0.011
2026-10-08 03:30:00+00:00,4135.405,4136.475,4134.785,4136.165,0.016
2026-10-08 03:31:00+00:00,4136.165,4136.765,4136.005,4136.635,0.01
2026-10-08 03:32:00+00:00,4136.605,4137.255,4135.465,4135.775,0.01
2026-10-08 03:33:00+00:00,4135.775,4135.785,4134.005,4134.495,0.011
2026-10-08 03:34:00+00:00,4134.495,4135.115,4134.265,4134.995,0.008
2026-10-08 03:35:00+00:00,4135.155,4135.925,4135.155,4135.925,0.005
2026-10-08 03:36:00+00:00,4135.925,4136.655,4135.855,4136.165,0.005
2026-10-08 03:37:00+00:00,4136.205,4137.325,4135.955,4137.325,0.007
2026-10-08 03:38:00+00:00,4137.455,4138.335,4137.455,4138.335,0.006
2026-10-08 03:39:00+00:00,4138.335,4138.895,4138.135,4138.555,0.006
2026-10-08 03:40:00+00:00,4138.395,4138.905,4137.805,4137.985,0.006
2026-10-08 03:41:00+00:00,4138.015,4138.145,4136.675,4137.695,0.009
2026-10-08 03:42:00+00:00,4137.685,4138.315,4136.435,4136.485,0.007
2026-10-08 03:43:00+00:00,4136.345,4137.385,4136.205,4137.115,0.009
2026-10-08 03:44:00+00:00,4137.095,4137.845,4136.995,4137.705,0.006
2026-10-08 03:45:00+00:00,4137.455,4138.245,4137.275,4138.075,0.008
2026-10-08 03:46:00+00:00,4138.125,4139.165,4138.125,4138.895,0.007
2026-10-08 03:47:00+00:00,4138.745,4139.725,4138.445,4138.755,0.006
2026-10-08 03:48:00+00:00,4138.655,4139.825,4138.565,4139.825,0.003
2026-10-08 03:49:00+00:00,4139.745,4140.425,4139.665,4140.415,0.005
2026-10-08 03:50:00+00:00,4140.415,4140.425,4139.505,4139.655,0.01
2026-10-08 03:51:00+00:00,4139.655,4139.665,4138.005,4138.275,0.007
2026-10-08 03:52:00+00:00,4138.275,4138.275,4137.385,4137.545,0.006
2026-10-08 03:53:00+00:00,4137.495,4138.405,4137.495,4137.685,0.008
2026-10-08 03:54:00+00:00,4137.755,4138.225,4137.475,4137.895,0.004
2026-10-08 03:55:00+00:00,4138.025,4138.175,4136.275,4136.545,0.011
2026-10-08 03:56:00+00:00,4136.445,4136.755,4135.925,4136.485,0.007
2026-10-08 03:57:00+00:00,4136.485,4136.585,4136.015,4136.445,0.005
2026-10-08 03:58:00+00:00,4136.445,4137.485,4136.145,4137.415,0.007
2026-10-08 03:59:00+00:00,4137.515,4137.625,4136.665,4136.785,0.006
2026-10-08 04:00:00+00:00,4136.785,4137.995,4136.705,4137.705,0.011
2026-10-08 04:01:00+00:00,4137.675,4138.305,4137.555,4138.235,0.005
2026-10-08 04:02:00+00:00,4138.125,4138.285,4137.435,4138.045,0.007
2026-10-08 04:03:00+00:00,4137.985,4137.985,4137.355,4137.585,0.007
2026-10-08 04:04:00+00:00,4137.455,4138.385,4137.355,4137.705,0.008
2026-10-08 04:05:00+00:00,4137.535,4138.355,4137.535,4138.355,0.004
2026-10-08 04:06:00+00:00,4138.385,4139.205,4138.095,4139.205,0.007
2026-10-08 04:07:00+00:00,4139.045,4139.365,4138.865,4139.355,0.006
2026-10-08 04:08:00+00:00,4139.345,4139.915,4139.345,4139.835,0.006
2026-10-08 04:09:00+00:00,4139.735,4141.025,4139.735,4140.635,0.008
2026-10-08 04:10:00+00:00,4140.725,4142.515,4140.175,4141.935,0.016
2026-10-08 04:11:00+00:00,4142.115,4142.315,4140.075,4140.325,0.013
2026-10-08 04:12:00+00:00,4140.485,4140.595,4139.795,4139.955,0.012
2026-10-08 04:13:00+00:00,4139.955,4140.115,4139.035,4139.495,0.015
2026-10-08 04:14:00+00:00,4139.155,4139.325,4137.485,4137.555,0.013
2026-10-08 04:15:00+00:00,4137.365,4137.885,4137.085,4137.875,0.009
2026-10-08 04:16:00+00:00,4137.635,4138.395,4137.585,4137.975,0.007
2026-10-08 04:17:00+00:00,4137.985,4137.995,4136.805,4137.045,0.007
2026-10-08 04:18:00+00:00,4136.925,4137.175,4136.645,4136.715,0.005
2026-10-08 04:19:00+00:00,4136.605,4137.125,4136.605,4137.045,0.006
2026-10-08 04:20:00+00:00,4136.915,4136.915,4135.405,4135.735,0.012
2026-10-08 04:21:00+00:00,4135.645,4135.935,4135.035,4135.615,0.012
2026-10-08 04:22:00+00:00,4135.545,4135.645,4134.915,4134.915,0.005
2026-10-08 04:23:00+00:00,4134.815,4134.815,4133.885,4134.225,0.007
2026-10-08 04:24:00+00:00,4134.165,4134.455,4133.885,4134.315,0.005
2026-10-08 04:25:00+00:00,4134.215,4135.825,4134.215,4135.335,0.013
2026-10-08 04:26:00+00:00,4135.225,4135.695,4135.055,4135.635,0.005
2026-10-08 04:27:00+00:00,4135.555,4135.755,4135.435,4135.595,0.006
2026-10-08 04:28:00+00:00,4135.595,4136.175,4135.415,4135.875,0.007
2026-10-08 04:29:00+00:00,4135.775,4136.315,4135.595,4135.815,0.006
2026-10-08 04:30:00+00:00,4135.915,4135.935,4135.265,4135.575,0.008
2026-10-08 04:31:00+00:00,4135.705,4135.825,4135.045,4135.475,0.006
2026-10-08 04:32:00+00:00,4135.625,4135.625,4134.325,4134.405,0.007
2026-10-08 04:33:00+00:00,4134.315,4134.775,4133.875,4134.105,0.005
2026-10-08 04:34:00+00:00,4134.215,4134.525,4132.835,4133.035,0.012
2026-10-08 04:35:00+00:00,4133.095,4133.675,4132.085,4132.445,0.011
2026-10-08 04:36:00+00:00,4132.265,4133.245,4131.995,4132.615,0.01
2026-10-08 04:37:00+00:00,4132.665,4132.765,4132.285,4132.555,0.005
2026-10-08 04:38:00+00:00,4132.415,4132.855,4132.245,4132.725,0.006
2026-10-08 04:39:00+00:00,4132.595,4132.725,4131.755,4132.135,0.005
2026-10-08 04:40:00+00:00,4132.245,4132.645,4132.215,4132.565,0.006
2026-10-08 04:41:00+00:00,4132.305,4132.305,4131.245,4131.795,0.01
2026-10-08 04:42:00+00:00,4131.725,4132.375,4131.655,4131.655,0.008
2026-10-08 04:43:00+00:00,4131.635,4132.185,4131.365,4132.185,0.008
2026-10-08 04:44:00+00:00,4132.065,4133.485,4132.005,4132.755,0.009
2026-10-08 04:45:00+00:00,4132.755,4133.595,4132.425,4133.445,0.007
2026-10-08 04:46:00+00:00,4133.575,4134.735,4133.575,4134.065,0.008
2026-10-08 04:47:00+00:00,4134.215,4134.395,4133.585,4133.585,0.008
2026-10-08 04:48:00+00:00,4133.585,4134.065,4133.585,4133.885,0.006
2026-10-08 04:49:00+00:00,4133.825,4135.125,4133.515,4134.945,0.008
2026-10-08 04:50:00+00:00,4134.945,4135.365,4134.655,4135.235,0.006
2026-10-08 04:51:00+00:00,4135.105,4135.545,4135.105,4135.125,0.005
2026-10-08 04:52:00+00:00,4135.085,4135.125,4134.015,4134.705,0.009
2026-10-08 04:53:00+00:00,4134.435,4134.655,4134.165,4134.635,0.006
2026-10-08 04:54:00+00:00,4134.655,4134.705,4134.505,4134.685,0.004
2026-10-08 04:55:00+00:00,4134.695,4135.245,4134.695,4135.055,0.007
2026-10-08 04:56:00+00:00,4135.205,4135.255,4134.465,4134.775,0.004
2026-10-08 04:57:00+00:00,4134.775,4135.655,4134.445,4135.495,0.007
2026-10-08 04:58:00+00:00,4135.495,4135.665,4134.995,4135.335,0.006
2026-10-08 04:59:00+00:00,4135.305,4135.475,4133.885,4133.895,0.01
2026-10-08 05:00:00+00:00,4133.895,4133.895,4132.235,4132.415,0.011
2026-10-08 05:01:00+00:00,4132.345,4133.085,4131.495,4132.785,0.009
2026-10-08 05:02:00+00:00,4132.745,4133.435,4132.585,4132.645,0.008
2026-10-08 05:03:00+00:00,4132.735,4133.615,4132.735,4133.375,0.007
2026-10-08 05:04:00+00:00,4133.375,4134.015,4133.045,4134.015,0.009
2026-10-08 05:05:00+00:00,4134.015,4136.025,4133.905,4135.915,0.018
2026-10-08 05:06:00+00:00,4135.805,4135.935,4133.285,4133.465,0.013
2026-10-08 05:07:00+00:00,4133.465,4135.015,4133.465,4134.735,0.011
2026-10-08 05:08:00+00:00,4134.435,4134.935,4133.715,4133.785,0.009
2026-10-08 05:09:00+00:00,4133.785,4134.535,4133.555,4134.505,0.008
2026-10-08 05:10:00+00:00,4134.385,4135.535,4134.385,4135.415,0.01
2026-10-08 05:11:00+00:00,4135.415,4136.015,4135.345,4135.845,0.009
2026-10-08 05:12:00+00:00,4135.905,4136.045,4134.905,4134.905,0.005
2026-10-08 05:13:00+00:00,4134.905,4135.045,4132.755,4132.815,0.011
2026-10-08 05:14:00+00:00,4132.815,4133.125,4132.605,4132.735,0.006
2026-10-08 05:15:00+00:00,4132.735,4133.235,4132.625,4133.095,0.009
2026-10-08 05:16:00+00:00,4133.155,4133.545,4132.565,4132.895,0.005
2026-10-08 05:17:00+00:00,4132.835,4132.895,4131.755,4132.115,0.011
2026-10-08 05:18:00+00:00,4132.115,4132.335,4131.095,4131.905,0.009
2026-10-08 05:19:00+00:00,4132.055,4132.185,4131.755,4131.885,0.007
2026-10-08 05:20:00+00:00,4131.765,4132.235,4131.415,4131.535,0.01
2026-10-08 05:21:00+00:00,4131.425,4131.835,4130.835,4130.835,0.006
2026-10-08 05:22:00+00:00,4130.695,4131.095,4130.275,4130.505,0.011
2026-10-08 05:23:00+00:00,4130.505,4131.235,4130.255,4130.445,0.007
2026-10-08 05:24:00+00:00,4130.305,4130.455,4129.595,4130.175,0.007
2026-10-08 05:25:00+00:00,4130.175,4130.285,4128.825,4128.895,0.011
2026-10-08 05:26:00+00:00,4128.895,4129.485,4128.605,4129.335,0.008
2026-10-08 05:27:00+00:00,4129.335,4130.025,4129.175,4129.335,0.005
2026-10-08 05:28:00+00:00,4129.145,4129.485,4128.785,4128.785,0.006
2026-10-08 05:29:00+00:00,4128.795,4128.995,4128.395,4128.835,0.01
2026-10-08 05:30:00+00:00,4128.555,4128.725,4124.725,4125.605,0.028
2026-10-08 05:31:00+00:00,4125.735,4129.195,4125.725,4128.115,0.022
2026-10-08 05:32:00+00:00,4128.265,4130.685,4127.395,4130.215,0.029
2026-10-08 05:33:00+00:00,4130.215,4133.135,4128.715,4132.625,0.032
2026-10-08 05:34:00+00:00,4132.485,4132.485,4130.665,4130.965,0.027
2026-10-08 05:35:00+00:00,4130.945,4133.735,4130.845,4133.735,0.03
2026-10-08 05:36:00+00:00,4133.645,4134.485,4130.035,4132.345,0.029
2026-10-08 05:37:00+00:00,4132.345,4132.345,4129.395,4129.485,0.027
2026-10-08 05:38:00+00:00,4129.405,4129.885,4128.175,4129.325,0.018
2026-10-08 05:39:00+00:00,4129.305,4129.955,4128.565,4129.505,0.021
2026-10-08 05:40:00+00:00,4129.605,4130.095,4128.745,4128.915,0.022
2026-10-08 05:41:00+00:00,4128.895,4130.775,4128.775,4130.235,0.023
2026-10-08 05:42:00+00:00,4130.255,4131.905,4128.315,4131.795,0.023
2026-10-08 05:43:00+00:00,4131.795,4131.855,4128.785,4128.785,0.016
2026-10-08 05:44:00+00:00,4128.765,4128.785,4126.255,4126.535,0.017
2026-10-08 05:45:00+00:00,4126.535,4127.255,4125.795,4125.795,0.023
2026-10-08 05:46:00+00:00,4125.665,4125.665,4123.665,4124.375,0.017
2026-10-08 05:47:00+00:00,4124.525,4125.245,4123.875,4125.245,0.016
2026-10-08 05:48:00+00:00,4125.135,4125.855,4124.725,4125.605,0.018
2026-10-08 05:49:00+00:00,4125.765,4127.235,4125.475,4125.985,0.017
2026-10-08 05:50:00+00:00,4125.935,4126.435,4123.275,4123.865,0.028
2026-10-08 05:51:00+00:00,4124.005,4124.495,4121.175,4121.335,0.031
2026-10-08 05:52:00+00:00,4121.335,4121.335,4119.645,4120.745,0.033
2026-10-08 05:53:00+00:00,4120.795,4120.885,4117.835,4117.835,0.029
2026-10-08 05:54:00+00:00,4117.815,4118.245,4117.215,4118.245,0.024
2026-10-08 05:55:00+00:00,4118.245,4119.415,4117.245,4117.615,0.028
2026-10-08 05:56:00+00:00,4117.775,4118.415,4116.505,4118.105,0.028
2026-10-08 05:57:00+00:00,4118.005,4119.295,4117.655,4118.985,0.02
2026-10-08 05:58:00+00:00,4118.985,4118.985,4117.905,4118.365,0.023
2026-10-08 05:59:00+00:00,4118.375,4119.495,4117.945,4118.095,0.024
2026-10-08 06:00:00+00:00,4118.095,4121.785,4118.075,4120.055,0.031
2026-10-08 06:01:00+00:00,4120.055,4120.625,4118.945,4119.865,0.024
2026-10-08 06:02:00+00:00,4119.865,4120.915,4118.615,4119.575,0.021
2026-10-08 06:03:00+00:00,4119.705,4120.345,4119.265,4119.755,0.02
2026-10-08 06:04:00+00:00,4119.755,4120.635,4119.435,4119.755,0.016
2026-10-08 06:05:00+00:00,4119.755,4119.915,4119.035,4119.725,0.018
2026-10-08 06:06:00+00:00,4119.605,4121.175,4119.085,4119.355,0.02
2026-10-08 06:07:00+00:00,4119.465,4120.835,4119.015,4120.655,0.017
2026-10-08 06:08:00+00:00,4120.655,4121.265,4120.345,4121.265,0.013
2026-10-08 06:09:00+00:00,4121.265,4121.645,4120.515,4121.525,0.016
2026-10-08 06:10:00+00:00,4121.665,4122.145,4119.845,4120.945,0.02
2026-10-08 06:11:00+00:00,4120.945,4121.755,4119.855,4120.565,0.018
2026-10-08 06:12:00+00:00,4120.595,4120.855,4119.955,4120.665,0.019
2026-10-08 06:13:00+00:00,4120.545,4121.555,4119.935,4121.275,0.015
2026-10-08 06:14:00+00:00,4121.275,4122.485,4120.945,4121.975,0.017
2026-10-08 06:15:00+00:00,4121.975,4121.975,4120.885,4121.475,0.014
2026-10-08 06:16:00+00:00,4121.245,4121.495,4119.965,4120.595,0.02
2026-10-08 06:17:00+00:00,4120.595,4122.045,4120.595,4121.325,0.019
2026-10-08 06:18:00+00:00,4121.185,4121.635,4120.205,4120.415,0.017
2026-10-08 06:19:00+00:00,4120.575,4120.625,4118.445,4119.625,0.026
2026-10-08 06:20:00+00:00,4119.535,4119.535,4117.225,4117.955,0.02
2026-10-08 06:21:00+00:00,4117.955,4118.105,4117.085,4117.865,0.019
2026-10-08 06:22:00+00:00,4117.795,4119.015,4117.485,4118.605,0.02
2026-10-08 06:23:00+00:00,4118.555,4118.935,4117.535,4117.985,0.014
2026-10-08 06:24:00+00:00,4117.985,4118.545,4116.825,4117.835,0.018
2026-10-08 06:25:00+00:00,4117.835,4118.415,4116.895,4117.115,0.018
2026-10-08 06:26:00+00:00,4117.115,4117.295,4115.075,4115.475,0.024
2026-10-08 06:27:00+00:00,4115.725,4117.125,4115.455,4116.975,0.015
2026-10-08 06:28:00+00:00,4116.845,4116.965,4115.685,4116.215,0.016
2026-10-08 06:29:00+00:00,4116.215,4117.495,4115.975,4116.555,0.015
2026-10-08 06:30:00+00:00,4116.525,4118.255,4116.395,4117.405,0.023
2026-10-08 06:31:00+00:00,4117.235,4117.285,4116.105,4117.235,0.021
2026-10-08 06:32:00+00:00,4117.235,4117.815,4116.605,4116.795,0.019
2026-10-08 06:33:00+00:00,4116.795,4117.815,4115.655,4115.735,0.023
2026-10-08 06:34:00+00:00,4115.715,4116.055,4114.875,4115.455,0.02
2026-10-08 06:35:00+00:00,4115.745,4116.495,4115.365,4116.385,0.019
2026-10-08 06:36:00+00:00,4116.275,4116.435,4114.965,4115.115,0.015
2026-10-08 06:37:00+00:00,4115.245,4116.635,4114.785,4116.575,0.017
2026-10-08 06:38:00+00:00,4116.565,4118.215,4116.085,4117.345,0.019
2026-10-08 06:39:00+00:00,4117.345,4118.375,4117.145,4118.315,0.019
2026-10-08 06:40:00+00:00,4118.435,4120.265,4118.435,4119.885,0.016
2026-10-08 06:41:00+00:00,4119.885,4122.375,4119.585,4122.355,0.015
2026-10-08 06:42:00+00:00,4122.265,4123.325,4121.075,4123.275,0.018
2026-10-08 06:43:00+00:00,4123.135,4123.905,4123.035,4123.665,0.012
2026-10-08 06:44:00+00:00,4123.665,4125.655,4123.665,4125.585,0.014
2026-10-08 06:45:00+00:00,4125.695,4126.935,4125.495,4126.645,0.019
2026-10-08 06:46:00+00:00,4126.645,4126.815,4124.615,4125.065,0.018
2026-10-08 06:47:00+00:00,4125.065,4125.335,4122.385,4124.015,0.019
2026-10-08 06:48:00+00:00,4123.875,4125.375,4123.145,4125.215,0.014
2026-10-08 06:49:00+00:00,4125.215,4125.715,4125.205,4125.395,0.012
2026-10-08 06:50:00+00:00,4125.555,4126.465,4125.165,4126.465,0.013
2026-10-08 06:51:00+00:00,4126.605,4127.215,4125.175,4125.325,0.017
2026-10-08 06:52:00+00:00,4125.335,4125.335,4124.265,4124.885,0.019
2026-10-08 06:53:00+00:00,4124.885,4126.195,4124.885,4125.815,0.014
2026-10-08 06:54:00+00:00,4125.935,4126.175,4124.585,4124.835,0.014
2026-10-08 06:55:00+00:00,4124.935,4125.255,4123.375,4123.565,0.021
2026-10-08 06:56:00+00:00,4123.565,4123.995,4123.275,4123.985,0.022
2026-10-08 06:57:00+00:00,4123.935,4124.775,4123.515,4123.515,0.023
2026-10-08 06:58:00+00:00,4123.565,4124.055,4123.315,4123.415,0.024
2026-10-08 06:59:00+00:00,4123.415,4123.655,4122.095,4122.095,0.016
2026-10-08 07:00:00+00:00,4122.205,4122.205,4120.225,4120.715,0.029
2026-10-08 07:01:00+00:00,4121.015,4121.025,4119.395,4120.215,0.041
2026-10-08 07:02:00+00:00,4120.215,4121.625,4119.895,4120.645,0.038
2026-10-08 07:03:00+00:00,4120.695,4122.055,4119.855,4120.135,0.036
2026-10-08 07:04:00+00:00,4120.235,4121.305,4120.135,4121.135,0.038
2026-10-08 07:05:00+00:00,4121.155,4122.295,4120.775,4121.395,0.034
2026-10-08 07:06:00+00:00,4121.345,4122.415,4119.935,4122.245,0.038
2026-10-08 07:07:00+00:00,4122.275,4124.615,4122.275,4123.915,0.037
2026-10-08 07:08:00+00:00,4123.895,4124.175,4122.895,4123.185,0.034
2026-10-08 07:09:00+00:00,4123.155,4125.255,4123.155,4124.985,0.033
2026-10-08 07:10:00+00:00,4125.005,4126.675,4124.545,4125.995,0.039
2026-10-08 07:11:00+00:00,4126.155,4126.155,4123.945,4124.955,0.037
2026-10-08 07:12:00+00:00,4125.005,4125.715,4124.355,4124.945,0.03
2026-10-08 07:13:00+00:00,4124.935,4127.025,4124.765,4126.195,0.034
2026-10-08 07:14:00+00:00,4126.185,4126.555,4125.075,4125.105,0.027
2026-10-08 07:15:00+00:00,4125.115,4125.825,4123.565,4124.455,0.025
2026-10-08 07:16:00+00:00,4124.415,4127.125,4124.355,4126.915,0.024
2026-10-08 07:17:00+00:00,4126.895,4127.155,4125.885,4126.375,0.03
2026-10-08 07:18:00+00:00,4126.225,4126.405,4125.755,4126.065,0.03
2026-10-08 07:19:00+00:00,4126.105,4126.935,4125.415,4126.785,0.022
2026-10-08 07:20:00+00:00,4126.675,4128.055,4125.985,4128.005,0.028
2026-10-08 07:21:00+00:00,4127.965,4129.135,4127.805,4128.285,0.024
2026-10-08 07:22:00+00:00,4128.285,4130.465,4128.255,4129.245,0.032
2026-10-08 07:23:00+00:00,4129.255,4130.045,4128.795,4129.635,0.021
2026-10-08 07:24:00+00:00,4129.595,4129.855,4128.495,4128.605,0.024
2026-10-08 07:25:00+00:00,4128.605,4128.605,4126.725,4127.325,0.026
2026-10-08 07:26:00+00:00,4127.435,4127.755,4125.695,4126.435,0.023
2026-10-08 07:27:00+00:00,4126.555,4126.765,4125.095,4125.095,0.02
2026-10-08 07:28:00+00:00,4125.275,4126.165,4125.185,4125.335,0.025
2026-10-08 07:29:00+00:00,4125.295,4125.665,4124.775,4125.355,0.024
2026-10-08 07:30:00+00:00,4125.365,4125.635,4124.335,4125.225,0.029
2026-10-08 07:31:00+00:00,4125.145,4125.395,4124.055,4124.445,0.02
2026-10-08 07:32:00+00:00,4124.405,4124.405,4121.715,4122.035,0.021
2026-10-08 07:33:00+00:00,4121.975,4122.185,4120.375,4120.375,0.03
2026-10-08 07:34:00+00:00,4120.465,4121.595,4119.235,4120.135,0.047
2026-10-08 07:35:00+00:00,4120.005,4122.135,4119.345,4121.955,0.039
2026-10-08 07:36:00+00:00,4121.805,4122.275,4119.535,4121.725,0.034
2026-10-08 07:37:00+00:00,4121.785,4123.265,4121.545,4123.095,0.026
2026-10-08 07:38:00+00:00,4123.195,4123.195,4122.085,4122.085,0.024
2026-10-08 07:39:00+00:00,4122.065,4122.105,4120.675,4120.735,0.024
2026-10-08 07:40:00+00:00,4120.705,4121.685,4120.365,4121.595,0.026
2026-10-08 07:41:00+00:00,4121.575,4122.195,4121.075,4121.695,0.025
2026-10-08 07:42:00+00:00,4121.675,4122.585,4120.715,4121.105,0.024
2026-10-08 07:43:00+00:00,4121.005,4121.005,4119.615,4119.615,0.022
2026-10-08 07:44:00+00:00,4119.555,4119.975,4119.025,4119.525,0.021
2026-10-08 07:45:00+00:00,4119.405,4120.005,4118.675,4118.995,0.026
2026-10-08 07:46:00+00:00,4118.885,4119.875,4118.835,4119.625,0.025
2026-10-08 07:47:00+00:00,4119.655,4120.615,4119.035,4119.035,0.025
2026-10-08 07:48:00+00:00,4119.005,4119.925,4118.375,4119.415,0.021
2026-10-08 07:49:00+00:00,4119.345,4120.025,4119.165,4119.945,0.019
2026-10-08 07:50:00+00:00,4119.905,4120.765,4119.775,4120.265,0.02
2026-10-08 07:51:00+00:00,4120.245,4121.405,4120.135,4121.385,0.022
2026-10-08 07:52:00+00:00,4121.335,4121.865,4120.775,4121.245,0.021
2026-10-08 07:53:00+00:00,4121.265,4121.795,4120.725,4121.625,0.02
2026-10-08 07:54:00+00:00,4121.605,4122.055,4120.335,4121.015,0.024
2026-10-08 07:55:00+00:00,4120.965,4121.435,4120.065,4120.435,0.02
2026-10-08 07:56:00+00:00,4120.445,4120.615,4119.245,4119.695,0.03
2026-10-08 07:57:00+00:00,4119.705,4120.225,4119.305,4119.385,0.02
2026-10-08 07:58:00+00:00,4119.395,4120.005,4118.995,4119.315,0.024
2026-10-08 07:59:00+00:00,4119.225,4120.725,4119.155,4120.565,0.023
2026-10-08 08:00:00+00:00,4120.415,4120.555,4118.725,4119.505,0.036
2026-10-08 08:01:00+00:00,4119.625,4121.555,4119.085,4121.485,0.036
2026-10-08 08:02:00+00:00,4121.455,4122.625,4121.105,4122.295,0.03
2026-10-08 08:03:00+00:00,4122.395,4124.415,4122.215,4124.075,0.029
2026-10-08 08:04:00+00:00,4124.105,4127.385,4123.955,4127.165,0.035
2026-10-08 08:05:00+00:00,4127.275,4129.265,4127.165,4128.525,0.041
2026-10-08 08:06:00+00:00,4128.515,4129.385,4126.445,4127.095,0.041
2026-10-08 08:07:00+00:00,4127.205,4128.355,4126.445,4127.715,0.037
2026-10-08 08:08:00+00:00,4127.775,4128.275,4126.805,4126.935,0.032
2026-10-08 08:09:00+00:00,4126.955,4127.935,4126.735,4127.445,0.03
2026-10-08 08:10:00+00:00,4127.465,4127.755,4126.385,4126.875,0.031
2026-10-08 08:11:00+00:00,4126.735,4126.825,4125.165,4126.455,0.029
2026-10-08 08:12:00+00:00,4126.495,4128.575,4126.495,4128.405,0.025
2026-10-08 08:13:00+00:00,4128.475,4129.405,4127.255,4127.425,0.027
2026-10-08 08:14:00+00:00,4127.365,4129.405,4127.115,4129.045,0.028
2026-10-08 08:15:00+00:00,4129.065,4129.655,4128.835,4129.075,0.02
2026-10-08 08:16:00+00:00,4129.105,4130.035,4128.955,4130.035,0.016
2026-10-08 08:17:00+00:00,4129.975,4130.935,4129.055,4129.085,0.027
2026-10-08 08:18:00+00:00,4129.165,4130.025,4128.525,4129.325,0.026
2026-10-08 08:19:00+00:00,4129.315,4130.425,4129.235,4129.485,0.028
2026-10-08 08:20:00+00:00,4129.425,4129.835,4128.725,4129.145,0.028
2026-10-08 08:21:00+00:00,4129.135,4129.165,4127.805,4127.925,0.022
2026-10-08 08:22:00+00:00,4127.955,4129.985,4127.565,4128.565,0.025
2026-10-08 08:23:00+00:00,4128.565,4130.685,4128.025,4130.505,0.025
2026-10-08 08:24:00+00:00,4130.535,4130.575,4129.535,4129.535,0.024
2026-10-08 08:25:00+00:00,4129.635,4133.495,4129.315,4132.535,0.032
2026-10-08 08:26:00+00:00,4132.575,4132.645,4129.015,4130.095,0.033
2026-10-08 08:27:00+00:00,4130.105,4130.815,4129.635,4130.545,0.027
2026-10-08 08:28:00+00:00,4130.515,4130.585,4128.875,4129.145,0.028
2026-10-08 08:29:00+00:00,4129.195,4129.195,4128.085,4128.385,0.032
2026-10-08 08:30:00+00:00,4128.275,4132.814,4127.155,4127.335,0.053
2026-10-08 08:31:00+00:00,4127.475,4131.435,4127.445,4128.525,0.044
2026-10-08 08:32:00+00:00,4128.465,4128.915,4125.625,4126.285,0.035
2026-10-08 08:33:00+00:00,4126.335,4127.315,4126.145,4126.785,0.024
2026-10-08 08:34:00+00:00,4126.745,4127.325,4126.305,4126.935,0.028
2026-10-08 08:35:00+00:00,4126.925,4128.165,4125.935,4127.215,0.027
2026-10-08 08:36:00+00:00,4127.265,4127.455,4126.245,4126.855,0.021
2026-10-08 08:37:00+00:00,4126.855,4126.955,4125.425,4125.915,0.024
2026-10-08 08:38:00+00:00,4126.035,4126.525,4125.725,4126.045,0.022
2026-10-08 08:39:00+00:00,4126.045,4126.045,4123.595,4123.655,0.022
2026-10-08 08:40:00+00:00,4123.645,4123.825,4122.685,4122.695,0.021
2026-10-08 08:41:00+00:00,4122.685,4123.695,4121.315,4123.645,0.028
2026-10-08 08:42:00+00:00,4123.675,4124.335,4122.985,4123.715,0.03
2026-10-08 08:43:00+00:00,4123.675,4125.255,4123.625,4123.925,0.028
2026-10-08 08:44:00+00:00,4123.905,4124.975,4123.625,4124.655,0.034
2026-10-08 08:45:00+00:00,4124.695,4125.815,4123.905,4125.145,0.029
2026-10-08 08:46:00+00:00,4125.115,4127.125,4125.055,4127.025,0.031
2026-10-08 08:47:00+00:00,4127.025,4128.675,4126.365,4126.915,0.036
2026-10-08 08:48:00+00:00,4126.985,4127.255,4124.585,4125.015,0.034
2026-10-08 08:49:00+00:00,4125.095,4126.685,4125.075,4126.605,0.021
2026-10-08 08:50:00+00:00,4126.905,4127.685,4126.545,4127.425,0.026
2026-10-08 08:51:00+00:00,4127.435,4128.045,4127.215,4127.675,0.021
2026-10-08 08:52:00+00:00,4127.635,4127.705,4126.585,4126.635,0.025
2026-10-08 08:53:00+00:00,4126.595,4127.015,4125.735,4127.015,0.022
2026-10-08 08:54:00+00:00,4126.845,4127.225,4126.165,4127.045,0.019
2026-10-08 08:55:00+00:00,4126.945,4128.285,4126.675,4127.575,0.015
2026-10-08 08:56:00+00:00,4127.545,4128.485,4127.545,4128.405,0.018
2026-10-08 08:57:00+00:00,4128.455,4128.515,4127.535,4127.655,0.019
2026-10-08 08:58:00+00:00,4127.695,4127.745,4126.625,4126.815,0.02
2026-10-08 08:59:00+00:00,4126.825,4127.405,4126.665,4126.735,0.021
2026-10-08 09:00:00+00:00,4126.725,4130.375,4125.845,4129.145,0.041
2026-10-08 09:01:00+00:00,4129.065,4130.425,4128.145,4129.585,0.044
2026-10-08 09:02:00+00:00,4129.585,4131.115,4128.495,4131.115,0.024
2026-10-08 09:03:00+00:00,4130.945,4131.015,4129.235,4129.235,0.025
2026-10-08 09:04:00+00:00,4129.285,4131.075,4129.165,4131.015,0.02
2026-10-08 09:05:00+00:00,4131.005,4131.145,4128.125,4128.125,0.026
2026-10-08 09:06:00+00:00,4128.135,4128.735,4127.125,4127.825,0.024
2026-10-08 09:07:00+00:00,4127.885,4129.125,4127.675,4128.965,0.024
2026-10-08 09:08:00+00:00,4128.975,4129.005,4127.935,4128.155,0.023
2026-10-08 09:09:00+00:00,4128.155,4128.825,4128.035,4128.555,0.018
2026-10-08 09:10:00+00:00,4128.625,4128.625,4127.105,4127.175,0.023
2026-10-08 09:11:00+00:00,4127.175,4128.175,4126.905,4127.135,0.026
2026-10-08 09:12:00+00:00,4127.135,4127.485,4126.345,4126.395,0.016
2026-10-08 09:13:00+00:00,4126.115,4127.705,4125.615,4127.055,0.024
2026-10-08 09:14:00+00:00,4127.035,4127.085,4124.995,4125.585,0.02
2026-10-08 09:15:00+00:00,4125.555,4125.605,4123.445,4123.785,0.025
2026-10-08 09:16:00+00:00,4123.705,4124.105,4122.765,4123.385,0.028
2026-10-08 09:17:00+00:00,4123.385,4125.395,4122.965,4125.125,0.027
2026-10-08 09:18:00+00:00,4125.025,4125.335,4124.635,4125.255,0.022
2026-10-08 09:19:00+00:00,4125.255,4125.515,4124.665,4124.975,0.016
2026-10-08 09:20:00+00:00,4124.865,4124.945,4122.985,4124.225,0.025
2026-10-08 09:21:00+00:00,4124.105,4124.435,4123.735,4123.905,0.018
2026-10-08 09:22:00+00:00,4123.845,4124.655,4122.755,4124.155,0.02
2026-10-08 09:23:00+00:00,4123.975,4125.685,4123.875,4124.375,0.021
2026-10-08 09:24:00+00:00,4124.345,4124.425,4123.215,4123.585,0.021
2026-10-08 09:25:00+00:00,4123.555,4123.955,4123.315,4123.655,0.02
2026-10-08 09:26:00+00:00,4123.645,4124.565,4123.345,4124.315,0.019
2026-10-08 09:27:00+00:00,4124.345,4124.985,4124.215,4124.835,0.018
2026-10-08 09:28:00+00:00,4124.895,4125.785,4124.075,4124.555,0.022
2026-10-08 09:29:00+00:00,4124.495,4125.765,4123.805,4124.845,0.015
2026-10-08 09:30:00+00:00,4124.845,4125.875,4122.415,4123.165,0.014
2026-10-08 09:31:00+00:00,4122.625,4123.525,4122.145,4123.385,0.028
2026-10-08 09:32:00+00:00,4123.295,4124.575,4122.705,4123.165,0.028
2026-10-08 09:33:00+00:00,4123.185,4123.475,4121.675,4122.415,0.026
2026-10-08 09:34:00+00:00,4122.415,4123.165,4120.885,4122.155,0.029
2026-10-08 09:35:00+00:00,4122.085,4124.525,4122.035,4123.645,0.028
2026-10-08 09:36:00+00:00,4123.655,4123.815,4122.905,4123.195,0.019
2026-10-08 09:37:00+00:00,4123.115,4123.565,4122.865,4123.135,0.018
2026-10-08 09:38:00+00:00,4123.185,4123.645,4121.605,4123.085,0.024
2026-10-08 09:39:00+00:00,4123.375,4123.465,4122.295,4122.295,0.019
2026-10-08 09:40:00+00:00,4122.285,4122.805,4121.635,4122.035,0.02
2026-10-08 09:41:00+00:00,4122.065,4122.615,4120.975,4120.975,0.025
2026-10-08 09:42:00+00:00,4120.915,4122.095,4120.405,4121.195,0.019
2026-10-08 09:43:00+00:00,4121.135,4121.135,4119.875,4119.905,0.018
2026-10-08 09:44:00+00:00,4119.945,4120.305,4119.705,4120.225,0.017
2026-10-08 09:45:00+00:00,4120.215,4121.245,4119.995,4121.065,0.016
2026-10-08 09:46:00+00:00,4121.135,4121.765,4120.785,4121.125,0.022
2026-10-08 09:47:00+00:00,4121.155,4121.785,4120.335,4121.095,0.017
2026-10-08 09:48:00+00:00,4121.025,4121.695,4120.885,4121.635,0.011
2026-10-08 09:49:00+00:00,4121.735,4122.005,4121.245,4121.835,0.017
2026-10-08 09:50:00+00:00,4121.875,4122.155,4121.035,4121.085,0.015
2026-10-08 09:51:00+00:00,4121.005,4122.825,4119.955,4122.605,0.025
2026-10-08 09:52:00+00:00,4122.545,4122.565,4121.575,4122.085,0.018
2026-10-08 09:53:00+00:00,4122.055,4122.975,4122.055,4122.475,0.019
2026-10-08 09:54:00+00:00,4122.485,4122.895,4122.135,4122.745,0.014
2026-10-08 09:55:00+00:00,4122.875,4123.565,4122.415,4122.945,0.015
2026-10-08 09:56:00+00:00,4122.955,4124.015,4122.845,4123.015,0.018
2026-10-08 09:57:00+00:00,4122.925,4123.665,4122.505,4123.615,0.02
2026-10-08 09:58:00+00:00,4123.575,4123.705,4122.965,4123.545,0.015
2026-10-08 09:59:00+00:00,4123.595,4123.915,4122.955,4123.915,0.015
2026-10-08 10:00:00+00:00,4123.895,4124.435,4122.175,4122.365,0.024
2026-10-08 10:01:00+00:00,4122.345,4123.815,4122.335,4123.535,0.018
2026-10-08 10:02:00+00:00,4123.525,4124.195,4123.465,4123.875,0.017
2026-10-08 10:03:00+00:00,4123.855,4124.265,4122.915,4123.015,0.019
2026-10-08 10:04:00+00:00,4123.005,4123.135,4121.815,4122.725,0.021
2026-10-08 10:05:00+00:00,4122.775,4123.355,4122.195,4122.935,0.016
2026-10-08 10:06:00+00:00,4122.985,4124.545,4122.845,4124.355,0.017
2026-10-08 10:07:00+00:00,4124.485,4125.985,4123.925,4125.935,0.017
2026-10-08 10:08:00+00:00,4125.955,4126.365,4125.395,4125.855,0.017
2026-10-08 10:09:00+00:00,4125.855,4125.865,4123.915,4124.205,0.017
2026-10-08 10:10:00+00:00,4124.205,4124.325,4122.415,4122.985,0.019
2026-10-08 10:11:00+00:00,4123.105,4123.755,4122.275,4122.525,0.016
2026-10-08 10:12:00+00:00,4122.525,4122.745,4121.875,4122.435,0.014
2026-10-08 10:13:00+00:00,4122.385,4123.325,4122.075,4123.155,0.012
2026-10-08 10:14:00+00:00,4123.175,4123.725,4122.465,4123.165,0.017
2026-10-08 10:15:00+00:00,4123.235,4123.775,4122.765,4123.525,0.017
2026-10-08 10:16:00+00:00,4123.675,4124.235,4122.485,4122.635,0.018
2026-10-08 10:17:00+00:00,4122.645,4122.905,4122.205,4122.255,0.013
2026-10-08 10:18:00+00:00,4122.195,4122.605,4122.105,4122.115,0.012
2026-10-08 10:19:00+00:00,4122.115,4122.115,4119.945,4120.625,0.016
2026-10-08 10:20:00+00:00,4120.655,4121.925,4119.895,4121.925,0.02
2026-10-08 10:21:00+00:00,4122.035,4122.425,4120.865,4121.785,0.018
2026-10-08 10:22:00+00:00,4121.785,4122.205,4121.405,4121.445,0.015
2026-10-08 10:23:00+00:00,4121.435,4121.675,4120.675,4121.425,0.018
2026-10-08 10:24:00+00:00,4121.385,4121.625,4120.125,4120.285,0.022
2026-10-08 10:25:00+00:00,4120.235,4120.235,4117.305,4117.395,0.031
2026-10-08 10:26:00+00:00,4117.365,4117.885,4116.175,4116.975,0.026
2026-10-08 10:27:00+00:00,4116.985,4118.995,4116.875,4118.235,0.026
2026-10-08 10:28:00+00:00,4118.175,4119.105,4118.135,4118.135,0.023
2026-10-08 10:29:00+00:00,4118.185,4118.625,4117.445,4117.445,0.031
2026-10-08 10:30:00+00:00,4117.425,4119.215,4117.085,4117.135,0.033
2026-10-08 10:31:00+00:00,4117.095,4117.175,4116.045,4116.285,0.027
2026-10-08 10:32:00+00:00,4116.365,4116.715,4114.745,4115.595,0.029
2026-10-08 10:33:00+00:00,4115.725,4116.145,4113.345,4113.625,0.031
2026-10-08 10:34:00+00:00,4113.705,4115.005,4112.825,4114.035,0.033
2026-10-08 10:35:00+00:00,4113.975,4113.975,4111.705,4112.755,0.038
2026-10-08 10:36:00+00:00,4112.895,4113.055,4112.325,4112.695,0.034
2026-10-08 10:37:00+00:00,4112.695,4112.745,4111.185,4112.165,0.026
2026-10-08 10:38:00+00:00,4112.115,4112.905,4111.475,4111.905,0.03
2026-10-08 10:39:00+00:00,4111.835,4111.915,4110.205,4111.795,0.03
2026-10-08 10:40:00+00:00,4111.795,4113.745,4111.515,4112.255,0.034
2026-10-08 10:41:00+00:00,4111.825,4112.205,4111.165,4111.405,0.025
2026-10-08 10:42:00+00:00,4111.375,4111.745,4110.225,4110.525,0.032
2026-10-08 10:43:00+00:00,4110.595,4113.035,4110.325,4111.305,0.027
2026-10-08 10:44:00+00:00,4111.445,4115.975,4111.445,4115.705,0.029
2026-10-08 10:45:00+00:00,4115.685,4117.355,4114.905,4117.305,0.033
2026-10-08 10:46:00+00:00,4117.365,4118.745,4116.825,4118.255,0.029
2026-10-08 10:47:00+00:00,4118.355,4118.485,4116.495,4117.975,0.026
2026-10-08 10:48:00+00:00,4117.965,4119.175,4117.705,4117.905,0.028
2026-10-08 10:49:00+00:00,4117.895,4118.755,4117.275,4118.305,0.025
2026-10-08 10:50:00+00:00,4118.085,4118.985,4117.225,4118.985,0.028
2026-10-08 10:51:00+00:00,4118.995,4122.925,4118.975,4122.845,0.026
2026-10-08 10:52:00+00:00,4122.885,4123.715,4122.705,4122.715,0.023
2026-10-08 10:53:00+00:00,4122.645,4122.645,4120.535,4120.575,0.022
2026-10-08 10:54:00+00:00,4120.545,4120.605,4119.545,4119.665,0.022
2026-10-08 10:55:00+00:00,4119.695,4120.715,4119.535,4119.905,0.019
2026-10-08 10:56:00+00:00,4119.985,4121.815,4119.885,4120.775,0.023
2026-10-08 10:57:00+00:00,4120.515,4120.515,4119.345,4119.635,0.02
2026-10-08 10:58:00+00:00,4119.595,4121.415,4119.195,4120.805,0.023
2026-10-08 10:59:00+00:00,4120.825,4122.885,4120.715,4122.385,0.013
2026-10-08 11:00:00+00:00,4122.215,4122.545,4120.655,4121.225,0.02
2026-10-08 11:01:00+00:00,4121.325,4121.545,4119.665,4119.795,0.026
2026-10-08 11:02:00+00:00,4119.795,4121.265,4118.765,4118.995,0.028
2026-10-08 11:03:00+00:00,4118.975,4119.795,4118.685,4118.765,0.023
2026-10-08 11:04:00+00:00,4118.805,4118.965,4116.595,4117.085,0.026
2026-10-08 11:05:00+00:00,4116.985,4117.685,4115.995,4116.175,0.021
2026-10-08 11:06:00+00:00,4116.215,4117.135,4115.595,4115.795,0.028
2026-10-08 11:07:00+00:00,4115.715,4115.985,4115.325,4115.495,0.021
2026-10-08 11:08:00+00:00,4115.435,4115.965,4115.035,4115.775,0.018
2026-10-08 11:09:00+00:00,4115.685,4116.565,4115.035,4115.525,0.026
2026-10-08 11:10:00+00:00,4115.655,4116.255,4115.145,4116.215,0.025
2026-10-08 11:11:00+00:00,4116.185,4116.635,4115.715,4116.075,0.022
2026-10-08 11:12:00+00:00,4116.105,4117.645,4115.625,4117.485,0.022
2026-10-08 11:13:00+00:00,4117.485,4118.565,4116.435,4118.565,0.026
2026-10-08 11:14:00+00:00,4118.565,4118.565,4117.645,4118.365,0.019
2026-10-08 11:15:00+00:00,4118.425,4120.965,4118.075,4120.195,0.029
2026-10-08 11:16:00+00:00,4120.225,4121.715,4120.225,4121.645,0.026
2026-10-08 11:17:00+00:00,4121.645,4122.775,4120.665,4121.175,0.026
2026-10-08 11:18:00+00:00,4121.165,4121.665,4120.375,4121.445,0.019
2026-10-08 11:19:00+00:00,4121.375,4121.405,4119.745,4120.185,0.019
2026-10-08 11:20:00+00:00,4120.265,4121.045,4119.995,4120.615,0.019
2026-10-08 11:21:00+00:00,4120.685,4121.655,4120.425,4121.655,0.021
2026-10-08 11:22:00+00:00,4121.605,4121.685,4120.285,4121.635,0.021
2026-10-08 11:23:00+00:00,4121.855,4122.365,4121.545,4122.105,0.024
2026-10-08 11:24:00+00:00,4122.095,4122.265,4121.025,4121.795,0.018
2026-10-08 11:25:00+00:00,4121.725,4124.145,4121.725,4123.725,0.024
2026-10-08 11:26:00+00:00,4123.695,4124.085,4122.715,4122.805,0.022
2026-10-08 11:27:00+00:00,4122.955,4122.955,4122.005,4122.675,0.015
2026-10-08 11:28:00+00:00,4122.755,4123.375,4122.695,4123.265,0.02
2026-10-08 11:29:00+00:00,4123.255,4124.185,4123.015,4123.995,0.019
2026-10-08 11:30:00+00:00,4124.145,4124.325,4122.625,4122.685,0.02
2026-10-08 11:31:00+00:00,4122.665,4123.275,4122.185,4123.045,0.02
2026-10-08 11:32:00+00:00,4122.965,4124.195,4122.495,4123.945,0.026
2026-10-08 11:33:00+00:00,4123.985,4124.245,4123.435,4123.565,0.021
2026-10-08 11:34:00+00:00,4123.235,4123.235,4121.845,4122.135,0.023
2026-10-08 11:35:00+00:00,4121.965,4122.955,4120.105,4120.105,0.028
2026-10-08 11:36:00+00:00,4120.095,4120.805,4119.525,4119.525,0.018
2026-10-08 11:37:00+00:00,4119.525,4126.4,4119.175,4122.955,0.051
2026-10-08 11:38:00+00:00,4123.005,4125.195,4121.865,4122.795,0.043
2026-10-08 11:39:00+00:00,4122.835,4126.105,4122.005,4125.775,0.046
2026-10-08 11:40:00+00:00,4125.775,4130.995,4125.455,4129.235,0.046
2026-10-08 11:41:00+00:00,4129.215,4130.345,4127.985,4128.835,0.052
2026-10-08 11:42:00+00:00,4128.605,4128.605,4125.645,4125.855,0.044
2026-10-08 11:43:00+00:00,4125.925,4126.695,4123.345,4124.625,0.04
2026-10-08 11:44:00+00:00,4124.605,4124.975,4122.875,4122.925,0.034
2026-10-08 11:45:00+00:00,4123.025,4125.345,4122.935,4125.295,0.028
2026-10-08 11:46:00+00:00,4125.285,4125.295,4124.275,4124.805,0.026
2026-10-08 11:47:00+00:00,4124.775,4125.735,4124.005,4124.055,0.029
2026-10-08 11:48:00+00:00,4124.175,4124.295,4122.935,4123.335,0.023
2026-10-08 11:49:00+00:00,4123.365,4124.115,4122.975,4123.375,0.024
2026-10-08 11:50:00+00:00,4123.385,4126.035,4123.325,4124.945,0.032
2026-10-08 11:51:00+00:00,4124.845,4126.635,4124.365,4126.235,0.028
2026-10-08 11:52:00+00:00,4126.275,4128.275,4125.635,4128.155,0.027
2026-10-08 11:53:00+00:00,4128.155,4129.165,4127.835,4128.395,0.024
2026-10-08 11:54:00+00:00,4128.425,4128.655,4127.335,4128.325,0.024
2026-10-08 11:55:00+00:00,4128.345,4128.875,4127.535,4127.625,0.023
2026-10-08 11:56:00+00:00,4127.385,4127.385,4126.005,4127.045,0.026
2026-10-08 11:57:00+00:00,4127.015,4127.695,4125.115,4125.135,0.026
2026-10-08 11:58:00+00:00,4125.195,4125.585,4124.585,4124.635,0.026
2026-10-08 11:59:00+00:00,4124.635,4125.345,4124.125,4124.905,0.024
2026-10-08 12:00:00+00:00,4124.875,4125.515,4124.035,4125.275,0.041
2026-10-08 12:01:00+00:00,4125.245,4125.335,4123.785,4123.925,0.022
2026-10-08 12:02:00+00:00,4124.065,4125.685,4122.935,4125.285,0.029
2026-10-08 12:03:00+00:00,4125.285,4126.695,4125.055,4126.635,0.037
2026-10-08 12:04:00+00:00,4126.125,4126.405,4124.985,4125.795,0.029
2026-10-08 12:05:00+00:00,4125.695,4127.175,4124.985,4126.285,0.037
2026-10-08 12:06:00+00:00,4126.185,4127.745,4125.435,4126.795,0.03
2026-10-08 12:07:00+00:00,4126.795,4127.835,4125.855,4127.195,0.031
2026-10-08 12:08:00+00:00,4127.305,4128.235,4126.475,4126.475,0.029
2026-10-08 12:09:00+00:00,4126.415,4126.445,4124.325,4124.675,0.031
2026-10-08 12:10:00+00:00,4124.815,4125.285,4124.195,4124.605,0.03
2026-10-08 12:11:00+00:00,4124.605,4125.355,4123.335,4125.165,0.03
2026-10-08 12:12:00+00:00,4125.125,4125.785,4124.695,4125.785,0.02
2026-10-08 12:13:00+00:00,4125.895,4126.545,4123.805,4124.225,0.039
2026-10-08 12:14:00+00:00,4124.225,4125.585,4123.895,4124.675,0.039
2026-10-08 12:15:00+00:00,4124.695,4125.415,4121.765,4123.525,0.041
2026-10-08 12:16:00+00:00,4123.415,4124.555,4122.215,4124.375,0.044
2026-10-08 12:17:00+00:00,4124.515,4124.745,4122.395,4122.395,0.031
2026-10-08 12:18:00+00:00,4122.495,4123.365,4121.725,4122.205,0.03
2026-10-08 12:19:00+00:00,4122.185,4125.865,4122.165,4125.385,0.031
2026-10-08 12:20:00+00:00,4125.385,4128.345,4124.155,4127.035,0.048
2026-10-08 12:21:00+00:00,4127.025,4127.365,4124.955,4124.995,0.041
2026-10-08 12:22:00+00:00,4124.945,4125.475,4123.875,4125.455,0.031
2026-10-08 12:23:00+00:00,4125.365,4126.395,4124.275,4124.405,0.032
2026-10-08 12:24:00+00:00,4124.415,4126.595,4124.015,4126.405,0.029
2026-10-08 12:25:00+00:00,4126.235,4129.635,4126.085,4129.635,0.034
2026-10-08 12:26:00+00:00,4129.975,4130.665,4128.085,4128.785,0.031
2026-10-08 12:27:00+00:00,4128.865,4130.255,4128.815,4129.855,0.018
2026-10-08 12:28:00+00:00,4129.875,4130.745,4129.745,4130.535,0.007
2026-10-08 12:29:00+00:00,4130.675,4132.635,4130.675,4132.527,0.017
2026-10-08 12:30:00+00:00,4132.205,4132.205,4121.585,4121.685,0.035
2026-10-08 12:31:00+00:00,4121.795,4123.685,4121.735,4123.585,0.023
2026-10-08 12:32:00+00:00,4123.485,4125.525,4123.255,4124.335,0.032
2026-10-08 12:33:00+00:00,4124.385,4125.135,4122.545,4124.335,0.031
2026-10-08 12:34:00+00:00,4124.345,4124.995,4122.055,4122.055,0.032
2026-10-08 12:35:00+00:00,4122.245,4125.792,4121.015,4124.575,0.038
2026-10-08 12:36:00+00:00,4124.185,4124.305,4121.435,4122.715,0.036
2026-10-08 12:37:00+00:00,4122.775,4123.495,4122.075,4123.155,0.033
2026-10-08 12:38:00+00:00,4123.145,4123.165,4122.225,4122.995,0.029
2026-10-08 12:39:00+00:00,4122.995,4123.655,4122.735,4123.005,0.024
2026-10-08 12:40:00+00:00,4123.095,4123.905,4122.155,4123.255,0.031
2026-10-08 12:41:00+00:00,4123.235,4124.235,4122.175,4122.825,0.028
2026-10-08 12:42:00+00:00,4122.795,4123.995,4122.605,4123.225,0.025
2026-10-08 12:43:00+00:00,4123.245,4123.385,4121.195,4122.435,0.024
2026-10-08 12:44:00+00:00,4122.135,4122.135,4118.745,4119.675,0.029
2026-10-08 12:45:00+00:00,4119.675,4119.725,4118.295,4118.915,0.038
2026-10-08 12:46:00+00:00,4118.915,4118.915,4117.705,4118.095,0.032
2026-10-08 12:47:00+00:00,4118.095,4119.395,4118.095,4119.195,0.028
2026-10-08 12:48:00+00:00,4119.195,4119.955,4118.545,4119.855,0.025
2026-10-08 12:49:00+00:00,4119.885,4119.905,4118.195,4118.285,0.031
2026-10-08 12:50:00+00:00,4118.135,4118.365,4116.875,4117.375,0.03
2026-10-08 12:51:00+00:00,4117.365,4117.735,4115.535,4116.045,0.032
2026-10-08 12:52:00+00:00,4116.205,4116.245,4113.655,4114.005,0.034
2026-10-08 12:53:00+00:00,4113.895,4116.735,4113.665,4116.735,0.028
2026-10-08 12:54:00+00:00,4116.705,4118.715,4116.435,4118.675,0.03
2026-10-08 12:55:00+00:00,4118.685,4118.895,4116.905,4116.905,0.026
2026-10-08 12:56:00+00:00,4116.865,4117.715,4116.495,4117.715,0.024
2026-10-08 12:57:00+00:00,4117.865,4118.225,4117.455,4118.085,0.027
2026-10-08 12:58:00+00:00,4118.085,4119.155,4117.445,4118.285,0.027
2026-10-08 12:59:00+00:00,4118.595,4119.545,4118.015,4119.085,0.032
2026-10-08 13:00:00+00:00,4119.105,4120.515,4116.145,4120.225,0.058
2026-10-08 13:01:00+00:00,4120.205,4121.605,4117.755,4117.865,0.053
2026-10-08 13:02:00+00:00,4118.135,4118.485,4115.815,4118.215,0.047
2026-10-08 13:03:00+00:00,4118.255,4119.775,4117.205,4119.195,0.045
2026-10-08 13:04:00+00:00,4119.335,4120.975,4118.695,4119.765,0.042
2026-10-08 13:05:00+00:00,4119.755,4122.385,4119.085,4121.395,0.048
2026-10-08 13:06:00+00:00,4121.515,4125.665,4121.515,4124.805,0.046
2026-10-08 13:07:00+00:00,4124.765,4126.445,4124.295,4126.425,0.044
2026-10-08 13:08:00+00:00,4126.445,4128.325,4126.125,4127.025,0.046
2026-10-08 13:09:00+00:00,4127.005,4127.725,4123.785,4126.045,0.052
2026-10-08 13:10:00+00:00,4126.115,4126.895,4125.265,4126.885,0.044
2026-10-08 13:11:00+00:00,4126.875,4129.565,4126.025,4127.875,0.051
2026-10-08 13:12:00+00:00,4127.895,4129.435,4126.615,4127.095,0.044
2026-10-08 13:13:00+00:00,4127.215,4128.055,4126.655,4126.765,0.039
2026-10-08 13:14:00+00:00,4126.675,4126.905,4125.085,4126.755,0.04
2026-10-08 13:15:00+00:00,4126.875,4127.135,4125.315,4125.735,0.039
2026-10-08 13:16:00+00:00,4125.895,4126.195,4123.925,4124.095,0.037
2026-10-08 13:17:00+00:00,4124.225,4125.285,4123.955,4124.605,0.04
2026-10-08 13:18:00+00:00,4124.565,4124.615,4122.885,4123.545,0.041
2026-10-08 13:19:00+00:00,4123.545,4124.485,4123.105,4123.675,0.036
2026-10-08 13:20:00+00:00,4123.635,4124.705,4123.635,4124.375,0.034
2026-10-08 13:21:00+00:00,4124.495,4127.615,4124.415,4127.265,0.045
2026-10-08 13:22:00+00:00,4126.805,4127.295,4125.665,4126.615,0.042
2026-10-08 13:23:00+00:00,4126.615,4127.705,4125.065,4125.155,0.045
2026-10-08 13:24:00+00:00,4125.125,4125.595,4123.155,4124.515,0.037
2026-10-08 13:25:00+00:00,4124.645,4124.785,4123.085,4123.395,0.039
2026-10-08 13:26:00+00:00,4123.345,4123.345,4122.235,4122.575,0.031
2026-10-08 13:27:00+00:00,4122.555,4122.555,4120.755,4121.445,0.033
2026-10-08 13:28:00+00:00,4121.465,4122.795,4120.835,4122.795,0.035
2026-10-08 13:29:00+00:00,4122.615,4124.275,4121.765,4123.835,0.042
2026-10-08 13:30:00+00:00,4123.835,4125.465,4122.745,4123.515,0.062
2026-10-08 13:31:00+00:00,4123.515,4129.625,4123.075,4129.425,0.059
2026-10-08 13:32:00+00:00,4129.455,4130.315,4128.235,4128.415,0.059
2026-10-08 13:33:00+00:00,4128.485,4130.215,4126.795,4126.825,0.053
2026-10-08 13:34:00+00:00,4126.855,4127.375,4125.955,4126.035,0.042
2026-10-08 13:35:00+00:00,4126.035,4126.035,4123.725,4125.465,0.057
2026-10-08 13:36:00+00:00,4125.485,4126.865,4124.655,4125.775,0.049
2026-10-08 13:37:00+00:00,4125.775,4127.585,4125.015,4127.245,0.049
2026-10-08 13:38:00+00:00,4127.345,4129.015,4126.985,4127.105,0.046
2026-10-08 13:39:00+00:00,4127.205,4127.205,4125.285,4126.475,0.049
2026-10-08 13:40:00+00:00,4126.465,4127.025,4122.995,4123.005,0.05
2026-10-08 13:41:00+00:00,4123.085,4124.655,4121.825,4121.895,0.043
2026-10-08 13:42:00+00:00,4121.875,4122.245,4120.565,4121.545,0.042
2026-10-08 13:43:00+00:00,4121.545,4125.675,4121.545,4125.535,0.045
2026-10-08 13:44:00+00:00,4125.495,4126.355,4124.865,4126.185,0.044
2026-10-08 13:45:00+00:00,4126.085,4126.395,4124.665,4124.925,0.045
2026-10-08 13:46:00+00:00,4124.875,4129.025,4124.255,4128.185,0.041
2026-10-08 13:47:00+00:00,4128.235,4130.295,4127.625,4130.085,0.041
2026-10-08 13:48:00+00:00,4130.095,4130.765,4129.235,4129.635,0.042
2026-10-08 13:49:00+00:00,4129.705,4131.455,4128.665,4129.545,0.044
2026-10-08 13:50:00+00:00,4129.615,4131.485,4128.015,4131.465,0.042
2026-10-08 13:51:00+00:00,4131.585,4134.405,4131.555,4133.285,0.043
2026-10-08 13:52:00+00:00,4133.355,4133.705,4130.425,4131.095,0.046
2026-10-08 13:53:00+00:00,4131.095,4132.275,4130.675,4131.255,0.048
2026-10-08 13:54:00+00:00,4131.125,4132.075,4129.835,4131.715,0.049
2026-10-08 13:55:00+00:00,4131.975,4132.975,4130.835,4131.455,0.049
2026-10-08 13:56:00+00:00,4131.395,4131.865,4130.585,4131.235,0.043
2026-10-08 13:57:00+00:00,4131.255,4131.995,4130.455,4130.875,0.037
2026-10-08 13:58:00+00:00,4130.965,4131.835,4130.535,4131.295,0.041
2026-10-08 13:59:00+00:00,4131.265,4132.405,4130.215,4130.415,0.026
2026-10-08 14:00:00+00:00,4130.445,4130.625,4128.505,4128.505,0.031
2026-10-08 14:01:00+00:00,4128.425,4128.425,4125.955,4126.615,0.048
2026-10-08 14:02:00+00:00,4126.625,4127.905,4125.215,4126.175,0.042
2026-10-08 14:03:00+00:00,4126.165,4126.195,4124.195,4124.305,0.038
2026-10-08 14:04:00+00:00,4124.245,4125.585,4123.665,4124.895,0.038
2026-10-08 14:05:00+00:00,4124.895,4125.715,4123.785,4125.495,0.041
2026-10-08 14:06:00+00:00,4125.635,4127.415,4125.605,4126.675,0.041
2026-10-08 14:07:00+00:00,4126.765,4127.375,4126.355,4127.065,0.038
2026-10-08 14:08:00+00:00,4127.065,4127.115,4124.245,4124.245,0.039
2026-10-08 14:09:00+00:00,4124.225,4124.545,4123.335,4124.065,0.035
2026-10-08 14:10:00+00:00,4124.065,4124.665,4123.335,4123.425,0.032
2026-10-08 14:11:00+00:00,4123.445,4124.285,4122.255,4123.915,0.041
2026-10-08 14:12:00+00:00,4123.935,4125.485,4123.935,4125.405,0.036
2026-10-08 14:13:00+00:00,4125.315,4126.985,4125.275,4126.855,0.036
2026-10-08 14:14:00+00:00,4126.895,4127.325,4123.235,4123.805,0.034
2026-10-08 14:15:00+00:00,4123.805,4125.075,4123.675,4124.485,0.033
2026-10-08 14:16:00+00:00,4124.445,4124.685,4123.055,4123.775,0.03
2026-10-08 14:17:00+00:00,4123.825,4129.115,4123.475,4128.775,0.038
2026-10-08 14:18:00+00:00,4128.805,4130.605,4128.805,4130.335,0.039
2026-10-08 14:19:00+00:00,4130.265,4131.535,4129.675,4130.735,0.032
2026-10-08 14:20:00+00:00,4130.735,4134.755,4130.085,4133.955,0.04
2026-10-08 14:21:00+00:00,4133.955,4136.635,4133.955,4135.235,0.046
2026-10-08 14:22:00+00:00,4135.165,4135.765,4133.425,4135.635,0.044
2026-10-08 14:23:00+00:00,4135.645,4135.645,4133.715,4134.045,0.039
2026-10-08 14:24:00+00:00,4134.075,4135.745,4133.545,4133.675,0.045
2026-10-08 14:25:00+00:00,4133.715,4134.525,4133.465,4134.315,0.04
2026-10-08 14:26:00+00:00,4134.245,4135.165,4133.385,4133.815,0.037
2026-10-08 14:27:00+00:00,4133.935,4135.165,4133.935,4134.635,0.037
2026-10-08 14:28:00+00:00,4134.755,4137.185,4134.475,4136.795,0.039
2026-10-08 14:29:00+00:00,4136.695,4137.645,4136.345,4137.465,0.038
2026-10-08 14:30:00+00:00,4137.095,4137.405,4134.565,4135.855,0.049
2026-10-08 14:31:00+00:00,4136.075,4137.585,4135.775,4137.405,0.046
2026-10-08 14:32:00+00:00,4137.245,4137.535,4136.185,4137.455,0.037
2026-10-08 14:33:00+00:00,4137.445,4137.565,4135.585,4136.935,0.043
2026-10-08 14:34:00+00:00,4136.915,4141.095,4136.655,4140.575,0.043
2026-10-08 14:35:00+00:00,4140.525,4140.595,4134.675,4134.805,0.049
2026-10-08 14:36:00+00:00,4134.695,4134.845,4133.105,4133.355,0.045
2026-10-08 14:37:00+00:00,4133.355,4134.625,4132.295,4132.525,0.044
2026-10-08 14:38:00+00:00,4132.645,4133.365,4132.255,4132.925,0.035
2026-10-08 14:39:00+00:00,4132.905,4133.525,4130.725,4131.165,0.032
2026-10-08 14:40:00+00:00,4131.165,4131.715,4128.485,4128.555,0.046
2026-10-08 14:41:00+00:00,4128.635,4128.965,4126.805,4128.565,0.049
2026-10-08 14:42:00+00:00,4128.535,4129.305,4127.335,4128.265,0.036
2026-10-08 14:43:00+00:00,4128.155,4128.685,4126.465,4127.005,0.036
2026-10-08 14:44:00+00:00,4127.005,4127.155,4125.485,4126.735,0.035
2026-10-08 14:45:00+00:00,4126.815,4126.815,4123.935,4124.485,0.044
2026-10-08 14:46:00+00:00,4124.465,4125.575,4122.415,4123.475,0.049
2026-10-08 14:47:00+00:00,4123.445,4124.345,4123.045,4124.035,0.037
2026-10-08 14:48:00+00:00,4124.025,4126.145,4123.805,4125.695,0.037
2026-10-08 14:49:00+00:00,4125.695,4126.145,4125.375,4126.105,0.029
2026-10-08 14:50:00+00:00,4126.105,4127.115,4125.805,4126.275,0.034
2026-10-08 14:51:00+00:00,4126.315,4127.365,4125.695,4126.765,0.036
2026-10-08 14:52:00+00:00,4126.725,4128.055,4126.345,4126.425,0.032
2026-10-08 14:53:00+00:00,4126.425,4128.722,4125.545,4127.325,0.037
2026-10-08 14:54:00+00:00,4127.125,4127.135,4124.325,4125.595,0.043
2026-10-08 14:55:00+00:00,4125.595,4126.675,4124.795,4125.155,0.039
2026-10-08 14:56:00+00:00,4125.125,4126.005,4124.865,4125.475,0.034
2026-10-08 14:57:00+00:00,4125.535,4127.015,4125.145,4126.085,0.039
2026-10-08 14:58:00+00:00,4126.055,4126.395,4124.915,4125.705,0.031
2026-10-08 14:59:00+00:00,4125.705,4125.985,4124.595,4124.695,0.028
2026-10-08 15:00:00+00:00,4124.655,4124.835,4121.565,4121.965,0.041
2026-10-08 15:01:00+00:00,4121.955,4122.555,4120.255,4120.315,0.05
2026-10-08 15:02:00+00:00,4120.315,4121.765,4119.555,4121.685,0.047
2026-10-08 15:03:00+00:00,4121.755,4122.505,4120.805,4121.405,0.045
2026-10-08 15:04:00+00:00,4121.405,4122.215,4120.455,4121.365,0.043
2026-10-08 15:05:00+00:00,4121.355,4121.975,4119.765,4120.595,0.04
2026-10-08 15:06:00+00:00,4120.595,4121.315,4119.865,4120.885,0.037
2026-10-08 15:07:00+00:00,4120.865,4120.955,4118.965,4120.795,0.041
2026-10-08 15:08:00+00:00,4120.795,4121.605,4119.725,4120.085,0.034
2026-10-08 15:09:00+00:00,4120.025,4120.835,4118.735,4118.825,0.034
2026-10-08 15:10:00+00:00,4118.875,4119.605,4116.545,4117.585,0.038
2026-10-08 15:11:00+00:00,4117.545,4119.045,4116.705,4117.825,0.036
2026-10-08 15:12:00+00:00,4117.775,4117.805,4116.365,4117.105,0.038
2026-10-08 15:13:00+00:00,4117.105,4117.615,4116.225,4117.235,0.036
2026-10-08 15:14:00+00:00,4117.165,4117.215,4115.715,4115.975,0.04
2026-10-08 15:15:00+00:00,4115.765,4116.325,4113.255,4116.105,0.05
2026-10-08 15:16:00+00:00,4116.175,4116.235,4114.775,4115.555,0.044
2026-10-08 15:17:00+00:00,4115.565,4117.095,4114.965,4116.375,0.041
2026-10-08 15:18:00+00:00,4116.255,4116.815,4115.095,4115.895,0.041
2026-10-08 15:19:00+00:00,4115.915,4115.955,4113.845,4114.675,0.04
2026-10-08 15:20:00+00:00,4114.735,4116.015,4114.365,4114.925,0.039
2026-10-08 15:21:00+00:00,4114.875,4116.425,4114.625,4116.005,0.042
2026-10-08 15:22:00+00:00,4116.055,4117.425,4115.915,4117.365,0.036
2026-10-08 15:23:00+00:00,4117.315,4117.405,4115.435,4115.435,0.031
2026-10-08 15:24:00+00:00,4115.515,4116.355,4114.715,4116.205,0.033
2026-10-08 15:25:00+00:00,4116.215,4116.385,4114.715,4114.825,0.033
2026-10-08 15:26:00+00:00,4114.965,4116.455,4114.815,4115.715,0.038
2026-10-08 15:27:00+00:00,4115.735,4116.435,4115.075,4116.375,0.035
2026-10-08 15:28:00+00:00,4116.335,4117.835,4116.275,4117.825,0.034
2026-10-08 15:29:00+00:00,4117.735,4117.735,4116.455,4116.835,0.042
2026-10-08 15:30:00+00:00,4116.785,4117.255,4115.455,4115.805,0.042
2026-10-08 15:31:00+00:00,4115.715,4115.725,4113.145,4115.285,0.038
2026-10-08 15:32:00+00:00,4115.255,4115.665,4114.455,4115.555,0.038
2026-10-08 15:33:00+00:00,4115.395,4116.465,4114.935,4115.045,0.034
2026-10-08 15:34:00+00:00,4115.065,4116.495,4115.015,4115.895,0.032
2026-10-08 15:35:00+00:00,4115.925,4116.445,4115.575,4116.415,0.035
2026-10-08 15:36:00+00:00,4116.415,4116.665,4114.165,4114.835,0.032
2026-10-08 15:37:00+00:00,4114.845,4117.205,4114.565,4116.135,0.029
2026-10-08 15:38:00+00:00,4116.035,4116.335,4115.235,4116.145,0.031
2026-10-08 15:39:00+00:00,4116.085,4117.125,4116.045,4116.535,0.032
2026-10-08 15:40:00+00:00,4116.535,4117.655,4116.245,4117.185,0.026
2026-10-08 15:41:00+00:00,4117.125,4118.805,4116.995,4117.895,0.036
2026-10-08 15:42:00+00:00,4117.875,4118.765,4117.445,4117.535,0.03
2026-10-08 15:43:00+00:00,4117.495,4117.705,4116.415,4117.155,0.025
2026-10-08 15:44:00+00:00,4117.165,4117.435,4116.175,4116.755,0.031
2026-10-08 15:45:00+00:00,4116.675,4117.405,4115.465,4115.595,0.032
2026-10-08 15:46:00+00:00,4115.595,4115.635,4114.525,4115.195,0.028
2026-10-08 15:47:00+00:00,4115.125,4117.815,4115.115,4116.305,0.038
2026-10-08 15:48:00+00:00,4116.305,4116.575,4114.435,4115.085,0.03
2026-10-08 15:49:00+00:00,4115.255,4115.385,4113.005,4114.095,0.032
2026-10-08 15:50:00+00:00,4114.035,4114.525,4113.565,4114.145,0.022
2026-10-08 15:51:00+00:00,4114.145,4115.355,4114.035,4114.235,0.028
2026-10-08 15:52:00+00:00,4114.235,4114.415,4112.365,4112.485,0.028
2026-10-08 15:53:00+00:00,4112.475,4113.995,4112.435,4112.605,0.024
2026-10-08 15:54:00+00:00,4112.645,4113.395,4112.125,4112.235,0.026
2026-10-08 15:55:00+00:00,4112.275,4112.825,4111.805,4112.105,0.027
2026-10-08 15:56:00+00:00,4112.105,4112.275,4111.135,4111.205,0.029
2026-10-08 15:57:00+00:00,4111.165,4113.345,4111.165,4112.395,0.029
2026-10-08 15:58:00+00:00,4112.455,4112.625,4111.905,4112.365,0.023
2026-10-08 15:59:00+00:00,4112.365,4112.625,4111.735,4112.325,0.025
2026-10-08 16:00:00+00:00,4112.185,4112.995,4111.395,4111.395,0.027
2026-10-08 16:01:00+00:00,4111.295,4111.955,4107.805,4109.285,0.038
2026-10-08 16:02:00+00:00,4109.295,4111.005,4108.695,4109.615,0.033
2026-10-08 16:03:00+00:00,4109.515,4110.245,4108.675,4108.675,0.032
2026-10-08 16:04:00+00:00,4108.655,4109.835,4108.245,4108.985,0.03
2026-10-08 16:05:00+00:00,4108.895,4109.075,4106.805,4107.565,0.041
2026-10-08 16:06:00+00:00,4107.655,4107.825,4105.795,4106.575,0.04
2026-10-08 16:07:00+00:00,4106.485,4107.525,4106.255,4106.265,0.031
2026-10-08 16:08:00+00:00,4106.245,4109.645,4105.715,4109.335,0.036
2026-10-08 16:09:00+00:00,4109.665,4110.375,4109.045,4110.375,0.033
2026-10-08 16:10:00+00:00,4110.375,4111.395,4110.365,4111.065,0.028
2026-10-08 16:11:00+00:00,4110.965,4112.855,4110.965,4112.455,0.033
2026-10-08 16:12:00+00:00,4112.435,4113.355,4111.955,4113.105,0.029
2026-10-08 16:13:00+00:00,4113.035,4113.325,4111.345,4111.595,0.034
2026-10-08 16:14:00+00:00,4111.695,4112.575,4111.105,4112.485,0.024
2026-10-08 16:15:00+00:00,4112.455,4112.465,4111.205,4112.095,0.028
2026-10-08 16:16:00+00:00,4112.105,4112.135,4110.405,4110.405,0.029
2026-10-08 16:17:00+00:00,4110.445,4133.175,4109.635,4127.165,0.053
2026-10-08 16:18:00+00:00,4126.985,4128.715,4121.315,4122.235,0.048
2026-10-08 16:19:00+00:00,4122.345,4124.155,4120.075,4120.425,0.042
2026-10-08 16:20:00+00:00,4120.575,4121.905,4119.215,4119.515,0.041
2026-10-08 16:21:00+00:00,4119.515,4120.565,4117.275,4120.565,0.04
2026-10-08 16:22:00+00:00,4120.535,4121.395,4118.715,4119.255,0.031
2026-10-08 16:23:00+00:00,4119.255,4122.755,4119.255,4121.635,0.027
2026-10-08 16:24:00+00:00,4121.535,4122.735,4120.505,4122.155,0.026
2026-10-08 16:25:00+00:00,4122.155,4123.065,4120.395,4120.725,0.024
2026-10-08 16:26:00+00:00,4120.855,4121.835,4120.555,4120.855,0.019
2026-10-08 16:27:00+00:00,4120.855,4121.175,4118.195,4118.295,0.021
2026-10-08 16:28:00+00:00,4118.225,4119.855,4117.965,4118.885,0.021
2026-10-08 16:29:00+00:00,4118.885,4119.235,4117.295,4118.275,0.016
2026-10-08 16:30:00+00:00,4118.235,4120.055,4117.935,4117.955,0.023
2026-10-08 16:31:00+00:00,4117.875,4118.425,4117.375,4118.135,0.019
2026-10-08 16:32:00+00:00,4118.105,4120.935,4118.105,4120.625,0.02
2026-10-08 16:33:00+00:00,4120.785,4120.785,4118.395,4119.535,0.024
2026-10-08 16:34:00+00:00,4119.555,4120.515,4119.325,4120.345,0.015
2026-10-08 16:35:00+00:00,4120.235,4120.465,4119.085,4119.355,0.021
2026-10-08 16:36:00+00:00,4119.495,4120.165,4116.695,4116.695,0.025
2026-10-08 16:37:00+00:00,4116.655,4118.795,4115.715,4117.065,0.035
2026-10-08 16:38:00+00:00,4117.295,4118.135,4117.025,4117.105,0.016
2026-10-08 16:39:00+00:00,4117.105,4119.375,4116.815,4119.125,0.013
2026-10-08 16:40:00+00:00,4119.015,4123.075,4119.005,4121.695,0.024
2026-10-08 16:41:00+00:00,4121.695,4121.695,4120.615,4121.455,0.013
2026-10-08 16:42:00+00:00,4121.445,4122.195,4121.155,4121.185,0.011
2026-10-08 16:43:00+00:00,4121.295,4121.405,4119.225,4120.745,0.022
2026-10-08 16:44:00+00:00,4120.645,4120.835,4119.605,4119.605,0.014
2026-10-08 16:45:00+00:00,4119.755,4120.825,4119.085,4120.805,0.016
2026-10-08 16:46:00+00:00,4120.665,4122.555,4120.385,4121.395,0.015
2026-10-08 16:47:00+00:00,4121.615,4121.705,4117.725,4117.825,0.015
2026-10-08 16:48:00+00:00,4117.775,4119.215,4117.135,4118.915,0.021
2026-10-08 16:49:00+00:00,4118.915,4121.375,4118.745,4121.075,0.031
2026-10-08 16:50:00+00:00,4121.075,4123.575,4121.075,4121.755,0.031
2026-10-08 16:51:00+00:00,4121.625,4123.725,4121.305,4123.585,0.024
2026-10-08 16:52:00+00:00,4123.585,4123.975,4122.195,4122.515,0.02
2026-10-08 16:53:00+00:00,4122.385,4123.135,4121.605,4122.975,0.022
2026-10-08 16:54:00+00:00,4122.975,4123.145,4122.175,4122.495,0.023
2026-10-08 16:55:00+00:00,4122.805,4124.245,4122.005,4123.855,0.027
2026-10-08 16:56:00+00:00,4123.785,4125.525,4123.035,4123.445,0.021
2026-10-08 16:57:00+00:00,4123.285,4127.015,4123.055,4123.925,0.029
2026-10-08 16:58:00+00:00,4123.905,4125.185,4123.575,4124.715,0.018
2026-10-08 16:59:00+00:00,4124.665,4126.395,4124.075,4124.355,0.015
2026-10-08 17:00:00+00:00,4124.435,4125.725,4123.335,4125.335,0.026
2026-10-08 17:01:00+00:00,4125.355,4127.605,4125.035,4126.685,0.022
2026-10-08 17:02:00+00:00,4126.575,4128.725,4125.875,4128.725,0.031
2026-10-08 17:03:00+00:00,4128.855,4129.865,4125.385,4125.815,0.023
2026-10-08 17:04:00+00:00,4125.675,4128.545,4125.055,4128.545,0.023
2026-10-08 17:05:00+00:00,4128.405,4134.165,4128.345,4133.275,0.036
2026-10-08 17:06:00+00:00,4133.425,4135.185,4132.215,4133.525,0.033
2026-10-08 17:07:00+00:00,4133.535,4134.955,4132.125,4133.145,0.035
2026-10-08 17:08:00+00:00,4133.225,4133.815,4131.745,4133.245,0.027
2026-10-08 17:09:00+00:00,4133.215,4133.385,4131.385,4131.395,0.024
2026-10-08 17:10:00+00:00,4131.455,4133.175,4130.975,4132.715,0.026
2026-10-08 17:11:00+00:00,4132.575,4134.945,4132.425,4134.285,0.024
2026-10-08 17:12:00+00:00,4134.285,4136.245,4134.015,4135.765,0.021
2026-10-08 17:13:00+00:00,4135.615,4135.905,4134.565,4134.915,0.021
2026-10-08 17:14:00+00:00,4134.845,4135.545,4131.795,4132.265,0.035
2026-10-08 17:15:00+00:00,4132.265,4135.985,4131.905,4134.485,0.025
2026-10-08 17:16:00+00:00,4134.385,4137.955,4134.385,4137.665,0.028
2026-10-08 17:17:00+00:00,4137.725,4144.455,4137.085,4144.055,0.039
2026-10-08 17:18:00+00:00,4143.955,4145.565,4142.955,4143.875,0.05
2026-10-08 17:19:00+00:00,4143.935,4146.525,4142.795,4143.385,0.046
2026-10-08 17:20:00+00:00,4143.265,4143.715,4139.765,4140.085,0.039
2026-10-08 17:21:00+00:00,4139.955,4140.565,4138.195,4138.395,0.033
2026-10-08 17:22:00+00:00,4138.465,4141.565,4137.875,4141.055,0.033
2026-10-08 17:23:00+00:00,4140.945,4141.195,4138.075,4139.865,0.032
2026-10-08 17:24:00+00:00,4139.865,4140.365,4136.555,4137.035,0.028
2026-10-08 17:25:00+00:00,4136.885,4137.355,4135.605,4135.605,0.026
2026-10-08 17:26:00+00:00,4135.605,4136.975,4134.215,4136.975,0.026
2026-10-08 17:27:00+00:00,4136.785,4137.225,4135.265,4136.715,0.023
2026-10-08 17:28:00+00:00,4136.855,4136.855,4134.475,4136.475,0.029
2026-10-08 17:29:00+00:00,4136.415,4136.415,4130.925,4131.335,0.033
2026-10-08 17:30:00+00:00,4131.485,4131.725,4129.465,4129.795,0.023
2026-10-08 17:31:00+00:00,4129.755,4132.215,4129.655,4132.215,0.024
2026-10-08 17:32:00+00:00,4132.215,4133.275,4131.595,4131.745,0.016
2026-10-08 17:33:00+00:00,4131.745,4132.515,4131.155,4132.395,0.013
2026-10-08 17:34:00+00:00,4132.235,4132.245,4129.995,4130.525,0.015
2026-10-08 17:35:00+00:00,4130.455,4131.965,4130.455,4131.295,0.015
2026-10-08 17:36:00+00:00,4131.395,4132.995,4131.285,4132.615,0.018
2026-10-08 17:37:00+00:00,4132.615,4133.015,4131.675,4131.955,0.016
2026-10-08 17:38:00+00:00,4131.955,4131.955,4130.745,4131.565,0.01
2026-10-08 17:39:00+00:00,4131.535,4132.535,4131.035,4132.405,0.016
2026-10-08 17:40:00+00:00,4132.365,4132.545,4130.375,4130.965,0.012
2026-10-08 17:41:00+00:00,4131.125,4131.895,4130.415,4130.415,0.008
2026-10-08 17:42:00+00:00,4130.415,4131.715,4129.935,4130.795,0.012
2026-10-08 17:43:00+00:00,4130.915,4131.535,4130.345,4131.535,0.01
2026-10-08 17:44:00+00:00,4131.545,4131.835,4130.545,4131.305,0.013
2026-10-08 17:45:00+00:00,4131.225,4131.975,4130.385,4131.225,0.015
2026-10-08 17:46:00+00:00,4131.115,4133.595,4130.895,4132.465,0.012
2026-10-08 17:47:00+00:00,4132.395,4132.405,4130.205,4130.205,0.014
2026-10-08 17:48:00+00:00,4130.345,4130.865,4129.285,4129.825,0.014
2026-10-08 17:49:00+00:00,4129.825,4130.025,4128.105,4128.235,0.012
2026-10-08 17:50:00+00:00,4128.235,4128.935,4127.705,4128.655,0.011
2026-10-08 17:51:00+00:00,4128.505,4128.825,4127.495,4128.485,0.012
2026-10-08 17:52:00+00:00,4128.585,4129.475,4128.055,4129.465,0.009
2026-10-08 17:53:00+00:00,4129.325,4131.735,4129.325,4131.605,0.012
2026-10-08 17:54:00+00:00,4131.475,4132.175,4131.175,4131.575,0.011
2026-10-08 17:55:00+00:00,4131.575,4133.495,4131.295,4132.795,0.013
2026-10-08 17:56:00+00:00,4132.705,4134.115,4132.665,4133.515,0.01
2026-10-08 17:57:00+00:00,4133.365,4133.745,4132.405,4133.745,0.007
2026-10-08 17:58:00+00:00,4133.875,4134.015,4133.505,4133.825,0.007
2026-10-08 17:59:00+00:00,4133.975,4134.335,4133.155,4133.155,0.01
2026-10-08 18:00:00+00:00,4133.435,4134.795,4132.375,4132.765,0.017
2026-10-08 18:01:00+00:00,4132.705,4133.995,4132.255,4133.905,0.008
2026-10-08 18:02:00+00:00,4133.765,4133.845,4132.795,4133.135,0.012
2026-10-08 18:03:00+00:00,4133.295,4133.295,4131.145,4131.305,0.009
2026-10-08 18:04:00+00:00,4131.235,4131.455,4130.065,4130.205,0.009
2026-10-08 18:05:00+00:00,4130.355,4130.485,4129.105,4129.345,0.011
2026-10-08 18:06:00+00:00,4129.345,4130.535,4129.345,4130.535,0.009
2026-10-08 18:07:00+00:00,4130.635,4130.785,4130.075,4130.185,0.007
2026-10-08 18:08:00+00:00,4130.185,4131.585,4130.185,4130.965,0.01
2026-10-08 18:09:00+00:00,4130.965,4131.085,4129.295,4129.335,0.009
2026-10-08 18:10:00+00:00,4129.315,4129.455,4128.435,4129.055,0.016
2026-10-08 18:11:00+00:00,4129.055,4129.185,4127.275,4127.275,0.011
2026-10-08 18:12:00+00:00,4127.275,4128.115,4127.275,4127.845,0.013
2026-10-08 18:13:00+00:00,4127.675,4128.475,4127.185,4127.495,0.009
2026-10-08 18:14:00+00:00,4127.495,4128.375,4127.335,4128.095,0.008
2026-10-08 18:15:00+00:00,4128.095,4129.715,4127.905,4129.655,0.008
2026-10-08 18:16:00+00:00,4129.715,4129.875,4128.135,4128.685,0.012
2026-10-08 18:17:00+00:00,4128.575,4128.575,4127.175,4127.335,0.006
2026-10-08 18:18:00+00:00,4127.265,4127.785,4127.055,4127.645,0.009
2026-10-08 18:19:00+00:00,4127.605,4127.645,4126.695,4126.705,0.01
2026-10-08 18:20:00+00:00,4126.855,4126.855,4125.455,4125.455,0.006
2026-10-08 18:21:00+00:00,4125.455,4125.865,4125.115,4125.235,0.007
2026-10-08 18:22:00+00:00,4125.235,4125.235,4124.445,4125.135,0.009
2026-10-08 18:23:00+00:00,4125.135,4126.415,4125.135,4126.415,0.008
2026-10-08 18:24:00+00:00,4126.415,4127.495,4126.305,4127.495,0.009
2026-10-08 18:25:00+00:00,4127.495,4128.105,4126.585,4126.615,0.01
2026-10-08 18:26:00+00:00,4126.585,4127.235,4126.265,4126.775,0.009
2026-10-08 18:27:00+00:00,4126.805,4127.095,4125.745,4125.985,0.01
2026-10-08 18:28:00+00:00,4126.135,4127.785,4126.015,4126.575,0.017
2026-10-08 18:29:00+00:00,4126.545,4126.725,4125.985,4126.135,0.011
2026-10-08 18:30:00+00:00,4126.265,4126.265,4123.595,4123.605,0.016
2026-10-08 18:31:00+00:00,4123.605,4124.055,4122.765,4123.335,0.01
2026-10-08 18:32:00+00:00,4123.175,4124.565,4122.775,4124.565,0.01
2026-10-08 18:33:00+00:00,4124.415,4124.415,4122.265,4122.445,0.011
2026-10-08 18:34:00+00:00,4122.375,4122.445,4121.635,4122.165,0.014
2026-10-08 18:35:00+00:00,4122.285,4123.285,4122.155,4122.635,0.011
2026-10-08 18:36:00+00:00,4122.635,4122.965,4122.025,4122.805,0.01
2026-10-08 18:37:00+00:00,4122.725,4123.795,4122.595,4123.385,0.01
2026-10-08 18:38:00+00:00,4123.255,4123.595,4123.065,4123.335,0.006
2026-10-08 18:39:00+00:00,4123.255,4124.185,4123.135,4124.185,0.008
2026-10-08 18:40:00+00:00,4124.185,4125.235,4123.785,4123.905,0.011
2026-10-08 18:41:00+00:00,4123.785,4124.455,4123.785,4124.055,0.011
2026-10-08 18:42:00+00:00,4124.165,4124.195,4123.225,4123.495,0.008
2026-10-08 18:43:00+00:00,4123.235,4124.225,4123.235,4124.075,0.006
2026-10-08 18:44:00+00:00,4124.075,4125.735,4123.835,4125.685,0.007
2026-10-08 18:45:00+00:00,4125.735,4125.975,4124.705,4124.705,0.008
2026-10-08 18:46:00+00:00,4124.675,4125.765,4124.425,4125.645,0.009
2026-10-08 18:47:00+00:00,4125.645,4126.765,4124.865,4124.955,0.011
2026-10-08 18:48:00+00:00,4124.875,4125.655,4124.525,4125.375,0.009
2026-10-08 18:49:00+00:00,4125.375,4125.765,4124.945,4125.585,0.005
2026-10-08 18:50:00+00:00,4125.695,4126.855,4125.595,4126.525,0.01
2026-10-08 18:51:00+00:00,4126.375,4126.845,4126.335,4126.545,0.006
2026-10-08 18:52:00+00:00,4126.415,4127.035,4125.615,4126.815,0.012
2026-10-08 18:53:00+00:00,4126.745,4127.215,4126.225,4127.155,0.008
2026-10-08 18:54:00+00:00,4127.215,4127.945,4127.215,4127.935,0.008
2026-10-08 18:55:00+00:00,4128.085,4128.515,4127.575,4127.815,0.006
2026-10-08 18:56:00+00:00,4127.805,4128.345,4127.485,4127.795,0.007
2026-10-08 18:57:00+00:00,4127.675,4128.095,4127.215,4128.095,0.007
2026-10-08 18:58:00+00:00,4128.095,4128.255,4127.535,4128.195,0.008
2026-10-08 18:59:00+00:00,4128.205,4128.465,4127.145,4127.145,0.015
2026-10-08 19:00:00+00:00,4127.255,4129.485,4127.255,4128.935,0.016
2026-10-08 19:01:00+00:00,4128.895,4129.985,4128.895,4129.625,0.006
2026-10-08 19:02:00+00:00,4129.625,4129.865,4127.885,4128.345,0.01
2026-10-08 19:03:00+00:00,4128.325,4128.345,4127.355,4128.175,0.008
2026-10-08 19:04:00+00:00,4128.115,4128.925,4127.815,4128.925,0.008
2026-10-08 19:05:00+00:00,4128.865,4129.975,4128.675,4129.975,0.009
2026-10-08 19:06:00+00:00,4129.845,4130.265,4129.095,4129.105,0.011
2026-10-08 19:07:00+00:00,4129.005,4129.125,4128.135,4128.655,0.009
2026-10-08 19:08:00+00:00,4128.755,4129.655,4128.725,4129.605,0.01
2026-10-08 19:09:00+00:00,4129.745,4129.905,4129.065,4129.065,0.009
2026-10-08 19:10:00+00:00,4129.175,4129.775,4129.065,4129.445,0.006
2026-10-08 19:11:00+00:00,4129.345,4130.055,4129.335,4129.815,0.01
2026-10-08 19:12:00+00:00,4129.775,4130.065,4129.515,4129.515,0.006
2026-10-08 19:13:00+00:00,4129.615,4130.935,4129.185,4130.835,0.009
2026-10-08 19:14:00+00:00,4130.585,4131.005,4130.035,4130.425,0.012
2026-10-08 19:15:00+00:00,4130.245,4130.615,4128.065,4128.325,0.014
2026-10-08 19:16:00+00:00,4128.195,4129.195,4128.155,4128.955,0.011
2026-10-08 19:17:00+00:00,4128.805,4129.185,4128.425,4128.575,0.007
2026-10-08 19:18:00+00:00,4128.465,4128.795,4128.065,4128.615,0.008
2026-10-08 19:19:00+00:00,4128.545,4129.025,4128.135,4129.025,0.007
2026-10-08 19:20:00+00:00,4128.915,4129.615,4128.105,4128.485,0.012
2026-10-08 19:21:00+00:00,4128.595,4129.325,4128.355,4128.595,0.009
2026-10-08 19:22:00+00:00,4128.755,4129.445,4128.305,4129.235,0.009
2026-10-08 19:23:00+00:00,4129.325,4130.725,4129.255,4130.605,0.008
2026-10-08 19:24:00+00:00,4130.715,4131.805,4130.625,4130.845,0.011
2026-10-08 19:25:00+00:00,4130.685,4131.065,4130.205,4130.815,0.012
2026-10-08 19:26:00+00:00,4130.905,4131.505,4130.795,4130.995,0.011
2026-10-08 19:27:00+00:00,4130.875,4132.865,4130.705,4132.505,0.012
2026-10-08 19:28:00+00:00,4132.505,4132.675,4131.435,4132.495,0.012
2026-10-08 19:29:00+00:00,4132.355,4132.355,4130.615,4130.615,0.008
2026-10-08 19:30:00+00:00,4130.615,4130.725,4129.755,4129.915,0.01
2026-10-08 19:31:00+00:00,4129.855,4131.565,4129.695,4130.885,0.011
2026-10-08 19:32:00+00:00,4130.995,4130.995,4130.165,4130.705,0.008
2026-10-08 19:33:00+00:00,4130.705,4131.305,4130.315,4130.575,0.009
2026-10-08 19:34:00+00:00,4130.575,4131.215,4130.475,4130.625,0.006
2026-10-08 19:35:00+00:00,4130.625,4130.895,4130.085,4130.435,0.008
2026-10-08 19:36:00+00:00,4130.435,4130.465,4129.745,4129.775,0.007
2026-10-08 19:37:00+00:00,4129.775,4130.975,4129.775,4130.835,0.006
2026-10-08 19:38:00+00:00,4130.835,4132.725,4130.695,4132.625,0.008
2026-10-08 19:39:00+00:00,4132.625,4134.045,4132.495,4133.915,0.009
2026-10-08 19:40:00+00:00,4133.915,4133.915,4132.625,4133.535,0.008
2026-10-08 19:41:00+00:00,4133.395,4134.685,4133.395,4134.535,0.009
2026-10-08 19:42:00+00:00,4134.485,4134.535,4133.835,4134.205,0.007
2026-10-08 19:43:00+00:00,4134.215,4134.215,4131.795,4132.055,0.007
2026-10-08 19:44:00+00:00,4132.055,4132.055,4131.025,4131.025,0.006
2026-10-08 19:45:00+00:00,4130.985,4130.985,4130.145,4130.565,0.01
2026-10-08 19:46:00+00:00,4130.565,4130.695,4128.535,4128.675,0.011
2026-10-08 19:47:00+00:00,4128.785,4129.425,4128.675,4129.425,0.008
2026-10-08 19:48:00+00:00,4129.425,4129.715,4129.175,4129.615,0.009
2026-10-08 19:49:00+00:00,4129.885,4129.885,4128.975,4129.465,0.01
2026-10-08 19:50:00+00:00,4129.615,4130.305,4129.215,4129.995,0.018
2026-10-08 19:51:00+00:00,4129.995,4130.905,4129.665,4130.905,0.008
2026-10-08 19:52:00+00:00,4130.905,4130.915,4130.215,4130.915,0.01
2026-10-08 19:53:00+00:00,4130.765,4130.905,4130.455,4130.545,0.008
2026-10-08 19:54:00+00:00,4130.545,4131.205,4130.285,4131.105,0.013
2026-10-08 19:55:00+00:00,4131.235,4132.305,4131.075,4131.315,0.014
2026-10-08 19:56:00+00:00,4131.185,4131.845,4131.045,4131.725,0.013
2026-10-08 19:57:00+00:00,4131.595,4131.635,4130.945,4131.525,0.009
2026-10-08 19:58:00+00:00,4131.675,4132.845,4131.455,4132.715,0.011
2026-10-08 19:59:00+00:00,4132.335,4133.575,4132.015,4133.575,0.014
2026-10-08 20:00:00+00:00,4133.575,4134.145,4132.715,4132.845,0.017
2026-10-08 20:01:00+00:00,4132.735,4133.365,4132.735,4133.225,0.011
2026-10-08 20:02:00+00:00,4133.225,4133.285,4132.485,4133.035,0.008
2026-10-08 20:03:00+00:00,4133.035,4134.225,4133.035,4133.965,0.008
2026-10-08 20:04:00+00:00,4133.965,4134.545,4133.315,4134.165,0.007
2026-10-08 20:05:00+00:00,4134.165,4135.475,4134.165,4135.475,0.006
2026-10-08 20:06:00+00:00,4135.385,4135.545,4134.445,4134.785,0.007
2026-10-08 20:07:00+00:00,4134.785,4135.195,4134.525,4135.195,0.006
2026-10-08 20:08:00+00:00,4135.195,4135.975,4134.555,4134.555,0.006
2026-10-08 20:09:00+00:00,4134.555,4135.235,4134.455,4135.005,0.005
2026-10-08 20:10:00+00:00,4135.075,4135.535,4135.005,4135.255,0.003
2026-10-08 20:11:00+00:00,4135.255,4135.995,4134.765,4135.005,0.005
2026-10-08 20:12:00+00:00,4135.005,4135.285,4134.895,4135.235,0.005
2026-10-08 20:13:00+00:00,4135.325,4135.415,4134.815,4135.235,0.005
2026-10-08 20:14:00+00:00,4135.105,4135.105,4134.665,4134.915,0.005
2026-10-08 20:15:00+00:00,4135.055,4135.345,4134.955,4135.345,0.002
2026-10-08 20:16:00+00:00,4135.345,4136.205,4135.345,4135.905,0.003
2026-10-08 20:17:00+00:00,4136.035,4136.035,4135.765,4136.005,0.004
2026-10-08 20:18:00+00:00,4136.125,4136.745,4136.125,4136.485,0.003
2026-10-08 20:19:00+00:00,4136.005,4136.405,4135.875,4136.005,0.004
2026-10-08 20:20:00+00:00,4136.005,4136.495,4136.005,4136.445,0.005
2026-10-08 20:21:00+00:00,4136.575,4136.735,4136.365,4136.555,0.006
2026-10-08 20:22:00+00:00,4136.555,4136.765,4136.015,4136.495,0.005
2026-10-08 20:23:00+00:00,4136.385,4136.385,4135.885,4136.325,0.002
2026-10-08 20:24:00+00:00,4136.195,4136.195,4135.605,4135.705,0.004
2026-10-08 20:25:00+00:00,4135.705,4135.845,4135.685,4135.815,0.004
2026-10-08 20:26:00+00:00,4135.815,4135.815,4135.085,4135.185,0.003
2026-10-08 20:27:00+00:00,4135.185,4135.535,4135.145,4135.415,0.005
2026-10-08 20:28:00+00:00,4135.415,4136.275,4135.415,4135.555,0.005
2026-10-08 20:29:00+00:00,4135.555,4135.555,4134.595,4134.595,0.007
2026-10-08 20:30:00+00:00,4134.735,4135.065,4134.275,4135.065,0.005
2026-10-08 20:31:00+00:00,4135.065,4135.185,4134.575,4134.785,0.006
2026-10-08 20:32:00+00:00,4134.785,4134.955,4134.635,4134.735,0.004
2026-10-08 20:33:00+00:00,4134.735,4134.985,4134.655,4134.945,0.003
2026-10-08 20:34:00+00:00,4134.825,4134.825,4134.365,4134.505,0.004
2026-10-08 20:35:00+00:00,4134.615,4134.615,4134.065,4134.065,0.002
2026-10-08 20:36:00+00:00,4134.065,4134.895,4133.925,4134.595,0.005
2026-10-08 20:37:00+00:00,4134.575,4134.575,4134.285,4134.315,0.002
2026-10-08 20:38:00+00:00,4134.315,4134.885,4134.305,4134.885,0.002
2026-10-08 20:39:00+00:00,4134.885,4134.885,4134.265,4134.265,0.003
2026-10-08 20:40:00+00:00,4134.395,4134.505,4133.985,4134.505,0.003
2026-10-08 20:41:00+00:00,4134.435,4134.435,4133.985,4134.105,0.003
2026-10-08 20:42:00+00:00,4134.105,4134.125,4133.235,4133.555,0.005
2026-10-08 20:43:00+00:00,4133.555,4133.855,4133.555,4133.725,0.006
2026-10-08 20:44:00+00:00,4133.725,4133.855,4133.245,4133.775,0.004
2026-10-08 20:45:00+00:00,4133.925,4134.335,4133.925,4134.125,0.003
2026-10-08 20:46:00+00:00,4134.125,4134.285,4133.935,4133.945,0.005
2026-10-08 20:47:00+00:00,4133.945,4133.945,4133.545,4133.545,0.003
2026-10-08 20:48:00+00:00,4133.415,4134.065,4133.285,4134.065,0.006
2026-10-08 20:49:00+00:00,4133.805,4133.805,4132.985,4133.145,0.004
2026-10-08 20:50:00+00:00,4133.275,4133.695,4132.625,4133.695,0.009
2026-10-08 20:51:00+00:00,4133.535,4133.555,4132.965,4133.095,0.004
2026-10-08 20:52:00+00:00,4133.365,4134.385,4133.365,4134.135,0.005
2026-10-08 20:53:00+00:00,4134.275,4134.485,4133.885,4133.885,0.004
2026-10-08 20:54:00+00:00,4133.735,4133.755,4133.125,4133.555,0.006
2026-10-08 20:55:00+00:00,4133.555,4133.695,4132.565,4132.835,0.006
2026-10-08 20:56:00+00:00,4132.965,4134.235,4132.865,4134.235,0.004
2026-10-08 20:57:00+00:00,4134.235,4134.525,4133.915,4133.995,0.007
2026-10-08 20:58:00+00:00,4133.945,4134.225,4133.785,4134.015,0.007
2026-10-08 20:59:00+00:00,4133.845,4134.115,4133.455,4133.565,0.008
2026-10-08 22:00:00+00:00,4135.995,4136.085,4134.695,4135.395,0.006
2026-10-08 22:01:00+00:00,4135.135,4136.615,4133.915,4135.825,0.007
2026-10-08 22:02:00+00:00,4135.645,4135.645,4132.405,4132.745,0.013
2026-10-08 22:03:00+00:00,4132.995,4133.015,4131.455,4132.055,0.007
2026-10-08 22:04:00+00:00,4132.095,4132.955,4131.615,4132.605,0.004
2026-10-08 22:05:00+00:00,4132.495,4133.674,4132.065,4133.125,0.004
2026-10-08 22:06:00+00:00,4133.225,4133.345,4132.365,4133.025,0.002
2026-10-08 22:07:00+00:00,4132.915,4133.845,4132.785,4133.585,0.002
2026-10-08 22:08:00+00:00,4133.475,4134.475,4133.435,4134.175,0.004
2026-10-08 22:09:00+00:00,4134.435,4135.635,4134.365,4135.125,0.006
2026-10-08 22:10:00+00:00,4134.945,4135.515,4134.595,4135.115,0.005
2026-10-08 22:11:00+00:00,4135.005,4136.085,4135.005,4136.025,0.005
2026-10-08 22:12:00+00:00,4135.945,4135.945,4134.605,4135.595,0.006
2026-10-08 22:13:00+00:00,4135.415,4135.995,4135.275,4135.465,0.005
2026-10-08 22:14:00+00:00,4135.565,4135.565,4133.595,4133.595,0.006
2026-10-08 22:15:00+00:00,4133.705,4134.755,4133.575,4134.315,0.005
2026-10-08 22:16:00+00:00,4134.085,4136.185,4134.085,4136.055,0.005
2026-10-08 22:17:00+00:00,4136.165,4137.645,4135.995,4136.555,0.005
2026-10-08 22:18:00+00:00,4136.675,4136.765,4136.015,4136.235,0.005
2026-10-08 22:19:00+00:00,4136.135,4136.715,4135.565,4135.655,0.006
2026-10-08 22:20:00+00:00,4135.545,4136.845,4135.475,4136.615,0.006
2026-10-08 22:21:00+00:00,4136.445,4136.655,4135.765,4136.415,0.005
2026-10-08 22:22:00+00:00,4136.585,4136.585,4136.175,4136.505,0.002
2026-10-08 22:23:00+00:00,4136.395,4137.215,4136.285,4136.845,0.004
2026-10-08 22:24:00+00:00,4136.965,4137.245,4136.795,4137.115,0.002
2026-10-08 22:25:00+00:00,4137.015,4137.915,4137.015,4137.625,0.005
2026-10-08 22:26:00+00:00,4137.785,4137.975,4137.015,4137.555,0.006
2026-10-08 22:27:00+00:00,4137.285,4137.835,4136.935,4137.205,0.008
2026-10-08 22:28:00+00:00,4137.175,4137.315,4136.795,4136.905,0.006
2026-10-08 22:29:00+00:00,4137.045,4137.455,4136.815,4137.175,0.005
2026-10-08 22:30:00+00:00,4137.075,4137.275,4136.665,4137.035,0.006
2026-10-08 22:31:00+00:00,4136.895,4137.315,4136.685,4136.835,0.005
2026-10-08 22:32:00+00:00,4136.725,4137.455,4136.725,4137.265,0.003
2026-10-08 22:33:00+00:00,4137.405,4137.695,4137.205,4137.475,0.006
2026-10-08 22:34:00+00:00,4137.475,4137.925,4137.415,4137.865,0.003
2026-10-08 22:35:00+00:00,4137.785,4138.445,4137.775,4138.155,0.006
2026-10-08 22:36:00+00:00,4138.035,4139.305,4137.985,4139.305,0.008
2026-10-08 22:37:00+00:00,4139.215,4139.365,4138.195,4138.675,0.01
2026-10-08 22:38:00+00:00,4138.545,4139.355,4138.405,4138.825,0.009
2026-10-08 22:39:00+00:00,4138.855,4138.985,4138.345,4138.745,0.005
2026-10-08 22:40:00+00:00,4138.945,4139.645,4138.925,4139.545,0.005
2026-10-08 22:41:00+00:00,4139.625,4140.455,4139.235,4139.985,0.005
2026-10-08 22:42:00+00:00,4140.145,4140.325,4139.465,4139.825,0.008
2026-10-08 22:43:00+00:00,4139.785,4140.445,4139.075,4140.255,0.008
2026-10-08 22:44:00+00:00,4140.055,4140.255,4139.545,4139.925,0.012
2026-10-08 22:45:00+00:00,4139.785,4140.315,4139.775,4140.105,0.003
2026-10-08 22:46:00+00:00,4140.105,4140.725,4140.105,4140.695,0.002
2026-10-08 22:47:00+00:00,4140.615,4141.175,4140.615,4141.175,0.006
2026-10-08 22:48:00+00:00,4141.095,4141.095,4140.835,4140.835,0.004
2026-10-08 22:49:00+00:00,4140.675,4140.675,4139.985,4140.545,0.007
2026-10-08 22:50:00+00:00,4140.385,4140.545,4139.995,4140.305,0.005
2026-10-08 22:51:00+00:00,4140.195,4140.455,4139.995,4140.285,0.006
2026-10-08 22:52:00+00:00,4140.135,4140.135,4138.605,4138.895,0.006
2026-10-08 22:53:00+00:00,4138.895,4139.035,4138.325,4138.435,0.005
2026-10-08 22:54:00+00:00,4138.435,4138.945,4138.435,4138.945,0.002
2026-10-08 22:55:00+00:00,4138.945,4139.345,4138.505,4139.185,0.005
2026-10-08 22:56:00+00:00,4139.185,4139.435,4138.875,4139.165,0.005
2026-10-08 22:57:00+00:00,4139.165,4139.285,4139.165,4139.175,0.001
2026-10-08 22:58:00+00:00,4139.245,4139.245,4138.195,4138.195,0.001
2026-10-08 22:59:00+00:00,4138.315,4138.535,4138.315,4138.535,0.001
2026-10-08 23:00:00+00:00,4138.675,4138.685,4138.035,4138.035,0.002
2026-10-08 23:01:00+00:00,4138.155,4138.155,4136.275,4136.385,0.003
2026-10-08 23:02:00+00:00,4136.715,4137.255,4136.715,4136.755,0.002
2026-10-08 23:03:00+00:00,4136.795,4137.445,4136.795,4137.195,0.001
2026-10-08 23:04:00+00:00,4137.085,4140.465,4137.085,4140.295,0.004
2026-10-08 23:05:00+00:00,4140.145,4140.255,4139.675,4140.225,0.001
2026-10-08 23:06:00+00:00,4140.075,4140.555,4139.955,4140.235,0.002
2026-10-08 23:07:00+00:00,4140.345,4140.645,4140.235,4140.235,0.001
2026-10-08 23:08:00+00:00,4140.255,4140.255,4139.795,4140.165,0.001
2026-10-08 23:09:00+00:00,4140.285,4142.445,4140.285,4142.195,0.003
2026-10-08 23:10:00+00:00,4142.035,4142.305,4141.725,4141.725,0.003
2026-10-08 23:11:00+00:00,4141.715,4141.725,4141.285,4141.405,0.003
2026-10-08 23:12:00+00:00,4141.505,4141.505,4140.985,4141.095,0.003
2026-10-08 23:13:00+00:00,4140.965,4140.965,4140.205,4140.545,0.003
2026-10-08 23:14:00+00:00,4140.545,4140.885,4140.545,4140.665,0.001
2026-10-08 23:15:00+00:00,4140.505,4141.005,4140.505,4140.775,0.003
2026-10-08 23:16:00+00:00,4140.895,4141.095,4140.795,4140.955,0.001
2026-10-08 23:17:00+00:00,4141.055,4141.555,4140.495,4141.555,0.003
2026-10-08 23:18:00+00:00,4141.705,4142.645,4141.515,4142.645,0.004
2026-10-08 23:19:00+00:00,4142.795,4143.085,4142.335,4142.475,0.002
2026-10-08 23:20:00+00:00,4142.475,4143.775,4142.445,4143.635,0.003
2026-10-08 23:21:00+00:00,4143.595,4144.935,4143.595,4144.625,0.008
2026-10-08 23:22:00+00:00,4144.595,4144.625,4143.375,4143.445,0.003
2026-10-08 23:23:00+00:00,4143.445,4143.455,4142.965,4143.195,0.003
2026-10-08 23:24:00+00:00,4143.115,4143.985,4142.995,4143.905,0.002
2026-10-08 23:25:00+00:00,4143.755,4143.755,4143.225,4143.245,0.001
2026-10-08 23:26:00+00:00,4143.275,4143.325,4142.615,4142.615,0.004
2026-10-08 23:27:00+00:00,4142.565,4142.615,4141.575,4141.635,0.003
2026-10-08 23:28:00+00:00,4141.635,4143.095,4141.635,4142.995,0.003
2026-10-08 23:29:00+00:00,4142.495,4142.905,4141.585,4141.885,0.006
2026-10-08 23:30:00+00:00,4141.885,4143.505,4141.505,4143.445,0.007
2026-10-08 23:31:00+00:00,4143.575,4144.365,4141.915,4142.365,0.011
2026-10-08 23:32:00+00:00,4142.365,4143.025,4142.365,4143.025,0.004
2026-10-08 23:33:00+00:00,4142.925,4143.175,4142.765,4143.055,0.001
2026-10-08 23:34:00+00:00,4143.095,4143.095,4142.345,4142.345,0.002
2026-10-08 23:35:00+00:00,4142.195,4143.545,4142.195,4143.155,0.005
2026-10-08 23:36:00+00:00,4143.115,4143.115,4141.885,4142.455,0.003
2026-10-08 23:37:00+00:00,4142.605,4142.745,4142.535,4142.535,0.002
2026-10-08 23:38:00+00:00,4142.615,4142.915,4142.065,4142.065,0.003
2026-10-08 23:39:00+00:00,4142.215,4142.815,4142.215,4142.475,0.001
2026-10-08 23:40:00+00:00,4142.475,4142.935,4142.475,4142.935,0.001
2026-10-08 23:41:00+00:00,4142.935,4143.045,4142.525,4142.615,0.001
2026-10-08 23:42:00+00:00,4142.675,4142.675,4141.805,4141.805,0.003
2026-10-08 23:43:00+00:00,4141.805,4141.945,4141.375,4141.455,0.003
2026-10-08 23:44:00+00:00,4141.365,4141.745,4141.185,4141.435,0.002
2026-10-08 23:45:00+00:00,4141.455,4141.765,4141.245,4141.305,0.002
2026-10-08 23:46:00+00:00,4141.305,4141.405,4140.465,4140.655,0.005
2026-10-08 23:47:00+00:00,4140.655,4140.655,4140.255,4140.265,0.004
2026-10-08 23:48:00+00:00,4140.265,4140.825,4139.985,4139.985,0.004
2026-10-08 23:49:00+00:00,4140.145,4141.705,4140.145,4141.705,0.005
2026-10-08 23:50:00+00:00,4141.705,4143.415,4141.545,4142.905,0.006
2026-10-08 23:51:00+00:00,4142.805,4143.035,4142.205,4142.745,0.005
2026-10-08 23:52:00+00:00,4142.855,4144.235,4142.575,4144.235,0.005
2026-10-08 23:53:00+00:00,4144.275,4144.695,4143.545,4144.425,0.006
2026-10-08 23:54:00+00:00,4144.415,4144.425,4143.935,4143.935,0.002
2026-10-08 23:55:00+00:00,4143.935,4145.535,4143.935,4144.255,0.009
2026-10-08 23:56:00+00:00,4144.215,4144.505,4143.325,4143.545,0.009
2026-10-08 23:57:00+00:00,4143.715,4144.435,4143.715,4144.435,0.005
2026-10-08 23:58:00+00:00,4144.435,4145.065,4144.195,4144.795,0.004
2026-10-08 23:59:00+00:00,4144.685,4145.385,4144.465,4145.085,0.008
2026-10-09 00:00:00+00:00,4145.085,4149.655,4144.735,4148.405,0.029
2026-10-09 00:01:00+00:00,4148.405,4149.155,4148.075,4148.995,0.016
2026-10-09 00:02:00+00:00,4148.865,4149.605,4147.725,4147.725,0.007
2026-10-09 00:03:00+00:00,4147.895,4149.385,4147.895,4148.865,0.006
2026-10-09 00:04:00+00:00,4148.865,4149.245,4148.325,4148.595,0.006
2026-10-09 00:05:00+00:00,4148.695,4149.585,4148.565,4149.035,0.007
2026-10-09 00:06:00+00:00,4148.915,4149.455,4148.155,4148.855,0.008
2026-10-09 00:07:00+00:00,4148.855,4150.935,4148.695,4150.325,0.011
2026-10-09 00:08:00+00:00,4150.205,4150.205,4146.625,4147.145,0.016
2026-10-09 00:09:00+00:00,4147.035,4147.745,4143.915,4144.145,0.016
2026-10-09 00:10:00+00:00,4144.025,4145.275,4143.775,4144.875,0.016
2026-10-09 00:11:00+00:00,4144.825,4144.965,4143.735,4144.055,0.012
2026-10-09 00:12:00+00:00,4143.895,4147.095,4143.715,4146.725,0.015
2026-10-09 00:13:00+00:00,4146.635,4147.275,4146.475,4146.975,0.01
2026-10-09 00:14:00+00:00,4147.425,4148.155,4146.065,4146.645,0.014
2026-10-09 00:15:00+00:00,4146.645,4149.085,4146.385,4146.935,0.013
2026-10-09 00:16:00+00:00,4146.775,4148.715,4146.775,4148.675,0.012
2026-10-09 00:17:00+00:00,4148.755,4149.515,4148.095,4149.215,0.015
2026-10-09 00:18:00+00:00,4149.345,4149.405,4148.425,4148.995,0.008
2026-10-09 00:19:00+00:00,4148.875,4149.185,4148.435,4148.605,0.007
2026-10-09 00:20:00+00:00,4148.485,4149.775,4148.365,4148.905,0.009
2026-10-09 00:21:00+00:00,4148.825,4148.905,4147.405,4147.725,0.009
2026-10-09 00:22:00+00:00,4147.725,4147.865,4145.965,4145.965,0.01
2026-10-09 00:23:00+00:00,4145.845,4145.845,4143.865,4143.925,0.013
2026-10-09 00:24:00+00:00,4143.765,4143.775,4142.875,4143.095,0.011
2026-10-09 00:25:00+00:00,4142.985,4143.485,4142.455,4142.995,0.008
2026-10-09 00:26:00+00:00,4142.975,4143.485,4142.095,4142.945,0.009
2026-10-09 00:27:00+00:00,4142.945,4143.095,4142.335,4142.525,0.006
2026-10-09 00:28:00+00:00,4142.405,4142.755,4142.315,4142.425,0.004
2026-10-09 00:29:00+00:00,4142.305,4145.045,4142.305,4144.165,0.009
2026-10-09 00:30:00+00:00,4143.915,4145.275,4143.645,4144.285,0.012
2026-10-09 00:31:00+00:00,4144.405,4146.705,4144.405,4146.405,0.01
2026-10-09 00:32:00+00:00,4146.315,4148.445,4146.205,4146.415,0.011
2026-10-09 00:33:00+00:00,4146.474,4148.425,4146.474,4148.425,0.01
2026-10-09 00:34:00+00:00,4148.365,4150.435,4148.365,4150.025,0.009
2026-10-09 00:35:00+00:00,4149.995,4150.025,4149.125,4149.235,0.008
2026-10-09 00:36:00+00:00,4149.205,4149.335,4148.585,4149.005,0.009
2026-10-09 00:37:00+00:00,4149.005,4149.055,4148.185,4148.345,0.004
2026-10-09 00:38:00+00:00,4148.315,4148.735,4148.075,4148.075,0.004
2026-10-09 00:39:00+00:00,4148.025,4148.345,4147.315,4147.315,0.008
2026-10-09 00:40:00+00:00,4147.465,4149.215,4147.075,4148.935,0.009
2026-10-09 00:41:00+00:00,4149.085,4149.895,4149.085,4149.615,0.004
2026-10-09 00:42:00+00:00,4149.725,4150.425,4149.695,4150.125,0.004
2026-10-09 00:43:00+00:00,4150.055,4150.125,4147.915,4148.085,0.006
2026-10-09 00:44:00+00:00,4147.955,4148.665,4147.765,4148.515,0.004
2026-10-09 00:45:00+00:00,4148.615,4149.295,4148.545,4148.925,0.005
2026-10-09 00:46:00+00:00,4148.755,4148.755,4145.885,4145.885,0.008
2026-10-09 00:47:00+00:00,4145.885,4146.455,4144.355,4144.495,0.006
2026-10-09 00:48:00+00:00,4144.465,4144.715,4144.045,4144.055,0.007
2026-10-09 00:49:00+00:00,4144.045,4145.585,4143.935,4145.145,0.004
2026-10-09 00:50:00+00:00,4145.275,4145.585,4144.695,4144.705,0.003
2026-10-09 00:51:00+00:00,4144.585,4144.585,4143.155,4143.275,0.007
2026-10-09 00:52:00+00:00,4143.155,4144.385,4142.665,4144.385,0.008
2026-10-09 00:53:00+00:00,4144.355,4144.905,4144.255,4144.285,0.006
2026-10-09 00:54:00+00:00,4144.125,4145.975,4144.125,4145.825,0.008
2026-10-09 00:55:00+00:00,4145.825,4146.465,4145.705,4146.185,0.005
2026-10-09 00:56:00+00:00,4145.895,4147.165,4145.785,4147.045,0.01
2026-10-09 00:57:00+00:00,4146.675,4146.765,4144.735,4145.255,0.009
2026-10-09 00:58:00+00:00,4145.095,4145.475,4143.535,4143.535,0.007
2026-10-09 00:59:00+00:00,4143.355,4145.515,4143.355,4143.755,0.01
2026-10-09 01:00:00+00:00,4143.715,4146.565,4143.505,4146.475,0.033
2026-10-09 01:01:00+00:00,4146.335,4150.175,4146.215,4149.535,0.029
2026-10-09 01:02:00+00:00,4149.695,4149.695,4147.575,4149.295,0.024
2026-10-09 01:03:00+00:00,4149.445,4150.075,4147.395,4148.305,0.019
2026-10-09 01:04:00+00:00,4148.505,4150.275,4147.915,4149.485,0.023
2026-10-09 01:05:00+00:00,4149.405,4151.035,4148.585,4148.855,0.022
2026-10-09 01:06:00+00:00,4148.585,4149.345,4147.825,4148.125,0.019
2026-10-09 01:07:00+00:00,4148.125,4149.735,4147.845,4148.765,0.027
2026-10-09 01:08:00+00:00,4148.895,4151.135,4148.895,4150.325,0.025
2026-10-09 01:09:00+00:00,4150.325,4151.425,4150.325,4150.775,0.018
2026-10-09 01:10:00+00:00,4150.645,4151.815,4150.565,4151.345,0.011
2026-10-09 01:11:00+00:00,4151.025,4153.425,4149.795,4151.905,0.028
2026-10-09 01:12:00+00:00,4152.255,4153.845,4151.655,4153.205,0.017
2026-10-09 01:13:00+00:00,4153.355,4156.705,4152.185,4156.385,0.026
2026-10-09 01:14:00+00:00,4156.545,4156.735,4154.795,4155.995,0.015
2026-10-09 01:15:00+00:00,4156.145,4158.425,4156.145,4157.025,0.02
2026-10-09 01:16:00+00:00,4157.145,4157.685,4156.555,4157.685,0.016
2026-10-09 01:17:00+00:00,4157.825,4158.395,4156.755,4157.035,0.021
2026-10-09 01:18:00+00:00,4156.925,4157.475,4156.105,4156.835,0.017
2026-10-09 01:19:00+00:00,4156.835,4157.505,4156.615,4156.615,0.016
2026-10-09 01:20:00+00:00,4156.615,4157.465,4156.365,4157.145,0.017
2026-10-09 01:21:00+00:00,4157.015,4159.005,4157.015,4158.335,0.012
2026-10-09 01:22:00+00:00,4158.245,4161.065,4157.965,4160.775,0.021
2026-10-09 01:23:00+00:00,4160.775,4163.385,4160.725,4161.595,0.022
2026-10-09 01:24:00+00:00,4161.295,4161.665,4160.595,4161.595,0.014
2026-10-09 01:25:00+00:00,4161.595,4163.465,4160.935,4163.185,0.019
2026-10-09 01:26:00+00:00,4163.185,4163.325,4161.455,4162.815,0.015
2026-10-09 01:27:00+00:00,4162.695,4164.085,4161.665,4162.155,0.016
2026-10-09 01:28:00+00:00,4162.155,4162.865,4162.145,4162.625,0.017
2026-10-09 01:29:00+00:00,4162.765,4163.815,4161.735,4161.785,0.018
2026-10-09 01:30:00+00:00,4161.785,4164.355,4161.785,4162.475,0.024
2026-10-09 01:31:00+00:00,4162.625,4165.395,4162.625,4164.565,0.018
2026-10-09 01:32:00+00:00,4164.415,4167.265,4164.415,4166.395,0.019
2026-10-09 01:33:00+00:00,4166.395,4167.275,4165.535,4166.215,0.019
2026-10-09 01:34:00+00:00,4166.215,4169.015,4166.205,4167.945,0.024
2026-10-09 01:35:00+00:00,4168.095,4170.465,4167.955,4169.995,0.02
2026-10-09 01:36:00+00:00,4169.995,4170.565,4169.805,4170.015,0.014
2026-10-09 01:37:00+00:00,4170.015,4171.565,4169.545,4170.545,0.018
2026-10-09 01:38:00+00:00,4170.575,4171.225,4168.835,4169.205,0.024
2026-10-09 01:39:00+00:00,4169.355,4170.515,4168.835,4169.825,0.02
2026-10-09 01:40:00+00:00,4169.825,4172.855,4169.655,4171.435,0.028
2026-10-09 01:41:00+00:00,4171.115,4174.445,4170.885,4174.275,0.028
2026-10-09 01:42:00+00:00,4174.275,4174.415,4172.435,4172.435,0.018
2026-10-09 01:43:00+00:00,4172.305,4172.995,4171.662,4172.145,0.014
2026-10-09 01:44:00+00:00,4172.545,4172.545,4169.595,4169.635,0.013
2026-10-09 01:45:00+00:00,4169.655,4170.875,4169.655,4170.435,0.012
2026-10-09 01:46:00+00:00,4170.305,4171.285,4169.955,4171.285,0.019
2026-10-09 01:47:00+00:00,4171.285,4174.305,4171.035,4174.175,0.019
2026-10-09 01:48:00+00:00,4174.175,4174.755,4173.775,4174.055,0.018
2026-10-09 01:49:00+00:00,4174.055,4174.395,4173.725,4173.855,0.013
2026-10-09 01:50:00+00:00,4173.855,4174.685,4173.685,4174.315,0.014
2026-10-09 01:51:00+00:00,4174.275,4174.385,4173.005,4173.245,0.014
2026-10-09 01:52:00+00:00,4173.245,4174.785,4173.105,4174.645,0.016
2026-10-09 01:53:00+00:00,4174.515,4175.125,4173.785,4173.855,0.012
2026-10-09 01:54:00+00:00,4173.855,4173.855,4172.495,4172.495,0.018
2026-10-09 01:55:00+00:00,4172.605,4173.175,4172.365,4173.075,0.011
2026-10-09 01:56:00+00:00,4173.055,4173.465,4172.035,4172.495,0.013
2026-10-09 01:57:00+00:00,4172.495,4173.915,4172.495,4173.625,0.011
2026-10-09 01:58:00+00:00,4173.475,4175.145,4173.435,4174.575,0.014
2026-10-09 01:59:00+00:00,4174.575,4175.825,4174.575,4175.525,0.011
2026-10-09 02:00:00+00:00,4175.355,4175.365,4174.575,4174.685,0.017
2026-10-09 02:01:00+00:00,4174.685,4175.685,4174.685,4175.135,0.013
2026-10-09 02:02:00+00:00,4175.165,4176.295,4173.475,4173.695,0.026
2026-10-09 02:03:00+00:00,4173.695,4175.075,4173.545,4175.075,0.017
2026-10-09 02:04:00+00:00,4175.225,4177.485,4172.605,4172.745,0.029
2026-10-09 02:05:00+00:00,4172.695,4173.235,4171.705,4172.435,0.02
2026-10-09 02:06:00+00:00,4172.615,4172.635,4170.735,4170.765,0.016
2026-10-09 02:07:00+00:00,4170.775,4172.415,4170.765,4172.025,0.01
2026-10-09 02:08:00+00:00,4171.905,4172.995,4171.015,4172.995,0.011
2026-10-09 02:09:00+00:00,4172.875,4172.915,4171.675,4172.915,0.004
2026-10-09 02:10:00+00:00,4173.025,4174.745,4172.875,4173.035,0.009
2026-10-09 02:11:00+00:00,4172.965,4172.965,4171.525,4172.285,0.007
2026-10-09 02:12:00+00:00,4172.155,4172.335,4171.745,4171.895,0.004
2026-10-09 02:13:00+00:00,4172.005,4172.465,4171.465,4172.045,0.005
2026-10-09 02:14:00+00:00,4171.915,4172.025,4170.945,4171.065,0.006
2026-10-09 02:15:00+00:00,4170.815,4171.555,4170.385,4171.355,0.009
2026-10-09 02:16:00+00:00,4171.395,4172.045,4170.765,4171.805,0.012
2026-10-09 02:17:00+00:00,4171.835,4173.375,4171.835,4173.265,0.013
2026-10-09 02:18:00+00:00,4173.415,4173.765,4172.035,4172.465,0.014
2026-10-09 02:19:00+00:00,4172.465,4172.615,4171.165,4171.945,0.011
2026-10-09 02:20:00+00:00,4171.815,4172.035,4171.245,4171.345,0.007
2026-10-09 02:21:00+00:00,4171.425,4171.665,4171.355,4171.665,0.003
2026-10-09 02:22:00+00:00,4171.965,4172.785,4171.505,4172.665,0.003
2026-10-09 02:23:00+00:00,4172.745,4172.915,4172.115,4172.115,0.004
2026-10-09 02:24:00+00:00,4171.965,4172.545,4171.925,4171.985,0.002
2026-10-09 02:25:00+00:00,4171.955,4171.955,4171.345,4171.895,0.004
2026-10-09 02:26:00+00:00,4171.755,4172.085,4171.465,4171.855,0.003
2026-10-09 02:27:00+00:00,4171.965,4172.075,4171.395,4171.895,0.003
2026-10-09 02:28:00+00:00,4171.885,4172.365,4171.315,4172.245,0.003
2026-10-09 02:29:00+00:00,4172.385,4172.385,4171.235,4171.235,0.002
2026-10-09 02:30:00+00:00,4171.345,4171.765,4169.945,4170.425,0.011
2026-10-09 02:31:00+00:00,4170.555,4171.125,4170.445,4170.925,0.005
2026-10-09 02:32:00+00:00,4170.745,4171.935,4170.565,4171.905,0.005
2026-10-09 02:33:00+00:00,4172.045,4173.135,4172.045,4172.995,0.008
2026-10-09 02:34:00+00:00,4172.885,4173.155,4170.745,4172.235,0.014
2026-10-09 02:35:00+00:00,4172.185,4173.085,4171.005,4172.955,0.012
2026-10-09 02:36:00+00:00,4172.955,4173.835,4172.425,4173.325,0.017
2026-10-09 02:37:00+00:00,4173.325,4175.045,4173.325,4174.765,0.016
2026-10-09 02:38:00+00:00,4174.765,4177.685,4174.605,4177.255,0.017
2026-10-09 02:39:00+00:00,4177.255,4177.925,4176.655,4177.215,0.016
2026-10-09 02:40:00+00:00,4177.175,4178.065,4176.265,4176.395,0.015
2026-10-09 02:41:00+00:00,4176.545,4177.785,4176.185,4177.785,0.013
2026-10-09 02:42:00+00:00,4177.765,4178.145,4177.335,4177.335,0.009
2026-10-09 02:43:00+00:00,4177.185,4177.735,4176.385,4177.305,0.012
2026-10-09 02:44:00+00:00,4177.305,4177.465,4175.655,4176.005,0.013
2026-10-09 02:45:00+00:00,4175.935,4178.425,4175.285,4177.555,0.019
2026-10-09 02:46:00+00:00,4177.555,4177.855,4176.995,4177.155,0.009
2026-10-09 02:47:00+00:00,4177.155,4177.155,4175.365,4175.985,0.009
2026-10-09 02:48:00+00:00,4175.975,4176.425,4175.485,4175.625,0.008
2026-10-09 02:49:00+00:00,4175.585,4176.185,4175.155,4176.185,0.01
2026-10-09 02:50:00+00:00,4176.105,4176.495,4175.625,4176.395,0.01
2026-10-09 02:51:00+00:00,4176.495,4176.875,4175.945,4176.235,0.014
2026-10-09 02:52:00+00:00,4176.305,4176.865,4176.115,4176.735,0.009
2026-10-09 02:53:00+00:00,4176.635,4177.945,4176.315,4177.945,0.008
2026-10-09 02:54:00+00:00,4177.945,4178.485,4177.945,4178.255,0.01
2026-10-09 02:55:00+00:00,4178.255,4179.275,4178.255,4179.035,0.015
2026-10-09 02:56:00+00:00,4179.035,4179.385,4178.875,4179.245,0.015
2026-10-09 02:57:00+00:00,4179.245,4179.885,4179.075,4179.175,0.014
2026-10-09 02:58:00+00:00,4179.325,4180.345,4179.245,4179.895,0.015
2026-10-09 02:59:00+00:00,4179.735,4179.735,4178.375,4178.375,0.013
2026-10-09 03:00:00+00:00,4178.375,4178.905,4177.545,4177.855,0.015
2026-10-09 03:01:00+00:00,4177.855,4177.865,4176.815,4176.895,0.01
2026-10-09 03:02:00+00:00,4176.885,4177.025,4175.445,4175.615,0.014
2026-10-09 03:03:00+00:00,4175.625,4175.925,4174.225,4174.225,0.012
2026-10-09 03:04:00+00:00,4174.365,4175.865,4174.365,4175.865,0.018
2026-10-09 03:05:00+00:00,4175.865,4176.915,4175.865,4176.915,0.016
2026-10-09 03:06:00+00:00,4176.915,4176.915,4174.755,4175.245,0.017
2026-10-09 03:07:00+00:00,4175.245,4175.245,4174.445,4174.875,0.006
2026-10-09 03:08:00+00:00,4174.725,4174.855,4173.885,4174.295,0.01
2026-10-09 03:09:00+00:00,4174.295,4175.365,4174.175,4174.705,0.011
2026-10-09 03:10:00+00:00,4174.705,4175.915,4174.705,4175.035,0.011
2026-10-09 03:11:00+00:00,4174.935,4176.175,4174.935,4175.995,0.01
2026-10-09 03:12:00+00:00,4175.995,4177.545,4175.995,4176.895,0.013
2026-10-09 03:13:00+00:00,4177.045,4177.325,4175.735,4175.885,0.008
2026-10-09 03:14:00+00:00,4175.595,4175.755,4175.225,4175.685,0.007
2026-10-09 03:15:00+00:00,4175.525,4176.215,4175.065,4176.215,0.01
2026-10-09 03:16:00+00:00,4176.155,4176.335,4175.815,4176.085,0.008
2026-10-09 03:17:00+00:00,4176.085,4176.205,4174.905,4175.475,0.01
2026-10-09 03:18:00+00:00,4175.475,4175.975,4175.475,4175.975,0.006
2026-10-09 03:19:00+00:00,4175.975,4176.245,4174.905,4174.915,0.01
2026-10-09 03:20:00+00:00,4174.915,4175.045,4174.335,4174.755,0.01
2026-10-09 03:21:00+00:00,4174.905,4176.265,4174.765,4176.005,0.008
2026-10-09 03:22:00+00:00,4175.975,4176.005,4175.185,4175.405,0.006
2026-10-09 03:23:00+00:00,4175.345,4175.345,4174.475,4174.745,0.005
2026-10-09 03:24:00+00:00,4174.865,4175.495,4174.835,4175.445,0.008
2026-10-09 03:25:00+00:00,4175.445,4177.815,4175.345,4177.545,0.009
2026-10-09 03:26:00+00:00,4177.385,4177.775,4176.835,4177.145,0.006
2026-10-09 03:27:00+00:00,4176.955,4177.235,4176.755,4176.885,0.007
2026-10-09 03:28:00+00:00,4176.815,4179.185,4176.545,4177.515,0.013
2026-10-09 03:29:00+00:00,4177.515,4178.475,4177.515,4178.315,0.008
2026-10-09 03:30:00+00:00,4178.315,4178.415,4175.845,4175.995,0.014
2026-10-09 03:31:00+00:00,4175.995,4177.015,4175.995,4176.565,0.006
2026-10-09 03:32:00+00:00,4176.565,4176.565,4175.935,4175.965,0.006
2026-10-09 03:33:00+00:00,4175.825,4176.255,4175.705,4176.065,0.005
2026-10-09 03:34:00+00:00,4176.215,4176.305,4176.025,4176.075,0.004
2026-10-09 03:35:00+00:00,4175.935,4176.715,4175.885,4176.105,0.008
2026-10-09 03:36:00+00:00,4176.105,4176.505,4176.105,4176.335,0.006
2026-10-09 03:37:00+00:00,4176.335,4176.335,4175.645,4176.025,0.007
2026-10-09 03:38:00+00:00,4176.025,4176.815,4176.025,4176.345,0.008
2026-10-09 03:39:00+00:00,4176.355,4176.465,4176.095,4176.095,0.003
2026-10-09 03:40:00+00:00,4176.095,4176.095,4175.485,4175.485,0.006
2026-10-09 03:41:00+00:00,4175.485,4175.785,4175.485,4175.525,0.002
2026-10-09 03:42:00+00:00,4175.525,4177.435,4175.395,4177.005,0.013
2026-10-09 03:43:00+00:00,4177.155,4177.625,4176.785,4177.215,0.012
2026-10-09 03:44:00+00:00,4177.315,4177.715,4175.545,4175.555,0.016
2026-10-09 03:45:00+00:00,4175.445,4176.275,4175.145,4175.425,0.007
2026-10-09 03:46:00+00:00,4175.315,4176.485,4175.315,4176.485,0.006
2026-10-09 03:47:00+00:00,4176.485,4177.315,4176.485,4176.935,0.004
2026-10-09 03:48:00+00:00,4176.935,4177.525,4176.785,4177.225,0.005
2026-10-09 03:49:00+00:00,4177.085,4178.955,4176.305,4177.765,0.02
2026-10-09 03:50:00+00:00,4177.705,4178.415,4176.585,4176.715,0.012
2026-10-09 03:51:00+00:00,4176.825,4177.565,4176.615,4177.355,0.008
2026-10-09 03:52:00+00:00,4177.355,4177.995,4177.015,4177.995,0.006
2026-10-09 03:53:00+00:00,4177.995,4178.875,4177.965,4178.775,0.009
2026-10-09 03:54:00+00:00,4178.875,4179.115,4178.575,4178.575,0.007
2026-10-09 03:55:00+00:00,4178.695,4180.615,4178.695,4179.425,0.01
2026-10-09 03:56:00+00:00,4179.285,4180.135,4178.895,4180.135,0.008
2026-10-09 03:57:00+00:00,4180.255,4180.345,4179.015,4179.025,0.007
2026-10-09 03:58:00+00:00,4178.985,4179.025,4178.385,4178.385,0.005
2026-10-09 03:59:00+00:00,4178.275,4178.505,4177.995,4178.015,0.007
2026-10-09 04:00:00+00:00,4178.325,4178.855,4178.165,4178.825,0.007
2026-10-09 04:01:00+00:00,4178.825,4179.455,4178.535,4179.245,0.011
2026-10-09 04:02:00+00:00,4179.145,4179.885,4179.025,4179.215,0.007
2026-10-09 04:03:00+00:00,4179.115,4179.215,4178.325,4178.325,0.005
2026-10-09 04:04:00+00:00,4178.325,4178.895,4178.325,4178.435,0.005
2026-10-09 04:05:00+00:00,4178.345,4179.215,4177.985,4179.215,0.009
2026-10-09 04:06:00+00:00,4179.135,4179.145,4178.545,4178.995,0.006
2026-10-09 04:07:00+00:00,4178.915,4179.485,4178.805,4179.485,0.005
2026-10-09 04:08:00+00:00,4179.485,4179.835,4178.895,4179.075,0.006
2026-10-09 04:09:00+00:00,4179.075,4179.505,4178.255,4178.595,0.006
2026-10-09 04:10:00+00:00,4178.595,4178.825,4177.975,4178.595,0.006
2026-10-09 04:11:00+00:00,4178.725,4179.835,4178.725,4179.835,0.007
2026-10-09 04:12:00+00:00,4179.835,4180.495,4179.765,4180.255,0.006
2026-10-09 04:13:00+00:00,4180.255,4180.935,4179.285,4179.825,0.008
2026-10-09 04:14:00+00:00,4179.895,4179.895,4178.835,4179.855,0.006
2026-10-09 04:15:00+00:00,4179.815,4180.105,4179.315,4179.465,0.005
2026-10-09 04:16:00+00:00,4179.455,4180.605,4179.435,4180.305,0.005
2026-10-09 04:17:00+00:00,4180.305,4180.535,4179.605,4179.735,0.003
2026-10-09 04:18:00+00:00,4179.685,4180.235,4179.605,4180.185,0.003
2026-10-09 04:19:00+00:00,4180.185,4180.455,4180.035,4180.095,0.005
2026-10-09 04:20:00+00:00,4179.955,4182.665,4179.835,4182.665,0.01
2026-10-09 04:21:00+00:00,4182.665,4183.005,4182.145,4183.005,0.008
2026-10-09 04:22:00+00:00,4183.005,4183.005,4182.585,4182.715,0.005
2026-10-09 04:23:00+00:00,4182.715,4182.945,4182.575,4182.805,0.006
2026-10-09 04:24:00+00:00,4182.805,4182.805,4182.525,4182.805,0.005
2026-10-09 04:25:00+00:00,4182.805,4183.505,4182.505,4183.465,0.008
2026-10-09 04:26:00+00:00,4183.395,4183.605,4183.055,4183.315,0.005
2026-10-09 04:27:00+00:00,4183.335,4183.335,4182.965,4183.015,0.005
2026-10-09 04:28:00+00:00,4182.945,4182.945,4182.475,4182.625,0.004
2026-10-09 04:29:00+00:00,4182.775,4182.775,4182.105,4182.705,0.003
2026-10-09 04:30:00+00:00,4182.865,4184.505,4182.555,4183.605,0.015
2026-10-09 04:31:00+00:00,4183.605,4183.745,4183.125,4183.125,0.011
2026-10-09 04:32:00+00:00,4183.135,4184.405,4183.075,4184.305,0.011
2026-10-09 04:33:00+00:00,4184.295,4184.655,4184.165,4184.625,0.018
2026-10-09 04:34:00+00:00,4184.625,4185.215,4184.555,4185.025,0.011
2026-10-09 04:35:00+00:00,4185.025,4186.275,4185.015,4185.265,0.013
2026-10-09 04:36:00+00:00,4185.095,4185.255,4184.375,4184.775,0.009
2026-10-09 04:37:00+00:00,4184.705,4184.775,4183.965,4184.455,0.007
2026-10-09 04:38:00+00:00,4184.595,4184.595,4184.005,4184.005,0.005
2026-10-09 04:39:00+00:00,4184.145,4184.405,4183.425,4183.555,0.008
2026-10-09 04:40:00+00:00,4183.555,4184.135,4183.425,4183.585,0.007
2026-10-09 04:41:00+00:00,4183.485,4183.945,4182.965,4183.135,0.009
2026-10-09 04:42:00+00:00,4183.265,4183.645,4183.135,4183.135,0.007
2026-10-09 04:43:00+00:00,4183.135,4183.475,4182.865,4183.055,0.006
2026-10-09 04:44:00+00:00,4183.055,4183.195,4181.725,4182.205,0.01
2026-10-09 04:45:00+00:00,4182.055,4182.055,4180.575,4180.695,0.01
2026-10-09 04:46:00+00:00,4180.695,4180.935,4179.245,4179.245,0.01
2026-10-09 04:47:00+00:00,4179.145,4179.915,4178.245,4179.065,0.014
2026-10-09 04:48:00+00:00,4179.065,4179.325,4178.615,4178.785,0.006
2026-10-09 04:49:00+00:00,4178.505,4178.505,4177.725,4178.255,0.009
2026-10-09 04:50:00+00:00,4178.155,4178.965,4177.345,4178.035,0.013
2026-10-09 04:51:00+00:00,4178.035,4178.775,4177.625,4178.775,0.009
2026-10-09 04:52:00+00:00,4178.775,4178.775,4177.805,4177.855,0.009
2026-10-09 04:53:00+00:00,4177.745,4177.945,4177.555,4177.565,0.007
2026-10-09 04:54:00+00:00,4177.525,4178.475,4177.525,4178.265,0.007
2026-10-09 04:55:00+00:00,4178.265,4178.805,4177.675,4178.305,0.007
2026-10-09 04:56:00+00:00,4178.595,4179.905,4178.595,4179.825,0.009
2026-10-09 04:57:00+00:00,4179.805,4180.995,4179.805,4180.995,0.013
2026-10-09 04:58:00+00:00,4180.955,4182.425,4180.825,4182.045,0.013
2026-10-09 04:59:00+00:00,4182.085,4182.355,4181.385,4182.225,0.012
2026-10-09 05:00:00+00:00,4182.495,4185.515,4182.395,4185.255,0.019
2026-10-09 05:01:00+00:00,4185.245,4187.055,4185.165,4186.255,0.017
2026-10-09 05:02:00+00:00,4186.255,4188.225,4186.225,4188.065,0.015
2026-10-09 05:03:00+00:00,4188.155,4188.455,4186.495,4187.305,0.019
2026-10-09 05:04:00+00:00,4187.255,4187.415,4183.615,4184.875,0.021
2026-10-09 05:05:00+00:00,4184.995,4185.025,4182.925,4183.635,0.019
2026-10-09 05:06:00+00:00,4183.625,4185.215,4183.375,4184.805,0.017
2026-10-09 05:07:00+00:00,4184.755,4186.165,4184.725,4185.995,0.012
2026-10-09 05:08:00+00:00,4186.095,4187.625,4186.025,4187.625,0.015
2026-10-09 05:09:00+00:00,4187.545,4187.825,4187.245,4187.825,0.01
2026-10-09 05:10:00+00:00,4187.825,4187.965,4187.245,4187.575,0.012
2026-10-09 05:11:00+00:00,4187.645,4187.645,4186.905,4187.045,0.008
2026-10-09 05:12:00+00:00,4186.925,4186.925,4185.745,4186.335,0.011
2026-10-09 05:13:00+00:00,4186.405,4187.515,4186.405,4187.415,0.01
2026-10-09 05:14:00+00:00,4187.515,4188.045,4187.055,4187.495,0.011
2026-10-09 05:15:00+00:00,4187.365,4188.685,4187.365,4188.345,0.014
2026-10-09 05:16:00+00:00,4188.335,4189.225,4188.335,4188.955,0.014
2026-10-09 05:17:00+00:00,4188.915,4190.745,4188.915,4190.635,0.015
2026-10-09 05:18:00+00:00,4190.515,4191.375,4189.855,4191.375,0.012
2026-10-09 05:19:00+00:00,4191.245,4191.405,4190.195,4191.185,0.007
2026-10-09 05:20:00+00:00,4191.185,4191.845,4190.655,4190.775,0.009
2026-10-09 05:21:00+00:00,4190.725,4191.625,4190.165,4191.625,0.011
2026-10-09 05:22:00+00:00,4191.575,4191.635,4190.205,4190.265,0.01
2026-10-09 05:23:00+00:00,4190.425,4191.045,4189.795,4190.775,0.012
2026-10-09 05:24:00+00:00,4190.775,4191.425,4190.775,4191.175,0.008
2026-10-09 05:25:00+00:00,4191.165,4191.665,4190.745,4190.745,0.015
2026-10-09 05:26:00+00:00,4190.745,4190.915,4189.615,4190.915,0.016
2026-10-09 05:27:00+00:00,4190.915,4192.655,4190.785,4192.365,0.009
2026-10-09 05:28:00+00:00,4192.245,4192.815,4192.055,4192.235,0.012
2026-10-09 05:29:00+00:00,4192.285,4192.745,4191.975,4192.655,0.007
2026-10-09 05:30:00+00:00,4192.745,4196.855,4192.575,4196.855,0.038
2026-10-09 05:31:00+00:00,4196.855,4198.235,4196.685,4198.215,0.037
2026-10-09 05:32:00+00:00,4198.125,4198.125,4195.695,4196.285,0.025
2026-10-09 05:33:00+00:00,4196.175,4198.675,4195.885,4198.205,0.028
2026-10-09 05:34:00+00:00,4198.205,4201.015,4198.155,4200.595,0.03
2026-10-09 05:35:00+00:00,4200.595,4202.995,4199.595,4202.995,0.037
2026-10-09 05:36:00+00:00,4202.995,4205.815,4202.835,4205.735,0.037
2026-10-09 05:37:00+00:00,4205.735,4207.945,4204.605,4206.485,0.025
2026-10-09 05:38:00+00:00,4206.485,4207.155,4205.045,4205.135,0.021
2026-10-09 05:39:00+00:00,4205.105,4205.145,4201.545,4202.085,0.028
2026-10-09 05:40:00+00:00,4202.215,4202.215,4199.975,4200.345,0.023
2026-10-09 05:41:00+00:00,4200.345,4201.845,4199.915,4201.845,0.023
2026-10-09 05:42:00+00:00,4201.995,4202.155,4200.445,4201.605,0.021
2026-10-09 05:43:00+00:00,4201.605,4202.925,4201.135,4202.485,0.023
2026-10-09 05:44:00+00:00,4202.485,4202.885,4201.645,4201.995,0.018
2026-10-09 05:45:00+00:00,4202.095,4203.195,4200.255,4200.255,0.021
2026-10-09 05:46:00+00:00,4199.945,4200.085,4199.025,4199.495,0.022
2026-10-09 05:47:00+00:00,4199.345,4199.365,4197.515,4198.395,0.022
2026-10-09 05:48:00+00:00,4198.395,4199.295,4198.235,4198.945,0.018
2026-10-09 05:49:00+00:00,4198.945,4201.115,4198.805,4200.805,0.02
2026-10-09 05:50:00+00:00,4200.635,4200.795,4199.695,4200.305,0.019
2026-10-09 05:51:00+00:00,4200.305,4200.455,4197.775,4198.475,0.018
2026-10-09 05:52:00+00:00,4198.565,4198.965,4196.345,4196.345,0.02
2026-10-09 05:53:00+00:00,4196.365,4196.365,4193.775,4193.775,0.024
2026-10-09 05:54:00+00:00,4193.775,4193.955,4192.235,4192.995,0.023
2026-10-09 05:55:00+00:00,4192.955,4194.025,4192.135,4193.895,0.023
2026-10-09 05:56:00+00:00,4193.895,4195.855,4193.755,4195.565,0.023
2026-10-09 05:57:00+00:00,4195.705,4195.705,4194.655,4195.055,0.018
2026-10-09 05:58:00+00:00,4194.915,4195.955,4194.155,4195.295,0.017
2026-10-09 05:59:00+00:00,4195.295,4195.295,4193.545,4193.545,0.023
2026-10-09 06:00:00+00:00,4193.545,4196.025,4192.685,4193.215,0.023
2026-10-09 06:01:00+00:00,4193.215,4196.345,4193.215,4194.545,0.021
2026-10-09 06:02:00+00:00,4194.545,4195.415,4193.675,4194.505,0.016
2026-10-09 06:03:00+00:00,4194.505,4195.975,4193.475,4195.975,0.013
2026-10-09 06:04:00+00:00,4195.975,4197.885,4195.685,4197.525,0.016
2026-10-09 06:05:00+00:00,4197.635,4199.325,4196.485,4196.635,0.018
2026-10-09 06:06:00+00:00,4196.745,4197.195,4194.525,4194.565,0.014
2026-10-09 06:07:00+00:00,4194.565,4196.575,4194.335,4196.435,0.017
2026-10-09 06:08:00+00:00,4196.565,4196.915,4195.675,4195.925,0.01
2026-10-09 06:09:00+00:00,4195.925,4196.575,4194.105,4194.395,0.016
2026-10-09 06:10:00+00:00,4194.535,4194.535,4192.515,4192.845,0.017
2026-10-09 06:11:00+00:00,4192.715,4192.815,4191.865,4192.005,0.016
2026-10-09 06:12:00+00:00,4192.005,4192.145,4191.175,4191.275,0.012
2026-10-09 06:13:00+00:00,4191.295,4192.265,4190.455,4192.135,0.015
2026-10-09 06:14:00+00:00,4192.135,4193.175,4191.885,4192.375,0.011
2026-10-09 06:15:00+00:00,4192.375,4193.955,4192.375,4193.925,0.011
2026-10-09 06:16:00+00:00,4193.925,4194.945,4192.785,4192.815,0.015
2026-10-09 06:17:00+00:00,4192.705,4194.065,4192.675,4193.725,0.012
2026-10-09 06:18:00+00:00,4193.725,4194.955,4193.445,4194.865,0.013
2026-10-09 06:19:00+00:00,4194.865,4194.865,4193.995,4194.245,0.009
2026-10-09 06:20:00+00:00,4194.245,4194.955,4193.125,4193.945,0.016
2026-10-09 06:21:00+00:00,4193.635,4193.635,4191.815,4191.935,0.01
2026-10-09 06:22:00+00:00,4191.935,4192.815,4191.445,4191.745,0.014
2026-10-09 06:23:00+00:00,4191.595,4191.885,4189.925,4190.325,0.013
2026-10-09 06:24:00+00:00,4190.325,4191.285,4190.085,4191.285,0.012
2026-10-09 06:25:00+00:00,4191.285,4192.805,4191.285,4191.855,0.014
2026-10-09 06:26:00+00:00,4191.695,4194.245,4191.545,4194.245,0.018
2026-10-09 06:27:00+00:00,4194.095,4194.985,4193.165,4193.755,0.016
2026-10-09 06:28:00+00:00,4193.755,4193.815,4191.695,4191.705,0.014
2026-10-09 06:29:00+00:00,4191.705,4192.905,4190.755,4190.885,0.015
2026-10-09 06:30:00+00:00,4190.955,4191.065,4189.875,4190.785,0.016
2026-10-09 06:31:00+00:00,4190.785,4191.465,4190.445,4190.445,0.015
2026-10-09 06:32:00+00:00,4190.445,4191.755,4190.305,4191.755,0.015
2026-10-09 06:33:00+00:00,4191.625,4192.185,4191.365,4191.815,0.013
2026-10-09 06:34:00+00:00,4191.955,4192.505,4190.215,4190.215,0.013
2026-10-09 06:35:00+00:00,4189.895,4190.695,4189.775,4190.655,0.014
2026-10-09 06:36:00+00:00,4190.655,4191.715,4189.775,4191.715,0.014
2026-10-09 06:37:00+00:00,4191.715,4191.975,4190.675,4190.815,0.01
2026-10-09 06:38:00+00:00,4190.735,4191.295,4190.595,4190.855,0.011
2026-10-09 06:39:00+00:00,4190.925,4194.095,4190.725,4193.585,0.018
2026-10-09 06:40:00+00:00,4193.745,4193.895,4191.475,4192.075,0.013
2026-10-09 06:41:00+00:00,4192.095,4193.635,4191.985,4193.565,0.01
2026-10-09 06:42:00+00:00,4193.635,4193.725,4192.965,4193.605,0.01
2026-10-09 06:43:00+00:00,4193.515,4193.575,4192.215,4192.625,0.01
2026-10-09 06:44:00+00:00,4192.725,4193.715,4191.975,4193.445,0.012
2026-10-09 06:45:00+00:00,4193.565,4193.875,4193.085,4193.375,0.012
2026-10-09 06:46:00+00:00,4193.375,4194.595,4193.315,4193.605,0.01
2026-10-09 06:47:00+00:00,4193.695,4193.695,4192.235,4192.355,0.008
2026-10-09 06:48:00+00:00,4192.425,4193.675,4191.995,4193.675,0.008
2026-10-09 06:49:00+00:00,4193.595,4193.595,4192.815,4192.985,0.01
2026-10-09 06:50:00+00:00,4193.085,4194.005,4192.555,4193.965,0.01
2026-10-09 06:51:00+00:00,4193.985,4194.345,4193.385,4194.215,0.007
2026-10-09 06:52:00+00:00,4194.215,4194.475,4193.755,4194.475,0.01
2026-10-09 06:53:00+00:00,4194.475,4195.515,4194.475,4195.225,0.01
2026-10-09 06:54:00+00:00,4195.165,4195.915,4195.025,4195.765,0.012
2026-10-09 06:55:00+00:00,4195.755,4197.315,4195.755,4196.665,0.021
2026-10-09 06:56:00+00:00,4196.615,4196.705,4196.195,4196.225,0.023
2026-10-09 06:57:00+00:00,4196.225,4196.815,4195.805,4196.325,0.021
2026-10-09 06:58:00+00:00,4196.285,4196.325,4195.655,4195.915,0.019
2026-10-09 06:59:00+00:00,4195.885,4196.585,4195.775,4196.535,0.013
2026-10-09 07:00:00+00:00,4196.655,4198.095,4196.085,4196.725,0.023
2026-10-09 07:01:00+00:00,4196.725,4196.805,4195.465,4196.135,0.029
2026-10-09 07:02:00+00:00,4196.095,4197.395,4196.025,4197.095,0.023
2026-10-09 07:03:00+00:00,4197.095,4198.215,4195.945,4197.805,0.023
2026-10-09 07:04:00+00:00,4197.805,4198.815,4197.555,4197.695,0.026
2026-10-09 07:05:00+00:00,4197.695,4197.695,4196.285,4196.435,0.023
2026-10-09 07:06:00+00:00,4196.565,4196.825,4195.225,4195.365,0.024
2026-10-09 07:07:00+00:00,4195.485,4195.965,4194.195,4194.395,0.027
2026-10-09 07:08:00+00:00,4194.405,4195.175,4194.025,4195.095,0.023
2026-10-09 07:09:00+00:00,4195.085,4196.015,4194.515,4195.715,0.029
2026-10-09 07:10:00+00:00,4195.745,4195.755,4194.605,4194.905,0.028
2026-10-09 07:11:00+00:00,4194.905,4196.255,4194.825,4195.885,0.021
2026-10-09 07:12:00+00:00,4196.005,4197.195,4195.875,4196.105,0.026
2026-10-09 07:13:00+00:00,4196.185,4196.705,4194.235,4194.755,0.025
2026-10-09 07:14:00+00:00,4194.755,4194.845,4193.915,4194.175,0.024
2026-10-09 07:15:00+00:00,4194.165,4195.605,4194.165,4194.855,0.02
2026-10-09 07:16:00+00:00,4194.855,4195.285,4192.445,4192.655,0.019
2026-10-09 07:17:00+00:00,4192.625,4193.645,4192.105,4193.555,0.014
2026-10-09 07:18:00+00:00,4193.605,4194.695,4193.585,4194.675,0.017
2026-10-09 07:19:00+00:00,4194.605,4195.575,4194.075,4195.265,0.022
2026-10-09 07:20:00+00:00,4195.225,4195.545,4193.535,4193.995,0.022
2026-10-09 07:21:00+00:00,4193.995,4193.995,4193.055,4193.855,0.02
2026-10-09 07:22:00+00:00,4193.855,4193.885,4191.925,4192.255,0.021
2026-10-09 07:23:00+00:00,4192.315,4193.045,4192.075,4192.415,0.019
2026-10-09 07:24:00+00:00,4192.285,4193.565,4191.835,4193.545,0.02
2026-10-09 07:25:00+00:00,4193.415,4193.515,4191.295,4191.485,0.023
2026-10-09 07:26:00+00:00,4191.485,4193.325,4191.065,4192.925,0.025
2026-10-09 07:27:00+00:00,4192.825,4193.265,4191.585,4193.215,0.022
2026-10-09 07:28:00+00:00,4193.245,4194.355,4192.755,4194.265,0.02
2026-10-09 07:29:00+00:00,4194.305,4195.465,4193.625,4194.915,0.021
2026-10-09 07:30:00+00:00,4194.965,4196.165,4194.965,4195.735,0.019
2026-10-09 07:31:00+00:00,4195.405,4195.775,4195.225,4195.415,0.019
2026-10-09 07:32:00+00:00,4195.315,4196.325,4195.155,4195.555,0.02
2026-10-09 07:33:00+00:00,4195.555,4195.555,4194.515,4195.465,0.019
2026-10-09 07:34:00+00:00,4195.515,4196.305,4194.975,4195.345,0.022
2026-10-09 07:35:00+00:00,4195.365,4196.305,4194.215,4194.255,0.03
2026-10-09 07:36:00+00:00,4194.315,4194.845,4194.085,4194.395,0.021
2026-10-09 07:37:00+00:00,4194.395,4194.775,4193.155,4193.265,0.02
2026-10-09 07:38:00+00:00,4193.265,4193.985,4190.815,4191.755,0.027
2026-10-09 07:39:00+00:00,4191.835,4192.075,4190.785,4190.825,0.022
2026-10-09 07:40:00+00:00,4190.825,4191.235,4190.195,4190.765,0.019
2026-10-09 07:41:00+00:00,4190.765,4191.075,4190.395,4190.715,0.018
2026-10-09 07:42:00+00:00,4190.705,4192.305,4189.835,4192.115,0.022
2026-10-09 07:43:00+00:00,4192.195,4192.705,4191.615,4192.555,0.015
2026-10-09 07:44:00+00:00,4192.525,4192.705,4191.915,4192.195,0.018
2026-10-09 07:45:00+00:00,4192.215,4192.375,4191.435,4191.965,0.019
2026-10-09 07:46:00+00:00,4191.965,4194.375,4191.695,4193.505,0.021
2026-10-09 07:47:00+00:00,4193.325,4194.125,4193.285,4194.095,0.019
2026-10-09 07:48:00+00:00,4194.095,4194.195,4192.025,4192.475,0.018
2026-10-09 07:49:00+00:00,4192.705,4193.335,4192.385,4193.095,0.016
2026-10-09 07:50:00+00:00,4193.095,4193.925,4192.655,4192.655,0.019
2026-10-09 07:51:00+00:00,4192.765,4192.765,4190.855,4191.565,0.02
2026-10-09 07:52:00+00:00,4191.565,4192.345,4191.255,4192.315,0.02
2026-10-09 07:53:00+00:00,4192.315,4194.025,4192.265,4193.995,0.015
2026-10-09 07:54:00+00:00,4194.375,4194.445,4193.345,4193.655,0.015
2026-10-09 07:55:00+00:00,4193.665,4193.865,4192.895,4193.025,0.017
2026-10-09 07:56:00+00:00,4193.225,4193.225,4191.915,4192.705,0.018
2026-10-09 07:57:00+00:00,4192.705,4193.765,4192.255,4193.695,0.022
2026-10-09 07:58:00+00:00,4193.515,4194.585,4193.495,4194.165,0.017
2026-10-09 07:59:00+00:00,4194.205,4194.875,4194.055,4194.845,0.017
2026-10-09 08:00:00+00:00,4195.145,4195.295,4194.055,4194.245,0.028
2026-10-09 08:01:00+00:00,4194.365,4196.335,4194.365,4196.335,0.029
2026-10-09 08:02:00+00:00,4196.345,4196.345,4194.285,4194.885,0.023
2026-10-09 08:03:00+00:00,4195.085,4196.295,4194.495,4194.595,0.02
2026-10-09 08:04:00+00:00,4194.615,4196.815,4193.965,4196.375,0.028
2026-10-09 08:05:00+00:00,4196.425,4196.485,4195.145,4196.095,0.024
2026-10-09 08:06:00+00:00,4196.175,4196.565,4195.365,4195.955,0.018
2026-10-09 08:07:00+00:00,4195.955,4196.765,4195.015,4195.745,0.025
2026-10-09 08:08:00+00:00,4195.745,4196.055,4194.855,4195.435,0.016
2026-10-09 08:09:00+00:00,4195.445,4196.965,4195.405,4196.865,0.02
2026-10-09 08:10:00+00:00,4196.865,4197.225,4196.465,4197.025,0.02
2026-10-09 08:11:00+00:00,4196.955,4197.185,4196.065,4196.985,0.02
2026-10-09 08:12:00+00:00,4196.985,4197.195,4196.325,4196.495,0.014
2026-10-09 08:13:00+00:00,4196.495,4197.875,4196.285,4197.085,0.024
2026-10-09 08:14:00+00:00,4196.985,4198.775,4196.895,4198.365,0.033
2026-10-09 08:15:00+00:00,4198.355,4198.755,4197.155,4198.085,0.03
2026-10-09 08:16:00+00:00,4198.085,4199.455,4197.745,4199.275,0.026
2026-10-09 08:17:00+00:00,4199.275,4199.475,4198.035,4198.735,0.024
2026-10-09 08:18:00+00:00,4198.725,4200.935,4198.595,4200.575,0.022
2026-10-09 08:19:00+00:00,4200.475,4200.575,4199.785,4200.155,0.021
2026-10-09 08:20:00+00:00,4200.215,4201.495,4199.855,4201.145,0.028
2026-10-09 08:21:00+00:00,4201.145,4202.095,4200.625,4201.215,0.029
2026-10-09 08:22:00+00:00,4201.195,4201.485,4199.585,4200.525,0.028
2026-10-09 08:23:00+00:00,4200.665,4200.665,4197.725,4198.115,0.023
2026-10-09 08:24:00+00:00,4198.215,4198.335,4196.615,4197.175,0.033
2026-10-09 08:25:00+00:00,4197.135,4197.565,4195.925,4196.805,0.031
2026-10-09 08:26:00+00:00,4196.815,4197.115,4195.475,4196.575,0.034
2026-10-09 08:27:00+00:00,4196.575,4197.755,4196.295,4197.755,0.027
2026-10-09 08:28:00+00:00,4197.675,4198.995,4197.655,4198.995,0.025
2026-10-09 08:29:00+00:00,4199.005,4199.615,4198.315,4198.785,0.038
2026-10-09 08:30:00+00:00,4198.765,4199.055,4196.015,4196.495,0.031
2026-10-09 08:31:00+00:00,4196.385,4197.435,4195.985,4196.975,0.024
2026-10-09 08:32:00+00:00,4196.995,4197.125,4196.175,4196.665,0.019
2026-10-09 08:33:00+00:00,4196.745,4197.295,4195.495,4195.495,0.023
2026-10-09 08:34:00+00:00,4195.395,4195.965,4194.445,4194.805,0.023
2026-10-09 08:35:00+00:00,4194.825,4195.135,4194.505,4195.135,0.019
2026-10-09 08:36:00+00:00,4195.135,4196.935,4195.125,4196.255,0.024
2026-10-09 08:37:00+00:00,4196.255,4196.255,4194.035,4194.585,0.019
2026-10-09 08:38:00+00:00,4194.735,4195.505,4194.265,4194.305,0.022
2026-10-09 08:39:00+00:00,4194.275,4194.955,4193.175,4193.185,0.02
2026-10-09 08:40:00+00:00,4193.225,4193.275,4192.505,4192.515,0.016
2026-10-09 08:41:00+00:00,4192.585,4192.595,4191.305,4191.755,0.019
2026-10-09 08:42:00+00:00,4191.755,4191.975,4189.665,4191.015,0.029
2026-10-09 08:43:00+00:00,4191.015,4191.685,4190.515,4191.335,0.022
2026-10-09 08:44:00+00:00,4191.365,4192.265,4191.345,4191.705,0.02
2026-10-09 08:45:00+00:00,4191.695,4191.785,4191.085,4191.605,0.019
2026-10-09 08:46:00+00:00,4191.605,4191.805,4190.965,4191.005,0.016
2026-10-09 08:47:00+00:00,4190.975,4191.685,4190.715,4191.235,0.017
2026-10-09 08:48:00+00:00,4191.255,4191.905,4191.125,4191.895,0.018
2026-10-09 08:49:00+00:00,4191.835,4191.845,4189.265,4189.425,0.02
2026-10-09 08:50:00+00:00,4189.415,4189.665,4187.595,4188.105,0.023
2026-10-09 08:51:00+00:00,4188.125,4188.855,4187.995,4188.525,0.018
2026-10-09 08:52:00+00:00,4188.475,4190.065,4188.285,4189.465,0.016
2026-10-09 08:53:00+00:00,4189.385,4189.585,4188.375,4189.315,0.018
2026-10-09 08:54:00+00:00,4189.335,4189.435,4188.345,4188.975,0.019
2026-10-09 08:55:00+00:00,4189.075,4189.465,4188.575,4189.185,0.021
2026-10-09 08:56:00+00:00,4189.125,4189.785,4188.325,4188.435,0.022
2026-10-09 08:57:00+00:00,4188.425,4188.855,4187.535,4188.815,0.022
2026-10-09 08:58:00+00:00,4188.855,4189.495,4188.615,4189.145,0.02
2026-10-09 08:59:00+00:00,4189.125,4189.315,4188.095,4188.105,0.02
2026-10-09 09:00:00+00:00,4188.195,4188.475,4186.465,4186.585,0.029
2026-10-09 09:01:00+00:00,4186.495,4186.955,4185.575,4185.575,0.022
2026-10-09 09:02:00+00:00,4185.645,4186.875,4185.555,4186.175,0.018
2026-10-09 09:03:00+00:00,4186.205,4187.035,4186.075,4187.025,0.017
2026-10-09 09:04:00+00:00,4186.995,4187.275,4186.015,4186.245,0.017
2026-10-09 09:05:00+00:00,4186.115,4186.695,4185.985,4186.535,0.019
2026-10-09 09:06:00+00:00,4186.545,4187.405,4186.205,4186.465,0.018
2026-10-09 09:07:00+00:00,4186.335,4187.675,4186.155,4187.175,0.018
2026-10-09 09:08:00+00:00,4187.225,4187.565,4186.625,4186.665,0.016
2026-10-09 09:09:00+00:00,4186.755,4186.945,4185.635,4185.945,0.015
2026-10-09 09:10:00+00:00,4185.995,4186.635,4185.835,4186.095,0.018
2026-10-09 09:11:00+00:00,4186.195,4186.345,4185.525,4186.205,0.017
2026-10-09 09:12:00+00:00,4186.135,4186.785,4186.015,4186.555,0.015
2026-10-09 09:13:00+00:00,4186.555,4186.985,4185.785,4186.165,0.016
2026-10-09 09:14:00+00:00,4186.125,4186.775,4185.725,4185.985,0.017
2026-10-09 09:15:00+00:00,4186.155,4186.255,4185.555,4185.685,0.016
2026-10-09 09:16:00+00:00,4185.685,4186.885,4184.955,4185.765,0.021
2026-10-09 09:17:00+00:00,4185.765,4186.705,4185.585,4186.605,0.016
2026-10-09 09:18:00+00:00,4186.575,4187.155,4186.025,4186.525,0.014
2026-10-09 09:19:00+00:00,4186.615,4187.625,4186.045,4186.205,0.017
2026-10-09 09:20:00+00:00,4186.215,4187.525,4184.875,4187.475,0.031
2026-10-09 09:21:00+00:00,4187.555,4188.175,4186.905,4187.885,0.024
2026-10-09 09:22:00+00:00,4187.885,4190.045,4187.855,4189.575,0.025
2026-10-09 09:23:00+00:00,4189.655,4190.115,4188.555,4188.555,0.016
2026-10-09 09:24:00+00:00,4188.635,4188.785,4188.105,4188.735,0.014
2026-10-09 09:25:00+00:00,4188.735,4188.805,4187.265,4187.455,0.015
2026-10-09 09:26:00+00:00,4187.405,4188.215,4187.405,4187.915,0.016
2026-10-09 09:27:00+00:00,4187.955,4188.285,4187.665,4188.005,0.011
2026-10-09 09:28:00+00:00,4187.915,4188.195,4187.275,4187.555,0.015
2026-10-09 09:29:00+00:00,4187.545,4187.805,4186.705,4187.245,0.007
2026-10-09 09:30:00+00:00,4187.135,4188.195,4186.795,4188.045,0.014
2026-10-09 09:31:00+00:00,4188.075,4188.205,4185.785,4186.745,0.018
2026-10-09 09:32:00+00:00,4186.675,4186.675,4185.945,4186.045,0.018
2026-10-09 09:33:00+00:00,4186.055,4186.355,4185.295,4185.425,0.012
2026-10-09 09:34:00+00:00,4185.925,4185.925,4184.855,4184.855,0.012
2026-10-09 09:35:00+00:00,4184.795,4185.245,4183.795,4183.965,0.014
2026-10-09 09:36:00+00:00,4184.025,4184.055,4183.665,4183.815,0.011
2026-10-09 09:37:00+00:00,4183.835,4184.375,4183.325,4183.465,0.014
2026-10-09 09:38:00+00:00,4183.525,4183.995,4183.205,4183.225,0.014
2026-10-09 09:39:00+00:00,4183.305,4184.015,4183.125,4183.905,0.013
2026-10-09 09:40:00+00:00,4183.885,4185.605,4183.765,4185.315,0.016
2026-10-09 09:41:00+00:00,4185.275,4186.185,4185.215,4185.925,0.016
2026-10-09 09:42:00+00:00,4185.965,4186.295,4185.335,4185.335,0.011
2026-10-09 09:43:00+00:00,4185.325,4185.715,4185.005,4185.175,0.013
2026-10-09 09:44:00+00:00,4185.245,4185.315,4184.705,4185.115,0.016
2026-10-09 09:45:00+00:00,4185.225,4185.335,4184.245,4184.535,0.018
2026-10-09 09:46:00+00:00,4184.605,4185.245,4184.525,4184.665,0.017
2026-10-09 09:47:00+00:00,4184.695,4185.345,4184.305,4185.195,0.015
2026-10-09 09:48:00+00:00,4185.305,4185.565,4184.925,4185.295,0.015
2026-10-09 09:49:00+00:00,4185.425,4185.745,4185.015,4185.685,0.014
2026-10-09 09:50:00+00:00,4185.685,4187.425,4185.685,4187.195,0.017
2026-10-09 09:51:00+00:00,4187.185,4187.625,4186.985,4187.235,0.016
2026-10-09 09:52:00+00:00,4187.255,4187.715,4187.095,4187.245,0.015
2026-10-09 09:53:00+00:00,4187.275,4187.475,4186.565,4187.295,0.01
2026-10-09 09:54:00+00:00,4187.315,4187.725,4186.995,4187.425,0.013
2026-10-09 09:55:00+00:00,4187.455,4188.045,4187.165,4187.525,0.011
2026-10-09 09:56:00+00:00,4187.525,4188.065,4187.435,4187.695,0.011
2026-10-09 09:57:00+00:00,4187.805,4187.945,4187.195,4187.195,0.01
2026-10-09 09:58:00+00:00,4187.195,4187.695,4186.985,4187.435,0.015
2026-10-09 09:59:00+00:00,4187.375,4187.435,4186.235,4186.295,0.018
2026-10-09 10:00:00+00:00,4186.305,4187.205,4186.215,4186.705,0.021
2026-10-09 10:01:00+00:00,4186.705,4186.985,4186.225,4186.885,0.015
2026-10-09 10:02:00+00:00,4186.665,4186.675,4185.975,4186.085,0.012
2026-10-09 10:03:00+00:00,4186.005,4186.355,4185.715,4186.215,0.014
2026-10-09 10:04:00+00:00,4186.105,4186.605,4185.915,4186.095,0.013
2026-10-09 10:05:00+00:00,4186.155,4186.375,4185.765,4186.135,0.013
2026-10-09 10:06:00+00:00,4186.135,4186.405,4185.735,4185.765,0.011
2026-10-09 10:07:00+00:00,4185.775,4185.925,4184.965,4184.965,0.012
2026-10-09 10:08:00+00:00,4185.125,4185.325,4184.635,4185.225,0.009
2026-10-09 10:09:00+00:00,4185.115,4185.255,4184.355,4184.945,0.014
2026-10-09 10:10:00+00:00,4185.005,4185.105,4183.795,4183.985,0.01
2026-10-09 10:11:00+00:00,4183.995,4184.295,4183.265,4183.655,0.012
2026-10-09 10:12:00+00:00,4183.665,4184.095,4183.515,4184.095,0.012
2026-10-09 10:13:00+00:00,4184.195,4185.275,4184.195,4184.985,0.015
2026-10-09 10:14:00+00:00,4185.015,4185.705,4184.775,4185.705,0.009
2026-10-09 10:15:00+00:00,4185.695,4186.255,4185.385,4185.585,0.011
2026-10-09 10:16:00+00:00,4185.595,4185.735,4185.015,4185.265,0.014
2026-10-09 10:17:00+00:00,4185.215,4185.605,4184.995,4185.185,0.013
2026-10-09 10:18:00+00:00,4185.035,4185.215,4184.545,4185.095,0.013
2026-10-09 10:19:00+00:00,4185.045,4185.455,4184.905,4185.205,0.011
2026-10-09 10:20:00+00:00,4185.245,4185.265,4184.665,4184.935,0.014
2026-10-09 10:21:00+00:00,4184.955,4185.135,4184.795,4184.955,0.011
2026-10-09 10:22:00+00:00,4184.975,4185.645,4184.725,4185.235,0.011
2026-10-09 10:23:00+00:00,4185.145,4185.155,4184.545,4184.655,0.01
2026-10-09 10:24:00+00:00,4184.625,4185.485,4184.535,4185.245,0.011
2026-10-09 10:25:00+00:00,4185.295,4185.635,4185.015,4185.475,0.008
2026-10-09 10:26:00+00:00,4185.525,4186.505,4185.495,4186.375,0.011
2026-10-09 10:27:00+00:00,4186.375,4186.375,4184.585,4184.855,0.014
2026-10-09 10:28:00+00:00,4184.755,4184.775,4184.085,4184.545,0.013
2026-10-09 10:29:00+00:00,4184.515,4184.615,4184.075,4184.365,0.011
2026-10-09 10:30:00+00:00,4184.395,4184.485,4182.915,4183.105,0.014
2026-10-09 10:31:00+00:00,4183.155,4183.405,4182.705,4182.725,0.015
2026-10-09 10:32:00+00:00,4182.715,4183.415,4182.645,4183.355,0.012
2026-10-09 10:33:00+00:00,4183.215,4183.425,4182.185,4182.465,0.013
2026-10-09 10:34:00+00:00,4182.515,4182.755,4182.305,4182.375,0.015
2026-10-09 10:35:00+00:00,4182.475,4183.075,4181.425,4182.565,0.02
2026-10-09 10:36:00+00:00,4182.395,4183.355,4182.395,4183.355,0.014
2026-10-09 10:37:00+00:00,4183.355,4184.275,4182.855,4183.995,0.014
2026-10-09 10:38:00+00:00,4183.975,4184.075,4183.305,4183.555,0.013
2026-10-09 10:39:00+00:00,4183.515,4183.635,4182.705,4183.615,0.014
2026-10-09 10:40:00+00:00,4183.615,4183.615,4182.595,4182.755,0.014
2026-10-09 10:41:00+00:00,4182.755,4183.145,4182.565,4182.565,0.013
2026-10-09 10:42:00+00:00,4182.565,4182.705,4181.565,4182.245,0.016
2026-10-09 10:43:00+00:00,4182.175,4182.325,4180.625,4180.705,0.018
2026-10-09 10:44:00+00:00,4180.785,4181.815,4180.685,4181.375,0.015
2026-10-09 10:45:00+00:00,4181.235,4181.235,4180.145,4180.255,0.019
2026-10-09 10:46:00+00:00,4180.285,4180.845,4180.025,4180.715,0.013
2026-10-09 10:47:00+00:00,4180.775,4181.295,4180.145,4180.245,0.014
2026-10-09 10:48:00+00:00,4180.235,4180.915,4180.075,4180.645,0.013
2026-10-09 10:49:00+00:00,4180.675,4180.975,4180.075,4180.695,0.013
2026-10-09 10:50:00+00:00,4180.665,4180.885,4180.105,4180.275,0.018
2026-10-09 10:51:00+00:00,4180.305,4180.955,4180.215,4180.845,0.016
2026-10-09 10:52:00+00:00,4180.805,4181.475,4180.695,4181.185,0.011
2026-10-09 10:53:00+00:00,4181.295,4182.865,4181.225,4182.285,0.02
2026-10-09 10:54:00+00:00,4182.255,4182.525,4181.645,4181.645,0.012
2026-10-09 10:55:00+00:00,4181.645,4181.655,4179.975,4180.125,0.014
2026-10-09 10:56:00+00:00,4180.155,4183.865,4180.025,4183.765,0.036
2026-10-09 10:57:00+00:00,4183.875,4183.875,4181.755,4182.745,0.041
2026-10-09 10:58:00+00:00,4182.665,4182.665,4180.435,4181.615,0.031
2026-10-09 10:59:00+00:00,4181.865,4182.205,4179.445,4179.445,0.016
2026-10-09 11:00:00+00:00,4179.545,4180.835,4179.545,4180.295,0.024
2026-10-09 11:01:00+00:00,4180.295,4182.785,4179.275,4180.095,0.045
2026-10-09 11:02:00+00:00,4180.355,4180.815,4179.175,4179.285,0.034
2026-10-09 11:03:00+00:00,4179.165,4180.415,4178.855,4179.525,0.032
2026-10-09 11:04:00+00:00,4179.535,4180.645,4179.115,4179.665,0.027
2026-10-09 11:05:00+00:00,4179.705,4179.725,4178.535,4179.165,0.023
2026-10-09 11:06:00+00:00,4179.115,4179.465,4178.785,4179.245,0.02
2026-10-09 11:07:00+00:00,4179.265,4179.265,4177.605,4177.765,0.027
2026-10-09 11:08:00+00:00,4177.775,4178.385,4176.475,4176.855,0.021
2026-10-09 11:09:00+00:00,4176.785,4178.365,4176.195,4176.885,0.024
2026-10-09 11:10:00+00:00,4176.795,4177.185,4175.465,4176.495,0.026
2026-10-09 11:11:00+00:00,4176.415,4178.355,4175.825,4177.045,0.036
2026-10-09 11:12:00+00:00,4177.125,4177.745,4176.675,4176.675,0.023
2026-10-09 11:13:00+00:00,4176.675,4177.135,4176.345,4177.105,0.02
2026-10-09 11:14:00+00:00,4177.145,4180.295,4177.055,4179.415,0.027
2026-10-09 11:15:00+00:00,4179.375,4181.845,4179.275,4181.445,0.029
2026-10-09 11:16:00+00:00,4181.405,4182.145,4180.935,4181.685,0.033
2026-10-09 11:17:00+00:00,4181.695,4182.065,4181.255,4181.375,0.025
2026-10-09 11:18:00+00:00,4181.365,4182.015,4180.495,4181.795,0.022
2026-10-09 11:19:00+00:00,4181.835,4183.585,4181.585,4182.905,0.023
2026-10-09 11:20:00+00:00,4182.965,4184.065,4182.625,4183.445,0.021
2026-10-09 11:21:00+00:00,4183.435,4183.995,4182.985,4183.465,0.023
2026-10-09 11:22:00+00:00,4183.545,4184.395,4182.085,4184.325,0.026
2026-10-09 11:23:00+00:00,4184.315,4184.605,4183.725,4184.025,0.019
2026-10-09 11:24:00+00:00,4183.945,4184.345,4183.595,4183.595,0.015
2026-10-09 11:25:00+00:00,4183.545,4184.155,4183.305,4183.615,0.019
2026-10-09 11:26:00+00:00,4183.655,4184.235,4182.895,4183.575,0.022
2026-10-09 11:27:00+00:00,4183.555,4183.875,4182.855,4183.675,0.019
2026-10-09 11:28:00+00:00,4183.745,4185.095,4183.605,4185.095,0.018
2026-10-09 11:29:00+00:00,4185.105,4185.145,4184.205,4184.665,0.019
2026-10-09 11:30:00+00:00,4184.685,4185.345,4184.525,4184.865,0.018
2026-10-09 11:31:00+00:00,4184.915,4186.835,4184.805,4186.225,0.022
2026-10-09 11:32:00+00:00,4186.215,4186.695,4185.515,4185.525,0.018
2026-10-09 11:33:00+00:00,4185.525,4186.215,4184.785,4185.555,0.024
2026-10-09 11:34:00+00:00,4185.545,4185.795,4184.405,4185.185,0.02
2026-10-09 11:35:00+00:00,4185.215,4185.765,4184.785,4185.085,0.022
2026-10-09 11:36:00+00:00,4185.125,4186.055,4184.485,4186.055,0.024
2026-10-09 11:37:00+00:00,4186.245,4186.305,4184.605,4184.675,0.019
2026-10-09 11:38:00+00:00,4184.605,4185.095,4183.955,4183.955,0.016
2026-10-09 11:39:00+00:00,4183.955,4184.285,4183.695,4184.135,0.015
2026-10-09 11:40:00+00:00,4184.175,4184.195,4183.385,4183.895,0.019
2026-10-09 11:41:00+00:00,4183.855,4183.985,4182.185,4182.345,0.019
2026-10-09 11:42:00+00:00,4182.425,4182.425,4181.615,4181.995,0.016
2026-10-09 11:43:00+00:00,4182.015,4182.195,4180.735,4180.785,0.021
2026-10-09 11:44:00+00:00,4180.795,4183.055,4180.655,4182.745,0.024
2026-10-09 11:45:00+00:00,4182.745,4183.895,4182.215,4182.745,0.017
2026-10-09 11:46:00+00:00,4182.725,4182.775,4181.255,4181.705,0.017
2026-10-09 11:47:00+00:00,4181.695,4183.895,4181.135,4183.565,0.025
2026-10-09 11:48:00+00:00,4183.865,4184.025,4183.325,4183.685,0.023
2026-10-09 11:49:00+00:00,4183.685,4183.835,4183.085,4183.185,0.015
2026-10-09 11:50:00+00:00,4183.185,4183.775,4182.235,4182.235,0.017
2026-10-09 11:51:00+00:00,4182.495,4182.505,4181.405,4182.105,0.019
2026-10-09 11:52:00+00:00,4182.105,4183.315,4182.075,4183.265,0.017
2026-10-09 11:53:00+00:00,4183.315,4183.365,4182.595,4182.755,0.02
2026-10-09 11:54:00+00:00,4182.765,4184.135,4182.765,4183.545,0.019
2026-10-09 11:55:00+00:00,4183.585,4183.745,4181.465,4181.905,0.024
2026-10-09 11:56:00+00:00,4182.025,4182.025,4180.775,4181.585,0.018
2026-10-09 11:57:00+00:00,4181.535,4182.305,4181.095,4181.745,0.021
2026-10-09 11:58:00+00:00,4181.785,4182.445,4181.645,4182.265,0.015
2026-10-09 11:59:00+00:00,4182.295,4183.375,4182.265,4183.375,0.02
2026-10-09 12:00:00+00:00,4183.405,4184.165,4182.175,4184.095,0.031
2026-10-09 12:01:00+00:00,4184.145,4186.035,4184.145,4185.775,0.03
2026-10-09 12:02:00+00:00,4185.755,4185.755,4183.845,4184.235,0.031
2026-10-09 12:03:00+00:00,4184.235,4185.195,4184.045,4184.615,0.022
2026-10-09 12:04:00+00:00,4184.645,4184.905,4183.355,4183.975,0.031
2026-10-09 12:05:00+00:00,4183.965,4185.115,4183.145,4183.215,0.026
2026-10-09 12:06:00+00:00,4183.165,4183.905,4181.875,4183.325,0.031
2026-10-09 12:07:00+00:00,4183.455,4184.355,4183.125,4183.805,0.03
2026-10-09 12:08:00+00:00,4183.715,4184.425,4182.705,4184.385,0.023
2026-10-09 12:09:00+00:00,4184.425,4184.875,4183.785,4184.725,0.02
2026-10-09 12:10:00+00:00,4184.745,4186.595,4184.575,4185.045,0.038
2026-10-09 12:11:00+00:00,4185.055,4186.065,4184.375,4186.065,0.024
2026-10-09 12:12:00+00:00,4186.015,4186.285,4184.875,4185.045,0.03
2026-10-09 12:13:00+00:00,4185.045,4185.535,4184.405,4184.695,0.026
2026-10-09 12:14:00+00:00,4184.785,4184.785,4183.035,4183.585,0.023
2026-10-09 12:15:00+00:00,4183.555,4184.175,4182.825,4183.435,0.027
2026-10-09 12:16:00+00:00,4183.445,4183.445,4180.695,4180.805,0.026
2026-10-09 12:17:00+00:00,4180.485,4181.635,4179.995,4181.255,0.027
2026-10-09 12:18:00+00:00,4181.315,4182.845,4180.895,4181.495,0.027
2026-10-09 12:19:00+00:00,4181.495,4181.885,4180.225,4181.665,0.028
2026-10-09 12:20:00+00:00,4181.765,4185.415,4181.235,4185.405,0.039
2026-10-09 12:21:00+00:00,4185.535,4185.925,4184.485,4184.485,0.026
2026-10-09 12:22:00+00:00,4184.585,4185.735,4183.095,4183.935,0.031
2026-10-09 12:23:00+00:00,4183.915,4184.885,4183.225,4184.545,0.025
2026-10-09 12:24:00+00:00,4184.525,4184.525,4183.185,4183.705,0.025
2026-10-09 12:25:00+00:00,4183.835,4184.115,4182.665,4183.695,0.026
2026-10-09 12:26:00+00:00,4183.675,4185.405,4183.005,4185.405,0.027
2026-10-09 12:27:00+00:00,4185.375,4185.805,4184.755,4184.885,0.018
2026-10-09 12:28:00+00:00,4184.925,4185.955,4184.655,4185.655,0.017
2026-10-09 12:29:00+00:00,4185.655,4185.655,4183.895,4184.205,0.014
2026-10-09 12:30:00+00:00,4184.165,4192.065,4183.595,4189.815,0.047
2026-10-09 12:31:00+00:00,4189.335,4189.805,4187.755,4187.905,0.043
2026-10-09 12:32:00+00:00,4187.875,4189.175,4186.725,4186.855,0.042
2026-10-09 12:33:00+00:00,4186.775,4186.855,4185.065,4185.585,0.042
2026-10-09 12:34:00+00:00,4185.535,4186.565,4183.945,4185.815,0.04
2026-10-09 12:35:00+00:00,4185.685,4185.845,4183.665,4184.005,0.039
2026-10-09 12:36:00+00:00,4183.905,4184.575,4180.585,4180.865,0.037
2026-10-09 12:37:00+00:00,4180.885,4181.395,4180.115,4180.725,0.041
2026-10-09 12:38:00+00:00,4180.675,4184.245,4180.655,4183.135,0.033
2026-10-09 12:39:00+00:00,4183.175,4183.875,4181.765,4182.395,0.037
2026-10-09 12:40:00+00:00,4182.515,4183.785,4181.625,4182.845,0.034
2026-10-09 12:41:00+00:00,4182.865,4184.445,4182.595,4184.445,0.033
2026-10-09 12:42:00+00:00,4184.375,4185.655,4183.625,4184.655,0.033
2026-10-09 12:43:00+00:00,4184.655,4184.855,4182.805,4183.025,0.036
2026-10-09 12:44:00+00:00,4183.025,4183.485,4181.625,4181.675,0.037
2026-10-09 12:45:00+00:00,4181.755,4182.225,4180.885,4182.095,0.035
2026-10-09 12:46:00+00:00,4181.995,4182.595,4179.815,4180.685,0.036
2026-10-09 12:47:00+00:00,4180.865,4180.865,4178.365,4178.405,0.038
2026-10-09 12:48:00+00:00,4178.565,4178.905,4176.375,4178.125,0.042
2026-10-09 12:49:00+00:00,4178.145,4179.995,4178.145,4179.045,0.035
2026-10-09 12:50:00+00:00,4178.885,4179.055,4175.285,4175.595,0.039
2026-10-09 12:51:00+00:00,4175.735,4175.765,4173.625,4173.705,0.039
2026-10-09 12:52:00+00:00,4173.725,4174.435,4173.105,4173.445,0.039
2026-10-09 12:53:00+00:00,4173.325,4173.905,4171.185,4172.025,0.045
2026-10-09 12:54:00+00:00,4172.065,4172.065,4169.785,4170.075,0.045
2026-10-09 12:55:00+00:00,4170.105,4171.115,4168.855,4170.585,0.04
2026-10-09 12:56:00+00:00,4170.545,4172.735,4170.415,4172.445,0.038
2026-10-09 12:57:00+00:00,4172.405,4175.705,4172.275,4175.605,0.04
2026-10-09 12:58:00+00:00,4175.545,4176.115,4174.945,4175.525,0.04
2026-10-09 12:59:00+00:00,4175.715,4177.675,4175.485,4175.785,0.038
2026-10-09 13:00:00+00:00,4175.905,4179.515,4175.635,4178.445,0.058
2026-10-09 13:01:00+00:00,4178.495,4178.495,4175.425,4176.445,0.048
2026-10-09 13:02:00+00:00,4176.475,4177.515,4175.375,4176.195,0.049
2026-10-09 13:03:00+00:00,4176.425,4176.805,4175.005,4175.935,0.04
2026-10-09 13:04:00+00:00,4175.935,4176.615,4174.515,4175.315,0.04
2026-10-09 13:05:00+00:00,4175.205,4178.085,4174.765,4178.085,0.049
2026-10-09 13:06:00+00:00,4177.975,4178.505,4176.675,4176.965,0.043
2026-10-09 13:07:00+00:00,4177.135,4180.795,4175.865,4180.615,0.041
2026-10-09 13:08:00+00:00,4180.615,4181.325,4178.725,4178.735,0.038
2026-10-09 13:09:00+00:00,4178.785,4178.785,4177.085,4177.675,0.036
2026-10-09 13:10:00+00:00,4177.745,4178.045,4176.265,4176.265,0.039
2026-10-09 13:11:00+00:00,4176.125,4179.155,4175.685,4178.855,0.042
2026-10-09 13:12:00+00:00,4178.815,4179.275,4177.995,4178.855,0.035
2026-10-09 13:13:00+00:00,4178.875,4180.775,4178.125,4180.775,0.029
2026-10-09 13:14:00+00:00,4180.835,4181.475,4180.515,4181.455,0.037
2026-10-09 13:15:00+00:00,4181.455,4182.225,4181.075,4181.525,0.039
2026-10-09 13:16:00+00:00,4181.515,4183.845,4181.105,4183.515,0.036
2026-10-09 13:17:00+00:00,4183.475,4186.145,4183.475,4186.065,0.04
2026-10-09 13:18:00+00:00,4186.035,4187.585,4186.035,4186.675,0.04
2026-10-09 13:19:00+00:00,4186.655,4186.835,4184.405,4184.425,0.034
2026-10-09 13:20:00+00:00,4184.465,4185.885,4182.435,4183.325,0.039
2026-10-09 13:21:00+00:00,4183.215,4183.675,4181.985,4182.335,0.031
2026-10-09 13:22:00+00:00,4182.385,4182.715,4180.635,4182.595,0.031
2026-10-09 13:23:00+00:00,4182.505,4184.345,4182.215,4184.045,0.032
2026-10-09 13:24:00+00:00,4183.995,4187.665,4183.705,4187.585,0.034
2026-10-09 13:25:00+00:00,4187.665,4188.785,4187.065,4188.785,0.036
2026-10-09 13:26:00+00:00,4188.785,4188.785,4187.145,4187.835,0.04
2026-10-09 13:27:00+00:00,4187.965,4190.335,4187.685,4188.645,0.036
2026-10-09 13:28:00+00:00,4188.505,4189.905,4188.385,4188.755,0.037
2026-10-09 13:29:00+00:00,4188.715,4189.805,4188.275,4189.185,0.032
2026-10-09 13:30:00+00:00,4189.185,4190.435,4187.695,4190.395,0.058
2026-10-09 13:31:00+00:00,4190.255,4192.835,4190.005,4191.645,0.057
2026-10-09 13:32:00+00:00,4191.635,4191.915,4188.495,4189.045,0.054
2026-10-09 13:33:00+00:00,4188.735,4189.255,4187.175,4187.355,0.053
2026-10-09 13:34:00+00:00,4187.235,4187.955,4185.535,4186.375,0.047
2026-10-09 13:35:00+00:00,4186.545,4189.275,4185.965,4189.095,0.049
2026-10-09 13:36:00+00:00,4189.265,4190.875,4188.495,4188.875,0.054
2026-10-09 13:37:00+00:00,4188.815,4188.865,4186.915,4187.505,0.051
2026-10-09 13:38:00+00:00,4187.385,4187.645,4184.115,4185.925,0.057
2026-10-09 13:39:00+00:00,4185.805,4187.035,4184.425,4186.965,0.047
2026-10-09 13:40:00+00:00,4187.015,4188.125,4184.775,4186.595,0.051
2026-10-09 13:41:00+00:00,4186.465,4190.105,4185.775,4190.105,0.044
2026-10-09 13:42:00+00:00,4189.985,4192.075,4185.725,4186.845,0.055
2026-10-09 13:43:00+00:00,4187.085,4188.005,4183.585,4184.585,0.05
2026-10-09 13:44:00+00:00,4184.545,4185.475,4182.965,4185.285,0.053
2026-10-09 13:45:00+00:00,4185.285,4191.545,4185.285,4191.345,0.055
2026-10-09 13:46:00+00:00,4191.275,4191.355,4188.585,4188.815,0.052
2026-10-09 13:47:00+00:00,4188.735,4191.905,4188.625,4190.685,0.047
2026-10-09 13:48:00+00:00,4190.665,4190.685,4189.015,4189.305,0.04
2026-10-09 13:49:00+00:00,4189.185,4191.345,4189.185,4190.465,0.041
2026-10-09 13:50:00+00:00,4190.715,4193.275,4189.935,4193.215,0.047
2026-10-09 13:51:00+00:00,4193.275,4195.125,4192.815,4194.725,0.039
2026-10-09 13:52:00+00:00,4194.595,4195.125,4192.505,4194.765,0.042
2026-10-09 13:53:00+00:00,4195.045,4196.495,4193.945,4194.525,0.05
2026-10-09 13:54:00+00:00,4194.505,4194.765,4192.125,4192.155,0.043
2026-10-09 13:55:00+00:00,4192.055,4193.055,4191.165,4192.965,0.039
2026-10-09 13:56:00+00:00,4192.855,4196.735,4192.625,4196.735,0.041
2026-10-09 13:57:00+00:00,4196.635,4196.785,4195.435,4195.555,0.035
2026-10-09 13:58:00+00:00,4195.555,4195.845,4191.865,4192.445,0.033
2026-10-09 13:59:00+00:00,4192.435,4192.535,4190.075,4190.715,0.019
2026-10-09 14:00:00+00:00,4190.735,4191.635,4188.105,4189.145,0.036
2026-10-09 14:01:00+00:00,4189.035,4189.735,4187.485,4187.955,0.052
2026-10-09 14:02:00+00:00,4187.955,4188.475,4186.405,4187.445,0.049
2026-10-09 14:03:00+00:00,4187.325,4188.345,4186.465,4187.995,0.041
2026-10-09 14:04:00+00:00,4187.995,4188.185,4185.895,4185.995,0.048
2026-10-09 14:05:00+00:00,4186.035,4187.665,4185.425,4186.375,0.043
2026-10-09 14:06:00+00:00,4186.375,4189.655,4186.005,4189.655,0.046
2026-10-09 14:07:00+00:00,4189.615,4190.115,4188.045,4189.965,0.051
2026-10-09 14:08:00+00:00,4189.965,4190.155,4187.745,4187.745,0.041
2026-10-09 14:09:00+00:00,4187.745,4188.145,4185.295,4186.215,0.043
2026-10-09 14:10:00+00:00,4186.005,4187.705,4185.465,4186.625,0.041
2026-10-09 14:11:00+00:00,4186.845,4187.505,4185.765,4187.015,0.039
2026-10-09 14:12:00+00:00,4186.985,4189.165,4186.415,4188.275,0.039
2026-10-09 14:13:00+00:00,4188.355,4189.125,4186.795,4187.405,0.046
2026-10-09 14:14:00+00:00,4187.425,4189.385,4186.875,4188.695,0.041
2026-10-09 14:15:00+00:00,4188.695,4191.155,4188.285,4189.185,0.053
2026-10-09 14:16:00+00:00,4189.365,4190.805,4188.905,4189.805,0.04
2026-10-09 14:17:00+00:00,4189.805,4191.125,4188.755,4190.985,0.038
2026-10-09 14:18:00+00:00,4190.985,4191.445,4190.275,4190.515,0.042
2026-10-09 14:19:00+00:00,4190.095,4191.955,4189.535,4191.545,0.039
2026-10-09 14:20:00+00:00,4191.685,4191.685,4187.875,4187.985,0.039
2026-10-09 14:21:00+00:00,4187.985,4187.985,4185.215,4185.805,0.043
2026-10-09 14:22:00+00:00,4185.775,4187.955,4184.345,4186.905,0.046
2026-10-09 14:23:00+00:00,4186.905,4187.835,4186.785,4187.565,0.037
2026-10-09 14:24:00+00:00,4187.565,4187.565,4185.675,4185.905,0.034
2026-10-09 14:25:00+00:00,4185.905,4185.905,4184.195,4185.005,0.04
2026-10-09 14:26:00+00:00,4184.795,4185.245,4182.375,4183.555,0.04
2026-10-09 14:27:00+00:00,4183.695,4184.405,4182.775,4183.475,0.036
2026-10-09 14:28:00+00:00,4183.455,4184.375,4183.255,4184.095,0.031
2026-10-09 14:29:00+00:00,4184.225,4184.565,4183.865,4184.435,0.029
2026-10-09 14:30:00+00:00,4184.435,4185.435,4184.225,4184.865,0.029
2026-10-09 14:31:00+00:00,4184.825,4185.895,4183.325,4183.535,0.038
2026-10-09 14:32:00+00:00,4183.565,4185.385,4183.325,4185.325,0.032
2026-10-09 14:33:00+00:00,4185.325,4185.865,4184.895,4185.485,0.031
2026-10-09 14:34:00+00:00,4185.515,4186.245,4185.115,4186.245,0.022
2026-10-09 14:35:00+00:00,4186.125,4187.455,4185.925,4186.875,0.032
2026-10-09 14:36:00+00:00,4186.515,4187.825,4185.815,4187.585,0.032
2026-10-09 14:37:00+00:00,4187.555,4189.615,4187.325,4189.445,0.032
2026-10-09 14:38:00+00:00,4189.485,4189.505,4186.135,4186.135,0.031
2026-10-09 14:39:00+00:00,4186.045,4186.655,4184.435,4185.075,0.029
2026-10-09 14:40:00+00:00,4185.205,4185.635,4184.345,4185.165,0.032
2026-10-09 14:41:00+00:00,4185.125,4185.225,4182.645,4182.865,0.04
2026-10-09 14:42:00+00:00,4182.975,4183.935,4182.385,4183.755,0.03
2026-10-09 14:43:00+00:00,4183.625,4183.965,4182.735,4182.795,0.029
2026-10-09 14:44:00+00:00,4182.765,4185.055,4182.705,4184.835,0.031
2026-10-09 14:45:00+00:00,4184.795,4185.935,4183.955,4185.115,0.035
2026-10-09 14:46:00+00:00,4185.015,4186.065,4184.545,4184.705,0.034
2026-10-09 14:47:00+00:00,4184.705,4185.025,4182.195,4182.195,0.033
2026-10-09 14:48:00+00:00,4182.135,4183.465,4182.055,4182.625,0.032
2026-10-09 14:49:00+00:00,4182.565,4182.855,4181.735,4182.555,0.026
2026-10-09 14:50:00+00:00,4182.555,4184.455,4182.185,4182.185,0.033
2026-10-09 14:51:00+00:00,4182.195,4183.555,4182.015,4182.525,0.029
2026-10-09 14:52:00+00:00,4182.595,4183.765,4182.285,4183.205,0.024
2026-10-09 14:53:00+00:00,4183.185,4184.105,4182.785,4183.565,0.022
2026-10-09 14:54:00+00:00,4183.685,4184.365,4182.995,4183.985,0.025
2026-10-09 14:55:00+00:00,4183.755,4184.705,4183.625,4184.065,0.024
2026-10-09 14:56:00+00:00,4184.055,4184.855,4183.455,4184.625,0.027
2026-10-09 14:57:00+00:00,4184.585,4184.745,4182.995,4183.115,0.031
2026-10-09 14:58:00+00:00,4183.135,4184.935,4182.915,4184.705,0.034
2026-10-09 14:59:00+00:00,4184.785,4185.145,4182.905,4182.905,0.038
2026-10-09 15:00:00+00:00,4182.885,4184.905,4182.435,4183.275,0.038
2026-10-09 15:01:00+00:00,4183.315,4183.755,4181.305,4181.965,0.034
2026-10-09 15:02:00+00:00,4181.965,4184.475,4181.145,4183.735,0.028
2026-10-09 15:03:00+00:00,4184.335,4186.59,4183.385,4184.525,0.043
2026-10-09 15:04:00+00:00,4184.545,4188.165,4184.545,4187.035,0.042
2026-10-09 15:05:00+00:00,4187.095,4187.305,4184.335,4185.125,0.038
2026-10-09 15:06:00+00:00,4185.065,4185.855,4183.235,4183.235,0.034
2026-10-09 15:07:00+00:00,4183.355,4183.995,4182.495,4182.995,0.032
2026-10-09 15:08:00+00:00,4182.915,4183.805,4182.145,4183.125,0.029
2026-10-09 15:09:00+00:00,4183.135,4184.185,4182.565,4183.935,0.027
2026-10-09 15:10:00+00:00,4183.945,4185.585,4183.385,4185.585,0.035
2026-10-09 15:11:00+00:00,4185.585,4187.065,4185.585,4185.595,0.028
2026-10-09 15:12:00+00:00,4185.485,4185.845,4183.905,4183.975,0.03
2026-10-09 15:13:00+00:00,4184.115,4185.355,4184.115,4185.185,0.029
2026-10-09 15:14:00+00:00,4185.125,4186.095,4184.795,4185.315,0.028
2026-10-09 15:15:00+00:00,4185.455,4186.105,4184.965,4185.965,0.024
2026-10-09 15:16:00+00:00,4185.955,4186.205,4184.805,4184.955,0.03
2026-10-09 15:17:00+00:00,4184.955,4188.405,4184.665,4188.355,0.027
2026-10-09 15:18:00+00:00,4188.355,4190.165,4188.355,4189.435,0.03
2026-10-09 15:19:00+00:00,4189.435,4189.435,4188.215,4188.465,0.032
2026-10-09 15:20:00+00:00,4188.575,4188.885,4187.735,4188.565,0.03
2026-10-09 15:21:00+00:00,4188.565,4189.255,4188.155,4189.095,0.025
2026-10-09 15:22:00+00:00,4189.095,4189.415,4188.525,4189.215,0.029
2026-10-09 15:23:00+00:00,4189.365,4191.655,4189.365,4191.615,0.028
2026-10-09 15:24:00+00:00,4191.635,4191.905,4190.845,4191.155,0.032
2026-10-09 15:25:00+00:00,4191.185,4191.575,4190.115,4190.135,0.029
2026-10-09 15:26:00+00:00,4190.135,4191.045,4189.945,4190.455,0.028
2026-10-09 15:27:00+00:00,4190.485,4191.255,4190.255,4191.075,0.031
2026-10-09 15:28:00+00:00,4191.185,4191.185,4189.525,4190.035,0.028
2026-10-09 15:29:00+00:00,4190.015,4190.015,4189.005,4189.165,0.029
2026-10-09 15:30:00+00:00,4189.145,4190.505,4188.315,4189.895,0.04
2026-10-09 15:31:00+00:00,4189.905,4190.705,4189.615,4190.205,0.026
2026-10-09 15:32:00+00:00,4190.165,4190.765,4189.975,4190.605,0.024
2026-10-09 15:33:00+00:00,4190.705,4191.485,4189.965,4190.735,0.024
2026-10-09 15:34:00+00:00,4190.735,4191.105,4190.105,4190.875,0.022
2026-10-09 15:35:00+00:00,4190.855,4191.995,4190.405,4191.125,0.039
2026-10-09 15:36:00+00:00,4191.035,4192.315,4190.305,4190.845,0.031
2026-10-09 15:37:00+00:00,4190.745,4190.775,4189.515,4189.675,0.028
2026-10-09 15:38:00+00:00,4189.675,4190.105,4189.575,4189.825,0.021
2026-10-09 15:39:00+00:00,4189.835,4190.655,4189.485,4190.455,0.018
2026-10-09 15:40:00+00:00,4190.455,4190.715,4188.755,4190.035,0.028
2026-10-09 15:41:00+00:00,4190.015,4190.545,4189.745,4190.545,0.023
2026-10-09 15:42:00+00:00,4190.515,4191.535,4190.335,4191.275,0.023
2026-10-09 15:43:00+00:00,4191.275,4192.005,4190.805,4190.975,0.024
2026-10-09 15:44:00+00:00,4190.975,4190.975,4190.305,4190.325,0.019
2026-10-09 15:45:00+00:00,4190.415,4190.575,4187.285,4187.315,0.028
2026-10-09 15:46:00+00:00,4187.325,4188.155,4186.595,4188.125,0.03
2026-10-09 15:47:00+00:00,4188.155,4189.745,4188.055,4189.495,0.023
2026-10-09 15:48:00+00:00,4189.495,4189.725,4188.925,4189.565,0.014
2026-10-09 15:49:00+00:00,4189.505,4190.655,4189.305,4190.655,0.018
2026-10-09 15:50:00+00:00,4190.695,4191.905,4190.695,4191.565,0.028
2026-10-09 15:51:00+00:00,4191.455,4191.875,4191.375,4191.615,0.018
2026-10-09 15:52:00+00:00,4191.525,4191.815,4191.075,4191.335,0.02
2026-10-09 15:53:00+00:00,4191.375,4191.485,4190.875,4191.095,0.017
2026-10-09 15:54:00+00:00,4191.115,4192.505,4191.115,4192.025,0.019
2026-10-09 15:55:00+00:00,4192.025,4192.845,4191.095,4191.095,0.025
2026-10-09 15:56:00+00:00,4191.035,4191.325,4190.265,4190.275,0.023
2026-10-09 15:57:00+00:00,4190.245,4190.245,4187.785,4188.595,0.027
2026-10-09 15:58:00+00:00,4188.595,4188.715,4187.855,4188.635,0.017
2026-10-09 15:59:00+00:00,4188.635,4189.185,4188.145,4188.875,0.021
2026-10-09 16:00:00+00:00,4188.785,4190.185,4188.035,4190.185,0.025
2026-10-09 16:01:00+00:00,4190.145,4192.765,4190.085,4192.325,0.028
2026-10-09 16:02:00+00:00,4192.345,4192.345,4191.245,4191.325,0.024
2026-10-09 16:03:00+00:00,4191.255,4192.715,4191.125,4192.555,0.025
2026-10-09 16:04:00+00:00,4192.605,4192.955,4191.995,4192.535,0.024
2026-10-09 16:05:00+00:00,4192.535,4193.175,4192.475,4192.825,0.019
2026-10-09 16:06:00+00:00,4192.835,4193.115,4191.275,4192.295,0.026
2026-10-09 16:07:00+00:00,4192.305,4193.975,4192.305,4193.035,0.024
2026-10-09 16:08:00+00:00,4193.035,4193.855,4193.035,4193.545,0.022
2026-10-09 16:09:00+00:00,4193.505,4194.065,4192.625,4192.905,0.02
2026-10-09 16:10:00+00:00,4192.935,4193.305,4192.425,4193.305,0.019
2026-10-09 16:11:00+00:00,4193.305,4193.305,4191.945,4192.125,0.016
2026-10-09 16:12:00+00:00,4192.195,4192.465,4191.885,4192.135,0.019
2026-10-09 16:13:00+00:00,4192.135,4192.745,4191.855,4192.555,0.019
2026-10-09 16:14:00+00:00,4192.675,4193.425,4192.495,4193.275,0.017
2026-10-09 16:15:00+00:00,4193.255,4193.295,4192.315,4192.615,0.014
2026-10-09 16:16:00+00:00,4192.715,4193.195,4192.585,4192.945,0.017
2026-10-09 16:17:00+00:00,4192.945,4193.575,4192.705,4192.955,0.019
2026-10-09 16:18:00+00:00,4192.955,4193.185,4191.655,4191.655,0.016
2026-10-09 16:19:00+00:00,4191.685,4191.875,4190.605,4190.985,0.021
2026-10-09 16:20:00+00:00,4190.985,4191.325,4190.035,4190.795,0.021
2026-10-09 16:21:00+00:00,4190.685,4190.685,4188.535,4189.345,0.025
2026-10-09 16:22:00+00:00,4189.345,4189.825,4189.245,4189.825,0.017
2026-10-09 16:23:00+00:00,4189.735,4189.825,4188.995,4189.425,0.016
2026-10-09 16:24:00+00:00,4189.425,4189.425,4188.935,4189.135,0.015
2026-10-09 16:25:00+00:00,4189.135,4189.365,4188.595,4188.985,0.021
2026-10-09 16:26:00+00:00,4188.965,4189.665,4188.755,4189.385,0.017
2026-10-09 16:27:00+00:00,4189.385,4190.385,4189.095,4189.325,0.019
2026-10-09 16:28:00+00:00,4189.285,4189.565,4189.135,4189.365,0.02
2026-10-09 16:29:00+00:00,4189.365,4189.645,4188.695,4188.695,0.019
2026-10-09 16:30:00+00:00,4188.695,4189.005,4187.545,4188.085,0.028
2026-10-09 16:31:00+00:00,4188.085,4188.085,4186.975,4187.345,0.024
2026-10-09 16:32:00+00:00,4187.345,4187.645,4186.685,4186.955,0.018
2026-10-09 16:33:00+00:00,4186.955,4187.375,4186.575,4186.735,0.016
2026-10-09 16:34:00+00:00,4186.735,4187.445,4185.465,4185.655,0.029
2026-10-09 16:35:00+00:00,4185.655,4187.025,4185.655,4185.935,0.024
2026-10-09 16:36:00+00:00,4185.955,4186.895,4185.635,4186.775,0.019
2026-10-09 16:37:00+00:00,4186.555,4187.775,4186.555,4187.635,0.016
2026-10-09 16:38:00+00:00,4187.615,4187.625,4187.055,4187.165,0.015
2026-10-09 16:39:00+00:00,4187.125,4188.005,4187.125,4188.005,0.012
2026-10-09 16:40:00+00:00,4188.005,4189.445,4187.995,4189.155,0.016
2026-10-09 16:41:00+00:00,4189.145,4189.745,4189.145,4189.405,0.019
2026-10-09 16:42:00+00:00,4189.405,4190.895,4189.405,4190.745,0.016
2026-10-09 16:43:00+00:00,4190.725,4191.115,4190.695,4191.115,0.013
2026-10-09 16:44:00+00:00,4191.095,4191.305,4190.655,4191.175,0.018
2026-10-09 16:45:00+00:00,4191.175,4192.955,4191.175,4192.885,0.019
2026-10-09 16:46:00+00:00,4192.885,4193.925,4191.695,4191.695,0.024
2026-10-09 16:47:00+00:00,4191.835,4192.285,4191.795,4192.165,0.016
2026-10-09 16:48:00+00:00,4192.165,4192.165,4191.535,4191.825,0.017
2026-10-09 16:49:00+00:00,4191.925,4192.135,4190.975,4191.625,0.014
2026-10-09 16:50:00+00:00,4191.605,4191.965,4191.515,4191.965,0.016
2026-10-09 16:51:00+00:00,4191.985,4192.245,4191.595,4191.595,0.015
2026-10-09 16:52:00+00:00,4191.705,4191.975,4191.435,4191.545,0.014
2026-10-09 16:53:00+00:00,4191.505,4191.835,4191.335,4191.695,0.011
2026-10-09 16:54:00+00:00,4191.655,4191.835,4191.045,4191.095,0.01
2026-10-09 16:55:00+00:00,4191.085,4191.745,4191.085,4191.695,0.016
2026-10-09 16:56:00+00:00,4191.715,4192.315,4191.715,4192.315,0.008
2026-10-09 16:57:00+00:00,4192.285,4192.545,4191.425,4191.675,0.012
2026-10-09 16:58:00+00:00,4191.675,4191.675,4191.105,4191.355,0.012
2026-10-09 16:59:00+00:00,4191.355,4192.195,4191.155,4191.265,0.012
2026-10-09 17:00:00+00:00,4191.235,4192.525,4191.205,4191.945,0.02
2026-10-09 17:01:00+00:00,4192.035,4192.315,4191.535,4191.675,0.015
2026-10-09 17:02:00+00:00,4191.675,4191.905,4191.315,4191.745,0.013
2026-10-09 17:03:00+00:00,4191.795,4192.855,4191.795,4192.325,0.018
2026-10-09 17:04:00+00:00,4192.325,4192.975,4192.215,4192.445,0.02
2026-10-09 17:05:00+00:00,4192.455,4192.525,4191.505,4191.505,0.016
2026-10-09 17:06:00+00:00,4191.475,4191.555,4190.105,4190.295,0.017
2026-10-09 17:07:00+00:00,4190.225,4190.865,4189.925,4190.825,0.017
2026-10-09 17:08:00+00:00,4190.835,4190.835,4188.975,4188.975,0.014
2026-10-09 17:09:00+00:00,4188.855,4188.875,4187.585,4188.875,0.021
2026-10-09 17:10:00+00:00,4188.875,4189.535,4188.655,4189.535,0.014
2026-10-09 17:11:00+00:00,4189.535,4190.475,4189.505,4190.475,0.016
2026-10-09 17:12:00+00:00,4190.465,4190.475,4189.985,4190.405,0.012
2026-10-09 17:13:00+00:00,4190.405,4191.455,4190.335,4191.455,0.017
2026-10-09 17:14:00+00:00,4191.615,4191.995,4191.445,4191.785,0.014
2026-10-09 17:15:00+00:00,4191.845,4193.745,4191.555,4193.745,0.022
2026-10-09 17:16:00+00:00,4193.745,4195.135,4193.555,4195.115,0.023
2026-10-09 17:17:00+00:00,4195.105,4195.105,4194.045,4194.705,0.02
2026-10-09 17:18:00+00:00,4194.705,4195.905,4194.695,4195.165,0.017
2026-10-09 17:19:00+00:00,4194.945,4195.035,4193.345,4193.365,0.019
2026-10-09 17:20:00+00:00,4193.395,4194.855,4192.815,4194.615,0.018
2026-10-09 17:21:00+00:00,4194.745,4194.955,4193.835,4194.715,0.018
2026-10-09 17:22:00+00:00,4194.705,4195.015,4193.995,4194.045,0.016
2026-10-09 17:23:00+00:00,4194.045,4194.305,4193.245,4193.255,0.02
2026-10-09 17:24:00+00:00,4193.145,4193.525,4192.635,4192.745,0.021
2026-10-09 17:25:00+00:00,4192.635,4192.995,4191.995,4192.045,0.022
2026-10-09 17:26:00+00:00,4192.015,4192.335,4191.255,4191.545,0.022
2026-10-09 17:27:00+00:00,4191.485,4192.845,4191.335,4192.475,0.019
2026-10-09 17:28:00+00:00,4192.355,4192.835,4191.355,4191.355,0.019
2026-10-09 17:29:00+00:00,4191.675,4192.435,4190.905,4191.395,0.039
2026-10-09 17:30:00+00:00,4191.485,4192.535,4191.245,4192.135,0.022
2026-10-09 17:31:00+00:00,4192.135,4192.505,4191.385,4191.535,0.02
2026-10-09 17:32:00+00:00,4191.535,4194.855,4191.425,4192.155,0.049
2026-10-09 17:33:00+00:00,4192.295,4192.455,4191.475,4192.265,0.028
2026-10-09 17:34:00+00:00,4192.195,4192.275,4191.275,4191.565,0.021
2026-10-09 17:35:00+00:00,4191.625,4193.875,4191.415,4193.725,0.021
2026-10-09 17:36:00+00:00,4193.665,4194.555,4193.555,4194.265,0.02
2026-10-09 17:37:00+00:00,4194.345,4194.475,4193.765,4194.165,0.013
2026-10-09 17:38:00+00:00,4194.305,4194.605,4193.835,4194.595,0.015
2026-10-09 17:39:00+00:00,4194.605,4194.605,4193.015,4193.715,0.014
2026-10-09 17:40:00+00:00,4193.455,4194.055,4193.455,4193.835,0.014
2026-10-09 17:41:00+00:00,4193.835,4194.035,4193.635,4193.795,0.01
2026-10-09 17:42:00+00:00,4193.795,4194.245,4193.705,4194.005,0.014
2026-10-09 17:43:00+00:00,4194.135,4194.625,4193.375,4193.495,0.014
2026-10-09 17:44:00+00:00,4193.495,4193.965,4193.155,4193.195,0.011
2026-10-09 17:45:00+00:00,4193.195,4194.095,4193.005,4194.025,0.018
2026-10-09 17:46:00+00:00,4193.945,4195.415,4193.555,4194.315,0.022
2026-10-09 17:47:00+00:00,4194.335,4195.265,4194.285,4194.635,0.016
2026-10-09 17:48:00+00:00,4194.705,4194.865,4194.215,4194.345,0.016
2026-10-09 17:49:00+00:00,4194.305,4194.665,4194.155,4194.525,0.011
2026-10-09 17:50:00+00:00,4194.515,4194.885,4194.125,4194.825,0.02
2026-10-09 17:51:00+00:00,4194.825,4197.135,4194.825,4196.595,0.014
2026-10-09 17:52:00+00:00,4196.565,4197.925,4196.365,4197.525,0.021
2026-10-09 17:53:00+00:00,4197.425,4197.815,4196.625,4196.665,0.016
2026-10-09 17:54:00+00:00,4196.705,4197.345,4196.425,4197.345,0.014
2026-10-09 17:55:00+00:00,4197.345,4197.865,4196.845,4197.115,0.019
2026-10-09 17:56:00+00:00,4197.205,4197.235,4196.665,4196.855,0.011
2026-10-09 17:57:00+00:00,4196.885,4196.915,4195.895,4195.975,0.013
2026-10-09 17:58:00+00:00,4195.835,4196.035,4195.445,4195.545,0.009
2026-10-09 17:59:00+00:00,4195.545,4195.945,4195.285,4195.615,0.009
2026-10-09 18:00:00+00:00,4195.735,4197.475,4195.665,4197.165,0.02
2026-10-09 18:01:00+00:00,4197.225,4197.905,4196.855,4197.405,0.015
2026-10-09 18:02:00+00:00,4197.425,4197.445,4196.855,4196.995,0.012
2026-10-09 18:03:00+00:00,4196.995,4197.525,4196.625,4196.725,0.013
2026-10-09 18:04:00+00:00,4196.715,4197.085,4195.885,4196.025,0.014
2026-10-09 18:05:00+00:00,4196.085,4197.815,4196.085,4197.705,0.017
2026-10-09 18:06:00+00:00,4197.705,4198.515,4197.165,4197.715,0.019
2026-10-09 18:07:00+00:00,4197.685,4197.955,4197.015,4197.665,0.015
2026-10-09 18:08:00+00:00,4197.655,4198.345,4197.575,4197.875,0.013
2026-10-09 18:09:00+00:00,4197.875,4199.575,4197.765,4199.435,0.017
2026-10-09 18:10:00+00:00,4199.325,4200.805,4199.325,4200.035,0.027
2026-10-09 18:11:00+00:00,4200.135,4200.185,4198.335,4198.355,0.021
2026-10-09 18:12:00+00:00,4198.345,4198.765,4198.075,4198.555,0.016
2026-10-09 18:13:00+00:00,4198.555,4198.825,4198.065,4198.225,0.013
2026-10-09 18:14:00+00:00,4198.225,4198.515,4198.125,4198.385,0.011
2026-10-09 18:15:00+00:00,4198.245,4198.245,4197.005,4197.005,0.013
2026-10-09 18:16:00+00:00,4197.135,4197.185,4196.205,4196.995,0.014
2026-10-09 18:17:00+00:00,4197.115,4197.215,4196.725,4196.745,0.012
2026-10-09 18:18:00+00:00,4196.745,4196.745,4196.105,4196.655,0.013
2026-10-09 18:19:00+00:00,4196.715,4197.365,4196.665,4196.935,0.013
2026-10-09 18:20:00+00:00,4196.925,4197.415,4196.645,4197.385,0.014
2026-10-09 18:21:00+00:00,4197.265,4197.605,4196.735,4196.925,0.015
2026-10-09 18:22:00+00:00,4196.925,4197.475,4196.665,4197.155,0.017
2026-10-09 18:23:00+00:00,4197.165,4197.215,4196.365,4196.495,0.015
2026-10-09 18:24:00+00:00,4196.505,4197.215,4196.415,4196.495,0.018
2026-10-09 18:25:00+00:00,4196.455,4196.755,4196.235,4196.415,0.017
2026-10-09 18:26:00+00:00,4196.415,4196.885,4196.205,4196.235,0.014
2026-10-09 18:27:00+00:00,4196.195,4196.425,4195.825,4196.215,0.016
2026-10-09 18:28:00+00:00,4196.175,4196.715,4195.835,4196.175,0.02
2026-10-09 18:29:00+00:00,4196.125,4196.185,4195.735,4196.115,0.012
2026-10-09 18:30:00+00:00,4196.025,4196.595,4195.365,4195.365,0.016
2026-10-09 18:31:00+00:00,4195.315,4195.385,4193.505,4193.615,0.015
2026-10-09 18:32:00+00:00,4193.675,4193.825,4193.175,4193.365,0.016
2026-10-09 18:33:00+00:00,4193.365,4193.485,4192.785,4193.245,0.01
2026-10-09 18:34:00+00:00,4193.245,4193.445,4193.135,4193.265,0.012
2026-10-09 18:35:00+00:00,4193.245,4193.275,4193.015,4193.165,0.01
2026-10-09 18:36:00+00:00,4193.155,4193.935,4193.115,4193.535,0.013
2026-10-09 18:37:00+00:00,4193.525,4194.195,4193.345,4194.145,0.011
2026-10-09 18:38:00+00:00,4193.985,4194.185,4193.685,4193.855,0.009
2026-10-09 18:39:00+00:00,4193.675,4194.645,4193.565,4194.645,0.012
2026-10-09 18:40:00+00:00,4194.645,4195.695,4194.645,4194.985,0.011
2026-10-09 18:41:00+00:00,4194.875,4196.065,4194.845,4196.065,0.014
2026-10-09 18:42:00+00:00,4196.065,4197.085,4196.065,4196.955,0.013
2026-10-09 18:43:00+00:00,4196.855,4197.695,4196.855,4197.675,0.009
2026-10-09 18:44:00+00:00,4197.605,4197.765,4196.925,4197.155,0.013
2026-10-09 18:45:00+00:00,4197.175,4197.185,4195.545,4195.595,0.014
2026-10-09 18:46:00+00:00,4195.585,4200.385,4195.105,4198.855,0.038
2026-10-09 18:47:00+00:00,4198.805,4201.495,4198.245,4198.395,0.049
2026-10-09 18:48:00+00:00,4198.395,4198.395,4195.635,4196.015,0.044
2026-10-09 18:49:00+00:00,4196.025,4200.515,4195.015,4200.325,0.035
2026-10-09 18:50:00+00:00,4200.165,4202.355,4199.265,4201.975,0.045
2026-10-09 18:51:00+00:00,4202.395,4202.505,4198.885,4199.175,0.044
2026-10-09 18:52:00+00:00,4199.175,4199.405,4198.475,4198.735,0.027
2026-10-09 18:53:00+00:00,4198.735,4198.935,4197.685,4198.575,0.03
2026-10-09 18:54:00+00:00,4198.575,4198.745,4197.315,4198.345,0.027
2026-10-09 18:55:00+00:00,4198.395,4198.495,4196.285,4196.495,0.023
2026-10-09 18:56:00+00:00,4196.505,4196.755,4195.945,4196.565,0.021
2026-10-09 18:57:00+00:00,4196.615,4196.615,4195.995,4196.205,0.018
2026-10-09 18:58:00+00:00,4196.215,4196.215,4194.965,4195.645,0.019
2026-10-09 18:59:00+00:00,4195.465,4199.475,4195.305,4199.035,0.029
2026-10-09 19:00:00+00:00,4199.045,4201.005,4198.565,4199.435,0.037
2026-10-09 19:01:00+00:00,4199.435,4199.655,4198.655,4199.285,0.024
2026-10-09 19:02:00+00:00,4199.285,4200.235,4199.235,4200.065,0.023
2026-10-09 19:03:00+00:00,4200.125,4201.405,4200.125,4200.635,0.02
2026-10-09 19:04:00+00:00,4200.645,4201.345,4200.415,4200.595,0.022
2026-10-09 19:05:00+00:00,4200.575,4200.715,4199.955,4200.065,0.014
2026-10-09 19:06:00+00:00,4200.285,4200.285,4199.285,4199.575,0.016
2026-10-09 19:07:00+00:00,4199.555,4199.705,4199.075,4199.435,0.011
2026-10-09 19:08:00+00:00,4199.535,4199.685,4198.365,4198.665,0.015
2026-10-09 19:09:00+00:00,4198.675,4199.435,4198.545,4199.435,0.012
2026-10-09 19:10:00+00:00,4199.445,4200.325,4199.175,4200.035,0.01
2026-10-09 19:11:00+00:00,4200.035,4200.145,4199.595,4199.625,0.013
2026-10-09 19:12:00+00:00,4199.615,4199.695,4198.895,4199.395,0.012
2026-10-09 19:13:00+00:00,4199.375,4199.485,4198.205,4198.395,0.014
2026-10-09 19:14:00+00:00,4198.415,4198.735,4197.665,4197.755,0.02
2026-10-09 19:15:00+00:00,4197.565,4197.805,4197.065,4197.755,0.013
2026-10-09 19:16:00+00:00,4197.755,4198.535,4197.285,4198.415,0.018
2026-10-09 19:17:00+00:00,4198.375,4198.385,4197.565,4197.815,0.012
2026-10-09 19:18:00+00:00,4197.785,4199.095,4197.785,4198.725,0.012
2026-10-09 19:19:00+00:00,4198.605,4198.815,4198.465,4198.545,0.01
2026-10-09 19:20:00+00:00,4198.545,4198.545,4196.405,4196.455,0.015
2026-10-09 19:21:00+00:00,4196.275,4196.295,4194.535,4194.535,0.02
2026-10-09 19:22:00+00:00,4194.565,4195.255,4194.475,4195.245,0.018
2026-10-09 19:23:00+00:00,4195.205,4195.655,4195.175,4195.475,0.015
2026-10-09 19:24:00+00:00,4195.485,4196.005,4195.255,4195.255,0.01
2026-10-09 19:25:00+00:00,4195.255,4195.685,4194.935,4195.545,0.015
2026-10-09 19:26:00+00:00,4195.635,4195.645,4194.895,4195.245,0.018
2026-10-09 19:27:00+00:00,4195.135,4195.215,4194.335,4194.925,0.02
2026-10-09 19:28:00+00:00,4194.885,4194.965,4194.455,4194.585,0.015
2026-10-09 19:29:00+00:00,4194.465,4195.085,4194.345,4194.935,0.01
2026-10-09 19:30:00+00:00,4194.925,4195.615,4194.695,4195.165,0.015
2026-10-09 19:31:00+00:00,4195.105,4195.255,4194.735,4195.045,0.014
2026-10-09 19:32:00+00:00,4195.095,4195.405,4194.295,4194.555,0.021
2026-10-09 19:33:00+00:00,4194.555,4195.155,4194.195,4195.155,0.013
2026-10-09 19:34:00+00:00,4195.155,4196.115,4194.985,4196.065,0.013
2026-10-09 19:35:00+00:00,4196.065,4196.455,4195.355,4195.555,0.016
2026-10-09 19:36:00+00:00,4195.305,4195.735,4195.075,4195.195,0.016
2026-10-09 19:37:00+00:00,4195.315,4196.385,4194.445,4195.975,0.019
2026-10-09 19:38:00+00:00,4195.975,4197.225,4195.865,4197.085,0.015
2026-10-09 19:39:00+00:00,4197.235,4197.495,4196.985,4197.225,0.016
2026-10-09 19:40:00+00:00,4197.305,4197.305,4196.205,4196.315,0.019
2026-10-09 19:41:00+00:00,4196.315,4197.435,4195.965,4197.205,0.018
2026-10-09 19:42:00+00:00,4197.215,4197.485,4197.025,4197.335,0.018
2026-10-09 19:43:00+00:00,4197.335,4197.755,4196.855,4197.455,0.017
2026-10-09 19:44:00+00:00,4197.355,4197.395,4196.445,4196.445,0.012
2026-10-09 19:45:00+00:00,4196.535,4196.975,4196.035,4196.875,0.019
2026-10-09 19:46:00+00:00,4196.795,4196.795,4195.505,4196.415,0.017
2026-10-09 19:47:00+00:00,4196.415,4196.695,4195.645,4196.055,0.013
2026-10-09 19:48:00+00:00,4196.045,4196.555,4195.845,4196.215,0.018
2026-10-09 19:49:00+00:00,4196.215,4196.855,4196.215,4196.735,0.014
2026-10-09 19:50:00+00:00,4196.805,4196.855,4195.335,4195.715,0.021
2026-10-09 19:51:00+00:00,4195.715,4195.825,4193.225,4193.455,0.022
2026-10-09 19:52:00+00:00,4193.455,4194.085,4193.105,4193.675,0.021
2026-10-09 19:53:00+00:00,4193.645,4195.035,4193.495,4194.865,0.018
2026-10-09 19:54:00+00:00,4194.695,4196.725,4194.695,4196.635,0.021
2026-10-09 19:55:00+00:00,4196.725,4196.815,4195.805,4196.365,0.024
2026-10-09 19:56:00+00:00,4196.365,4196.365,4195.175,4196.005,0.027
2026-10-09 19:57:00+00:00,4196.005,4196.175,4195.325,4195.535,0.017
2026-10-09 19:58:00+00:00,4195.565,4195.905,4195.205,4195.905,0.013
2026-10-09 19:59:00+00:00,4196.015,4196.055,4195.415,4195.735,0.034
2026-10-09 20:00:00+00:00,4195.725,4195.855,4195.055,4195.215,0.021
2026-10-09 20:01:00+00:00,4195.175,4195.265,4194.505,4195.025,0.011
2026-10-09 20:02:00+00:00,4195.045,4196.125,4195.045,4195.695,0.012
2026-10-09 20:03:00+00:00,4195.825,4195.885,4195.215,4195.325,0.006
2026-10-09 20:04:00+00:00,4195.325,4195.395,4194.755,4194.755,0.007
2026-10-09 20:05:00+00:00,4194.705,4194.735,4194.275,4194.725,0.009
2026-10-09 20:06:00+00:00,4194.755,4195.475,4194.645,4195.465,0.01
2026-10-09 20:07:00+00:00,4195.435,4195.465,4194.655,4195.225,0.009
2026-10-09 20:08:00+00:00,4195.225,4195.565,4195.005,4195.115,0.005
2026-10-09 20:09:00+00:00,4194.985,4195.215,4194.625,4195.135,0.01
2026-10-09 20:10:00+00:00,4195.125,4195.135,4194.705,4194.705,0.006
2026-10-09 20:11:00+00:00,4194.705,4195.685,4194.695,4195.055,0.012
2026-10-09 20:12:00+00:00,4195.055,4195.995,4195.055,4195.435,0.01
2026-10-09 20:13:00+00:00,4195.435,4195.565,4195.305,4195.455,0.005
2026-10-09 20:14:00+00:00,4195.495,4195.605,4195.365,4195.555,0.004
2026-10-09 20:15:00+00:00,4195.525,4195.975,4195.515,4195.955,0.005
2026-10-09 20:16:00+00:00,4195.955,4195.965,4195.185,4195.345,0.007
2026-10-09 20:17:00+00:00,4195.335,4195.855,4195.225,4195.755,0.008
2026-10-09 20:18:00+00:00,4195.785,4196.255,4195.785,4196.065,0.004
2026-10-09 20:19:00+00:00,4196.095,4196.565,4195.365,4196.565,0.004
2026-10-09 20:20:00+00:00,4196.655,4196.825,4196.335,4196.605,0.006
2026-10-09 20:21:00+00:00,4196.655,4197.335,4196.485,4197.055,0.007
2026-10-09 20:22:00+00:00,4197.115,4197.665,4196.895,4197.055,0.008
2026-10-09 20:23:00+00:00,4197.145,4197.275,4196.235,4196.445,0.006
2026-10-09 20:24:00+00:00,4196.445,4196.465,4196.115,4196.325,0.005
2026-10-09 20:25:00+00:00,4196.315,4196.685,4196.055,4196.165,0.005
2026-10-09 20:26:00+00:00,4196.115,4196.355,4196.095,4196.285,0.003
2026-10-09 20:27:00+00:00,4196.325,4196.925,4196.215,4196.535,0.005
2026-10-09 20:28:00+00:00,4196.505,4196.705,4196.365,4196.665,0.005
2026-10-09 20:29:00+00:00,4196.675,4196.945,4196.355,4196.775,0.005
2026-10-09 20:30:00+00:00,4196.785,4196.785,4196.205,4196.425,0.006
2026-10-09 20:31:00+00:00,4196.445,4196.505,4196.035,4196.035,0.003
2026-10-09 20:32:00+00:00,4196.155,4196.525,4196.045,4196.125,0.004
2026-10-09 20:33:00+00:00,4196.145,4196.275,4196.115,4196.265,0.003
2026-10-09 20:34:00+00:00,4196.305,4196.445,4196.215,4196.425,0.003
2026-10-09 20:35:00+00:00,4196.415,4196.425,4196.225,4196.415,0.003
2026-10-09 20:36:00+00:00,4196.455,4196.455,4195.515,4195.625,0.004
2026-10-09 20:37:00+00:00,4195.515,4195.515,4195.105,4195.425,0.005
2026-10-09 20:38:00+00:00,4195.455,4196.095,4195.425,4195.775,0.004
2026-10-09 20:39:00+00:00,4195.735,4196.115,4195.655,4196.115,0.003
2026-10-09 20:40:00+00:00,4196.105,4196.215,4195.905,4196.205,0.005
2026-10-09 20:41:00+00:00,4196.225,4196.525,4196.135,4196.165,0.004
2026-10-09 20:42:00+00:00,4196.145,4196.205,4195.885,4195.915,0.004
2026-10-09 20:43:00+00:00,4196.005,4196.055,4195.775,4195.895,0.003
2026-10-09 20:44:00+00:00,4195.905,4196.005,4195.795,4195.915,0.002
2026-10-09 20:45:00+00:00,4195.895,4196.095,4195.505,4195.845,0.006
2026-10-09 20:46:00+00:00,4196.205,4196.415,4195.865,4196.415,0.003
2026-10-09 20:47:00+00:00,4196.375,4197.005,4195.945,4196.455,0.004
2026-10-09 20:48:00+00:00,4196.415,4196.565,4196.385,4196.385,0.003
2026-10-09 20:49:00+00:00,4196.465,4197.835,4195.735,4196.025,0.005
2026-10-09 20:50:00+00:00,4196.115,4196.415,4195.625,4195.625,0.008
2026-10-09 20:51:00+00:00,4195.785,4195.825,4195.165,4195.205,0.004
2026-10-09 20:52:00+00:00,4195.295,4195.865,4195.295,4195.565,0.003
2026-10-09 20:53:00+00:00,4195.565,4195.585,4194.975,4195.375,0.004
2026-10-09 20:54:00+00:00,4195.325,4195.555,4194.605,4195.185,0.006
2026-10-09 20:55:00+00:00,4195.205,4196.305,4195.205,4195.825,0.009
2026-10-09 20:56:00+00:00,4195.765,4195.965,4195.505,4195.745,0.007
